[12Jul2025 20:10:21.956] [main/INFO] [cpw.mods.modlauncher.Launcher/MODLAUNCHER]: ModLauncher running: args [--launchTarget, forgeserver, --fml.forgeVersion, 47.3.7, --fml.mcVersion, 1.20.1, --fml.forgeGroup, net.minecraftforge, --fml.mcpVersion, 20230612.114412, nogui]
[12Jul2025 20:10:21.961] [main/INFO] [cpw.mods.modlauncher.Launcher/MODLAUNCHER]: ModLauncher 10.0.9+10.0.9+main.dcd20f30 starting: java version 17.0.15 by Ubuntu; OS Linux arch amd64 version 6.8.0-1027-azure
[12Jul2025 20:10:21.984] [main/DEBUG] [cpw.mods.modlauncher.LaunchServiceHandler/MODLAUNCHER]: Found launch services [fmlclientdev,forgeclient,minecraft,forgegametestserverdev,fmlserveruserdev,fmlclient,fmldatauserdev,forgeserverdev,forgeserveruserdev,forgeclientdev,forgeclientuserdev,forgeserver,forgedatadev,fmlserver,fmlclientuserdev,fmlserverdev,forgedatauserdev,testharness,forgegametestserveruserdev]
[12Jul2025 20:10:21.995] [main/DEBUG] [cpw.mods.modlauncher.NameMappingServiceHandler/MODLAUNCHER]: Found naming services : [srgtomcp]
[12Jul2025 20:10:22.010] [main/DEBUG] [cpw.mods.modlauncher.LaunchPluginHandler/MODLAUNCHER]: Found launch plugins: [mixin,eventbus,slf4jfixer,object_holder_definalize,runtime_enum_extender,capability_token_subclass,accesstransformer,runtimedistcleaner]
[12Jul2025 20:10:22.020] [main/DEBUG] [cpw.mods.modlauncher.TransformationServicesHandler/MODLAUNCHER]: Discovering transformation services
[12Jul2025 20:10:22.024] [main/DEBUG] [net.minecraftforge.fml.loading.FMLPaths/CORE]: Path GAMEDIR is /workspaces/YNDPTM/servidor_minecraft
[12Jul2025 20:10:22.024] [main/DEBUG] [net.minecraftforge.fml.loading.FMLPaths/CORE]: Path MODSDIR is /workspaces/YNDPTM/servidor_minecraft/mods
[12Jul2025 20:10:22.024] [main/DEBUG] [net.minecraftforge.fml.loading.FMLPaths/CORE]: Path CONFIGDIR is /workspaces/YNDPTM/servidor_minecraft/config
[12Jul2025 20:10:22.024] [main/DEBUG] [net.minecraftforge.fml.loading.FMLPaths/CORE]: Path FMLCONFIG is /workspaces/YNDPTM/servidor_minecraft/config/fml.toml
[12Jul2025 20:10:22.485] [main/DEBUG] [cpw.mods.modlauncher.TransformationServicesHandler/MODLAUNCHER]: Found additional transformation services from discovery services: [/workspaces/YNDPTM/servidor_minecraft/mods/Connector-1.0.0-beta.46+1.20.1 - copia.jar][/workspaces/YNDPTM/servidor_minecraft/mods/Connector-1.0.0-beta.46+1.20.1 - copia.jar][/workspaces/YNDPTM/servidor_minecraft/mods/Connector-1.0.0-beta.46+1.20.1 - copia.jar]
[12Jul2025 20:10:22.517] [main/INFO] [net.minecraftforge.fml.loading.ImmediateWindowHandler/]: ImmediateWindowProvider not loading because launch target is forgeserver
[12Jul2025 20:10:22.527] [main/INFO] [mixin-transmog/]: Mixin Transmogrifier is definitely up to no good...
[12Jul2025 20:10:22.566] [main/DEBUG] [mixin-transmog/]: Replaced the mixin launch plugin
[12Jul2025 20:10:22.566] [main/INFO] [mixin-transmog/]: crimes against java were committed
[12Jul2025 20:10:22.569] [main/DEBUG] [cpw.mods.modlauncher.TransformationServicesHandler/MODLAUNCHER]: Found transformer services : [mixin,fml,mixin-transmogrifier,connector_loader]
[12Jul2025 20:10:22.570] [main/DEBUG] [cpw.mods.modlauncher.TransformationServicesHandler/MODLAUNCHER]: Transformation services loading
[12Jul2025 20:10:22.570] [main/DEBUG] [cpw.mods.modlauncher.TransformationServiceDecorator/MODLAUNCHER]: Loading service mixin
[12Jul2025 20:10:22.570] [main/DEBUG] [cpw.mods.modlauncher.TransformationServiceDecorator/MODLAUNCHER]: Loaded service mixin
[12Jul2025 20:10:22.571] [main/DEBUG] [cpw.mods.modlauncher.TransformationServiceDecorator/MODLAUNCHER]: Loading service fml
[12Jul2025 20:10:22.571] [main/DEBUG] [net.minecraftforge.fml.loading.LauncherVersion/CORE]: Found FMLLauncher version 1.0
[12Jul2025 20:10:22.572] [main/DEBUG] [net.minecraftforge.fml.loading.FMLLoader/CORE]: FML 1.0 loading
[12Jul2025 20:10:22.572] [main/DEBUG] [net.minecraftforge.fml.loading.FMLLoader/CORE]: FML found ModLauncher version : 10.0.9+10.0.9+main.dcd20f30
[12Jul2025 20:10:22.572] [main/DEBUG] [net.minecraftforge.fml.loading.FMLLoader/CORE]: FML found AccessTransformer version : 8.0.4+66+master.c09db6d7
[12Jul2025 20:10:22.572] [main/DEBUG] [net.minecraftforge.fml.loading.FMLLoader/CORE]: FML found EventBus version : 6.0.5+6.0.5+master.eb8e549b
[12Jul2025 20:10:22.573] [main/DEBUG] [net.minecraftforge.fml.loading.FMLLoader/CORE]: Found Runtime Dist Cleaner
[12Jul2025 20:10:22.574] [main/DEBUG] [net.minecraftforge.fml.loading.FMLLoader/CORE]: FML found CoreMod version : 5.1.6
[12Jul2025 20:10:22.575] [main/DEBUG] [net.minecraftforge.fml.loading.FMLLoader/CORE]: Found ForgeSPI package implementation version 7.0.1+7.0.1+master.d2b38bf6
[12Jul2025 20:10:22.575] [main/DEBUG] [net.minecraftforge.fml.loading.FMLLoader/CORE]: Found ForgeSPI package specification 5
[12Jul2025 20:10:22.575] [main/DEBUG] [cpw.mods.modlauncher.TransformationServiceDecorator/MODLAUNCHER]: Loaded service fml
[12Jul2025 20:10:22.575] [main/DEBUG] [cpw.mods.modlauncher.TransformationServiceDecorator/MODLAUNCHER]: Loading service mixin-transmogrifier
[12Jul2025 20:10:22.575] [main/DEBUG] [mixin-transmog/]: onLoad called
[12Jul2025 20:10:22.575] [main/DEBUG] [mixin-transmog/]: mixin, fml, mixin-transmogrifier, connector_loader
[12Jul2025 20:10:22.576] [main/DEBUG] [cpw.mods.modlauncher.TransformationServiceDecorator/MODLAUNCHER]: Loading service mixin
[12Jul2025 20:10:22.576] [main/DEBUG] [cpw.mods.modlauncher.TransformationServiceDecorator/MODLAUNCHER]: Loaded service mixin
[12Jul2025 20:10:22.576] [main/DEBUG] [cpw.mods.modlauncher.TransformationServiceDecorator/MODLAUNCHER]: Loaded service mixin-transmogrifier
[12Jul2025 20:10:22.576] [main/DEBUG] [cpw.mods.modlauncher.TransformationServiceDecorator/MODLAUNCHER]: Loading service connector_loader
[12Jul2025 20:10:22.578] [main/DEBUG] [cpw.mods.modlauncher.TransformationServiceDecorator/MODLAUNCHER]: Loaded service connector_loader
[12Jul2025 20:10:22.578] [main/DEBUG] [cpw.mods.modlauncher.TransformationServicesHandler/MODLAUNCHER]: Configuring option handling for services
[12Jul2025 20:10:22.585] [main/DEBUG] [cpw.mods.modlauncher.TransformationServicesHandler/MODLAUNCHER]: Transformation services initializing
[12Jul2025 20:10:22.586] [main/DEBUG] [cpw.mods.modlauncher.TransformationServiceDecorator/MODLAUNCHER]: Initializing transformation service mixin
[12Jul2025 20:10:22.586] [main/INFO] [mixin-transmog/]: Original mixin transformation service successfully crobbed by mixin-transmogrifier!
[12Jul2025 20:10:22.586] [main/DEBUG] [cpw.mods.modlauncher.TransformationServiceDecorator/MODLAUNCHER]: Initialized transformation service mixin
[12Jul2025 20:10:22.586] [main/DEBUG] [cpw.mods.modlauncher.TransformationServiceDecorator/MODLAUNCHER]: Initializing transformation service fml
[12Jul2025 20:10:22.586] [main/DEBUG] [net.minecraftforge.fml.loading.FMLServiceProvider/CORE]: Setting up basic FML game directories
[12Jul2025 20:10:22.587] [main/DEBUG] [net.minecraftforge.fml.loading.FMLPaths/CORE]: Path GAMEDIR is /workspaces/YNDPTM/servidor_minecraft
[12Jul2025 20:10:22.587] [main/DEBUG] [net.minecraftforge.fml.loading.FMLPaths/CORE]: Path MODSDIR is /workspaces/YNDPTM/servidor_minecraft/mods
[12Jul2025 20:10:22.587] [main/DEBUG] [net.minecraftforge.fml.loading.FMLPaths/CORE]: Path CONFIGDIR is /workspaces/YNDPTM/servidor_minecraft/config
[12Jul2025 20:10:22.587] [main/DEBUG] [net.minecraftforge.fml.loading.FMLPaths/CORE]: Path FMLCONFIG is /workspaces/YNDPTM/servidor_minecraft/config/fml.toml
[12Jul2025 20:10:22.588] [main/DEBUG] [net.minecraftforge.fml.loading.FMLServiceProvider/CORE]: Loading configuration
[12Jul2025 20:10:22.590] [main/DEBUG] [net.minecraftforge.fml.loading.FMLServiceProvider/CORE]: Preparing ModFile
[12Jul2025 20:10:22.592] [main/DEBUG] [net.minecraftforge.fml.loading.FMLServiceProvider/CORE]: Preparing launch handler
[12Jul2025 20:10:22.592] [main/DEBUG] [net.minecraftforge.fml.loading.FMLLoader/CORE]: Using forgeserver as launch service
[12Jul2025 20:10:22.605] [main/DEBUG] [net.minecraftforge.fml.loading.FMLLoader/CORE]: Received command line version data  : VersionInfo[forgeVersion=47.3.7, mcVersion=1.20.1, mcpVersion=20230612.114412, forgeGroup=net.minecraftforge]
[12Jul2025 20:10:22.606] [main/DEBUG] [cpw.mods.modlauncher.TransformationServiceDecorator/MODLAUNCHER]: Initialized transformation service fml
[12Jul2025 20:10:22.607] [main/DEBUG] [cpw.mods.modlauncher.TransformationServiceDecorator/MODLAUNCHER]: Initializing transformation service mixin-transmogrifier
[12Jul2025 20:10:22.607] [main/DEBUG] [mixin-transmog/]: initialize called
[12Jul2025 20:10:22.615] [main/DEBUG] [mixin/]: MixinService [ModLauncher] was successfully booted in cpw.mods.cl.ModuleClassLoader@1e7c7811
[12Jul2025 20:10:22.623] [main/INFO] [mixin/]: SpongePowered MIXIN Subsystem Version=0.8.5 Source=union:/workspaces/YNDPTM/servidor_minecraft/mods/Connector-1.0.0-beta.46+1.20.1%20-%20copia.jar%23130%23133!/ Service=ModLauncher Env=SERVER
[12Jul2025 20:10:22.625] [main/DEBUG] [mixin/]: Initialising Mixin Platform Manager
[12Jul2025 20:10:22.625] [main/DEBUG] [mixin/]: Adding mixin platform agents for container ModLauncher Root Container(ModLauncher:4f56a0a2)
[12Jul2025 20:10:22.626] [main/DEBUG] [mixin/]: Instancing new MixinPlatformAgentMinecraftForge for ModLauncher Root Container(ModLauncher:4f56a0a2)
[12Jul2025 20:10:22.626] [main/DEBUG] [mixin/]: MixinPlatformAgentMinecraftForge rejected container ModLauncher Root Container(ModLauncher:4f56a0a2)
[12Jul2025 20:10:22.627] [main/DEBUG] [mixin/]: Instancing new MixinPlatformAgentDefault for ModLauncher Root Container(ModLauncher:4f56a0a2)
[12Jul2025 20:10:22.627] [main/DEBUG] [mixin/]: MixinPlatformAgentDefault accepted container ModLauncher Root Container(ModLauncher:4f56a0a2)
[12Jul2025 20:10:22.628] [main/DEBUG] [cpw.mods.modlauncher.TransformationServiceDecorator/MODLAUNCHER]: Initialized transformation service mixin-transmogrifier
[12Jul2025 20:10:22.628] [main/DEBUG] [cpw.mods.modlauncher.TransformationServiceDecorator/MODLAUNCHER]: Initializing transformation service connector_loader
[12Jul2025 20:10:22.631] [main/DEBUG] [cpw.mods.modlauncher.TransformationServiceDecorator/MODLAUNCHER]: Initialized transformation service connector_loader
[12Jul2025 20:10:22.631] [main/DEBUG] [cpw.mods.modlauncher.NameMappingServiceHandler/MODLAUNCHER]: Current naming domain is 'srg'
[12Jul2025 20:10:22.631] [main/DEBUG] [cpw.mods.modlauncher.NameMappingServiceHandler/MODLAUNCHER]: Identified name mapping providers {}
[12Jul2025 20:10:22.632] [main/DEBUG] [cpw.mods.modlauncher.TransformationServicesHandler/MODLAUNCHER]: Transformation services begin scanning
[12Jul2025 20:10:22.632] [main/DEBUG] [cpw.mods.modlauncher.TransformationServiceDecorator/MODLAUNCHER]: Beginning scan trigger - transformation service mixin
[12Jul2025 20:10:22.633] [main/DEBUG] [cpw.mods.modlauncher.TransformationServiceDecorator/MODLAUNCHER]: End scan trigger - transformation service mixin
[12Jul2025 20:10:22.633] [main/DEBUG] [cpw.mods.modlauncher.TransformationServiceDecorator/MODLAUNCHER]: Beginning scan trigger - transformation service fml
[12Jul2025 20:10:22.633] [main/DEBUG] [net.minecraftforge.fml.loading.FMLServiceProvider/CORE]: Initiating mod scan
[12Jul2025 20:10:22.642] [main/DEBUG] [net.minecraftforge.fml.loading.moddiscovery.ModListHandler/CORE]: Found mod coordinates from lists: []
[12Jul2025 20:10:22.650] [main/DEBUG] [net.minecraftforge.fml.loading.moddiscovery.ModDiscoverer/CORE]: Found Mod Locators : (connector_early_locator:1.0.0-beta.46+1.20.1),(mods folder:null),(maven libs:null),(exploded directory:null),(minecraft:null),(userdev classpath:null)
[12Jul2025 20:10:22.651] [main/DEBUG] [net.minecraftforge.fml.loading.moddiscovery.ModDiscoverer/CORE]: Found Dependency Locators : (connector_locator:1.0.0-beta.46+1.20.1),(JarInJar:null)
[12Jul2025 20:10:22.673] [main/DEBUG] [net.minecraftforge.fml.loading.moddiscovery.ModFileParser/LOADING]: Considering mod file candidate 
[12Jul2025 20:10:22.714] [main/DEBUG] [net.minecraftforge.fml.loading.moddiscovery.ModFileInfo/LOADING]: Found valid mod file Connector-1.0.0-beta.46+1.20.1-mod.jar with {connectormod} mods - versions {1.0.0-beta.46+1.20.1}
[12Jul2025 20:10:22.719] [main/DEBUG] [net.minecraftforge.fml.loading.moddiscovery.ModFileParser/LOADING]: Considering mod file candidate /workspaces/YNDPTM/servidor_minecraft/mods/a_good_place-1.20-1.2.7.jar
[12Jul2025 20:10:22.722] [main/DEBUG] [net.minecraftforge.fml.loading.moddiscovery.ModFileInfo/LOADING]: Found valid mod file a_good_place-1.20-1.2.7.jar with {a_good_place} mods - versions {1.20-1.2.7}
[12Jul2025 20:10:22.723] [main/DEBUG] [net.minecraftforge.fml.loading.moddiscovery.ModFileParser/LOADING]: Considering mod file candidate /workspaces/YNDPTM/servidor_minecraft/mods/animated-doors-1.0.jar
[12Jul2025 20:10:22.724] [main/DEBUG] [net.minecraftforge.fml.loading.moddiscovery.ModFileInfo/LOADING]: Found valid mod file animated-doors-1.0.jar with {mr_animated_doors} mods - versions {1.0}
[12Jul2025 20:10:22.725] [main/DEBUG] [net.minecraftforge.fml.loading.moddiscovery.ModFileParser/LOADING]: Considering mod file candidate /workspaces/YNDPTM/servidor_minecraft/mods/Animation_Overhaul-forge-1.20.x-1.3.1.jar
[12Jul2025 20:10:22.727] [main/DEBUG] [net.minecraftforge.fml.loading.moddiscovery.ModFileInfo/LOADING]: Found valid mod file Animation_Overhaul-forge-1.20.x-1.3.1.jar with {animation_overhaul} mods - versions {1.3.1}
[12Jul2025 20:10:22.728] [main/DEBUG] [net.minecraftforge.fml.loading.moddiscovery.ModFileParser/LOADING]: Considering mod file candidate /workspaces/YNDPTM/servidor_minecraft/mods/Anomaly-1.1.5-FullShaderSupport.jar
[12Jul2025 20:10:22.730] [main/DEBUG] [net.minecraftforge.fml.loading.moddiscovery.ModFileInfo/LOADING]: Found valid mod file Anomaly-1.1.5-FullShaderSupport.jar with {the_anomaly} mods - versions {1.1.5}
[12Jul2025 20:10:22.731] [main/DEBUG] [net.minecraftforge.fml.loading.moddiscovery.ModFileParser/LOADING]: Considering mod file candidate /workspaces/YNDPTM/servidor_minecraft/mods/antique-atlas-2.9.10+1.20.jar
[12Jul2025 20:10:22.733] [main/DEBUG] [net.minecraftforge.fml.loading.moddiscovery.ModFileInfo/LOADING]: Found valid mod file antique-atlas-2.9.10+1.20.jar with {antique_atlas} mods - versions {2.9.10+1.20}
[12Jul2025 20:10:22.734] [main/DEBUG] [net.minecraftforge.fml.loading.moddiscovery.ModFileParser/LOADING]: Considering mod file candidate /workspaces/YNDPTM/servidor_minecraft/mods/antlers-1.0.0.jar
[12Jul2025 20:10:22.736] [main/DEBUG] [net.minecraftforge.fml.loading.moddiscovery.ModFileInfo/LOADING]: Found valid mod file antlers-1.0.0.jar with {antlers} mods - versions {1.0.0}
[12Jul2025 20:10:22.737] [main/DEBUG] [net.minecraftforge.fml.loading.moddiscovery.ModFileParser/LOADING]: Considering mod file candidate /workspaces/YNDPTM/servidor_minecraft/mods/balm-forge-1.20.1-7.3.31-all (1).jar
[12Jul2025 20:10:22.738] [main/DEBUG] [net.minecraftforge.fml.loading.moddiscovery.ModFileInfo/LOADING]: Found valid mod file balm-forge-1.20.1-7.3.31-all (1).jar with {balm} mods - versions {7.3.31}
[12Jul2025 20:10:22.739] [main/DEBUG] [net.minecraftforge.fml.loading.moddiscovery.ModFileParser/LOADING]: Considering mod file candidate /workspaces/YNDPTM/servidor_minecraft/mods/befall-1.6.0-forge-1.20.1.jar
[12Jul2025 20:10:22.741] [main/DEBUG] [net.minecraftforge.fml.loading.moddiscovery.ModFileInfo/LOADING]: Found valid mod file befall-1.6.0-forge-1.20.1.jar with {befalltwo} mods - versions {1.0.0}
[12Jul2025 20:10:22.741] [main/DEBUG] [net.minecraftforge.fml.loading.moddiscovery.ModFileParser/LOADING]: Considering mod file candidate /workspaces/YNDPTM/servidor_minecraft/mods/Beware-1.20.1-2.3.4.jar
[12Jul2025 20:10:22.742] [main/DEBUG] [net.minecraftforge.fml.loading.moddiscovery.ModFileInfo/LOADING]: Found valid mod file Beware-1.20.1-2.3.4.jar with {bwrtherain} mods - versions {2.3.4}
[12Jul2025 20:10:22.743] [main/DEBUG] [net.minecraftforge.fml.loading.moddiscovery.ModFileParser/LOADING]: Considering mod file candidate /workspaces/YNDPTM/servidor_minecraft/mods/cameraoverhaul-1.1-1.20.4.jar
[12Jul2025 20:10:22.744] [main/DEBUG] [net.minecraftforge.fml.loading.moddiscovery.ModFileInfo/LOADING]: Found valid mod file cameraoverhaul-1.1-1.20.4.jar with {cameraoverhaul} mods - versions {1.0.0}
[12Jul2025 20:10:22.745] [main/DEBUG] [net.minecraftforge.fml.loading.moddiscovery.ModFileParser/LOADING]: Considering mod file candidate /workspaces/YNDPTM/servidor_minecraft/mods/Chunky-1.3.146 (1).jar
[12Jul2025 20:10:22.746] [main/DEBUG] [net.minecraftforge.fml.loading.moddiscovery.ModFileInfo/LOADING]: Found valid mod file Chunky-1.3.146 (1).jar with {chunky} mods - versions {1.3.146}
[12Jul2025 20:10:22.750] [main/DEBUG] [net.minecraftforge.fml.loading.moddiscovery.ModFileParser/LOADING]: Considering mod file candidate /workspaces/YNDPTM/servidor_minecraft/mods/configured-forge-1.20.1-2.2.3.jar
[12Jul2025 20:10:22.751] [main/DEBUG] [net.minecraftforge.fml.loading.moddiscovery.ModFileInfo/LOADING]: Found valid mod file configured-forge-1.20.1-2.2.3.jar with {configured} mods - versions {2.2.3}
[12Jul2025 20:10:22.752] [main/DEBUG] [net.minecraftforge.fml.loading.moddiscovery.ModFileParser/LOADING]: Considering mod file candidate /workspaces/YNDPTM/servidor_minecraft/mods/CreativeCore_FORGE_v2.12.32_mc1.20.1.jar
[12Jul2025 20:10:22.753] [main/DEBUG] [net.minecraftforge.fml.loading.moddiscovery.ModFileInfo/LOADING]: Found valid mod file CreativeCore_FORGE_v2.12.32_mc1.20.1.jar with {creativecore} mods - versions {2.12.32}
[12Jul2025 20:10:22.755] [main/DEBUG] [net.minecraftforge.fml.loading.moddiscovery.ModFileParser/LOADING]: Considering mod file candidate /workspaces/YNDPTM/servidor_minecraft/mods/death_angels-1.3.0-forge-1.20.1.jar
[12Jul2025 20:10:22.755] [main/DEBUG] [net.minecraftforge.fml.loading.moddiscovery.ModFileInfo/LOADING]: Found valid mod file death_angels-1.3.0-forge-1.20.1.jar with {death_angels} mods - versions {1.3.0}
[12Jul2025 20:10:22.756] [main/DEBUG] [net.minecraftforge.fml.loading.moddiscovery.ModFileParser/LOADING]: Considering mod file candidate /workspaces/YNDPTM/servidor_minecraft/mods/fabric-api-0.92.2+1.11.12+1.20.1.jar
[12Jul2025 20:10:22.757] [main/DEBUG] [net.minecraftforge.fml.loading.moddiscovery.ModFileInfo/LOADING]: Found valid mod file fabric-api-0.92.2+1.11.12+1.20.1.jar with {fabric_api} mods - versions {0.92.2+1.11.12+1.20.1}
[12Jul2025 20:10:22.758] [main/DEBUG] [net.minecraftforge.fml.loading.moddiscovery.ModFileParser/LOADING]: Considering mod file candidate /workspaces/YNDPTM/servidor_minecraft/mods/fromtheshadowsreborn-2.8.jar
[12Jul2025 20:10:22.759] [main/DEBUG] [net.minecraftforge.fml.loading.moddiscovery.ModFileInfo/LOADING]: Found valid mod file fromtheshadowsreborn-2.8.jar with {fromtheshadows} mods - versions {2.8}
[12Jul2025 20:10:22.760] [main/DEBUG] [net.minecraftforge.fml.loading.moddiscovery.ModFileParser/LOADING]: Considering mod file candidate /workspaces/YNDPTM/servidor_minecraft/mods/geckolib-forge-1.20.1-4.7.1.2.jar
[12Jul2025 20:10:22.760] [main/DEBUG] [net.minecraftforge.fml.loading.moddiscovery.ModFileInfo/LOADING]: Found valid mod file geckolib-forge-1.20.1-4.7.1.2.jar with {geckolib} mods - versions {4.7.1.2}
[12Jul2025 20:10:22.761] [main/DEBUG] [net.minecraftforge.fml.loading.moddiscovery.ModFileParser/LOADING]: Considering mod file candidate /workspaces/YNDPTM/servidor_minecraft/mods/itsnotreal-0.0.0.0.0.0.0.0.jar
[12Jul2025 20:10:22.762] [main/DEBUG] [net.minecraftforge.fml.loading.moddiscovery.ModFileInfo/LOADING]: Found valid mod file itsnotreal-0.0.0.0.0.0.0.0.jar with {itsnotreal} mods - versions {0.0.0.0.0.0.0.0}
[12Jul2025 20:10:22.762] [main/DEBUG] [net.minecraftforge.fml.loading.moddiscovery.ModFileParser/LOADING]: Considering mod file candidate /workspaces/YNDPTM/servidor_minecraft/mods/Jade-1.20.1-Forge-11.13.1.jar
[12Jul2025 20:10:22.763] [main/DEBUG] [net.minecraftforge.fml.loading.moddiscovery.ModFileInfo/LOADING]: Found valid mod file Jade-1.20.1-Forge-11.13.1.jar with {jade} mods - versions {11.13.1+forge}
[12Jul2025 20:10:22.764] [main/DEBUG] [net.minecraftforge.fml.loading.moddiscovery.ModFileParser/LOADING]: Considering mod file candidate /workspaces/YNDPTM/servidor_minecraft/mods/Necronomicon-Forge-1.6.0+1.20.1.jar
[12Jul2025 20:10:22.764] [main/DEBUG] [net.minecraftforge.fml.loading.moddiscovery.ModFileInfo/LOADING]: Found valid mod file Necronomicon-Forge-1.6.0+1.20.1.jar with {necronomicon} mods - versions {1.6.0}
[12Jul2025 20:10:22.767] [main/DEBUG] [net.minecraftforge.fml.loading.moddiscovery.ModFileParser/LOADING]: Considering mod file candidate /workspaces/YNDPTM/servidor_minecraft/mods/no_moon-1.4.4-forge-1.20.1.jar
[12Jul2025 20:10:22.767] [main/DEBUG] [net.minecraftforge.fml.loading.moddiscovery.ModFileInfo/LOADING]: Found valid mod file no_moon-1.4.4-forge-1.20.1.jar with {no_moon} mods - versions {1.4.4}
[12Jul2025 20:10:22.768] [main/DEBUG] [net.minecraftforge.fml.loading.moddiscovery.ModFileParser/LOADING]: Considering mod file candidate /workspaces/YNDPTM/servidor_minecraft/mods/nyfsspiders-forge-1.20.1-2.1.1.jar
[12Jul2025 20:10:22.769] [main/DEBUG] [net.minecraftforge.fml.loading.moddiscovery.ModFileInfo/LOADING]: Found valid mod file nyfsspiders-forge-1.20.1-2.1.1.jar with {nyfsspiders} mods - versions {2.1.1}
[12Jul2025 20:10:22.769] [main/DEBUG] [net.minecraftforge.fml.loading.moddiscovery.ModFileParser/LOADING]: Considering mod file candidate /workspaces/YNDPTM/servidor_minecraft/mods/Obscure-Tooltips-2.2.jar
[12Jul2025 20:10:22.770] [main/DEBUG] [net.minecraftforge.fml.loading.moddiscovery.ModFileInfo/LOADING]: Found valid mod file Obscure-Tooltips-2.2.jar with {obscure_tooltips} mods - versions {2.2}
[12Jul2025 20:10:22.770] [main/DEBUG] [net.minecraftforge.fml.loading.moddiscovery.ModFileParser/LOADING]: Considering mod file candidate /workspaces/YNDPTM/servidor_minecraft/mods/sittingplus-2.0.5-1.20.1.jar
[12Jul2025 20:10:22.771] [main/DEBUG] [net.minecraftforge.fml.loading.moddiscovery.ModFileInfo/LOADING]: Found valid mod file sittingplus-2.0.5-1.20.1.jar with {sittingplus} mods - versions {2.0.5}
[12Jul2025 20:10:22.772] [main/DEBUG] [net.minecraftforge.fml.loading.moddiscovery.ModFileParser/LOADING]: Considering mod file candidate /workspaces/YNDPTM/servidor_minecraft/mods/skinrestorer-2.3.5+1.20-forge.jar
[12Jul2025 20:10:22.772] [main/DEBUG] [net.minecraftforge.fml.loading.moddiscovery.ModFileInfo/LOADING]: Found valid mod file skinrestorer-2.3.5+1.20-forge.jar with {skinrestorer} mods - versions {2.3.5+1.20-forge}
[12Jul2025 20:10:22.773] [main/DEBUG] [net.minecraftforge.fml.loading.moddiscovery.ModFileParser/LOADING]: Considering mod file candidate /workspaces/YNDPTM/servidor_minecraft/mods/The God v1.2.1(1.20.1).jar
[12Jul2025 20:10:22.774] [main/DEBUG] [net.minecraftforge.fml.loading.moddiscovery.ModFileInfo/LOADING]: Found valid mod file The God v1.2.1(1.20.1).jar with {god} mods - versions {1.0.0}
[12Jul2025 20:10:22.774] [main/DEBUG] [net.minecraftforge.fml.loading.moddiscovery.ModFileParser/LOADING]: Considering mod file candidate /workspaces/YNDPTM/servidor_minecraft/mods/The-Man-From-The-Fog-1.4-1.20.1.jar
[12Jul2025 20:10:22.775] [main/DEBUG] [net.minecraftforge.fml.loading.moddiscovery.ModFileInfo/LOADING]: Found valid mod file The-Man-From-The-Fog-1.4-1.20.1.jar with {man} mods - versions {1.4}
[12Jul2025 20:10:22.776] [main/DEBUG] [net.minecraftforge.fml.loading.moddiscovery.ModFileParser/LOADING]: Considering mod file candidate /workspaces/YNDPTM/servidor_minecraft/mods/the_midnight_lurker_3.3.7.jar
[12Jul2025 20:10:22.777] [main/DEBUG] [net.minecraftforge.fml.loading.moddiscovery.ModFileInfo/LOADING]: Found valid mod file the_midnight_lurker_3.3.7.jar with {midnightlurker} mods - versions {3.3.7}
[12Jul2025 20:10:22.778] [main/DEBUG] [net.minecraftforge.fml.loading.moddiscovery.ModFileParser/LOADING]: Considering mod file candidate /workspaces/YNDPTM/servidor_minecraft/mods/waystones-forge-1.20.1-14.1.13.jar
[12Jul2025 20:10:22.779] [main/DEBUG] [net.minecraftforge.fml.loading.moddiscovery.ModFileInfo/LOADING]: Found valid mod file waystones-forge-1.20.1-14.1.13.jar with {waystones} mods - versions {14.1.13}
[12Jul2025 20:10:22.899] [main/DEBUG] [net.minecraftforge.fml.loading.moddiscovery.ModFileInfo/LOADING]: Found valid mod file server-1.20.1-20230612.114412-srg.jar with {minecraft} mods - versions {1.20.1}
[12Jul2025 20:10:22.903] [main/DEBUG] [net.minecraftforge.fml.loading.moddiscovery.ModFileParser/LOADING]: Considering mod file candidate /workspaces/YNDPTM/servidor_minecraft/libraries/net/minecraftforge/fmlcore/1.20.1-47.3.7/fmlcore-1.20.1-47.3.7.jar
[12Jul2025 20:10:22.903] [main/WARN] [net.minecraftforge.fml.loading.moddiscovery.ModFileParser/LOADING]: Mod file /workspaces/YNDPTM/servidor_minecraft/libraries/net/minecraftforge/fmlcore/1.20.1-47.3.7/fmlcore-1.20.1-47.3.7.jar is missing mods.toml file
[12Jul2025 20:10:22.906] [main/DEBUG] [net.minecraftforge.fml.loading.moddiscovery.ModFileParser/LOADING]: Considering mod file candidate /workspaces/YNDPTM/servidor_minecraft/libraries/net/minecraftforge/javafmllanguage/1.20.1-47.3.7/javafmllanguage-1.20.1-47.3.7.jar
[12Jul2025 20:10:22.906] [main/WARN] [net.minecraftforge.fml.loading.moddiscovery.ModFileParser/LOADING]: Mod file /workspaces/YNDPTM/servidor_minecraft/libraries/net/minecraftforge/javafmllanguage/1.20.1-47.3.7/javafmllanguage-1.20.1-47.3.7.jar is missing mods.toml file
[12Jul2025 20:10:22.908] [main/DEBUG] [net.minecraftforge.fml.loading.moddiscovery.ModFileParser/LOADING]: Considering mod file candidate /workspaces/YNDPTM/servidor_minecraft/libraries/net/minecraftforge/lowcodelanguage/1.20.1-47.3.7/lowcodelanguage-1.20.1-47.3.7.jar
[12Jul2025 20:10:22.908] [main/WARN] [net.minecraftforge.fml.loading.moddiscovery.ModFileParser/LOADING]: Mod file /workspaces/YNDPTM/servidor_minecraft/libraries/net/minecraftforge/lowcodelanguage/1.20.1-47.3.7/lowcodelanguage-1.20.1-47.3.7.jar is missing mods.toml file
[12Jul2025 20:10:22.910] [main/DEBUG] [net.minecraftforge.fml.loading.moddiscovery.ModFileParser/LOADING]: Considering mod file candidate /workspaces/YNDPTM/servidor_minecraft/libraries/net/minecraftforge/mclanguage/1.20.1-47.3.7/mclanguage-1.20.1-47.3.7.jar
[12Jul2025 20:10:22.910] [main/WARN] [net.minecraftforge.fml.loading.moddiscovery.ModFileParser/LOADING]: Mod file /workspaces/YNDPTM/servidor_minecraft/libraries/net/minecraftforge/mclanguage/1.20.1-47.3.7/mclanguage-1.20.1-47.3.7.jar is missing mods.toml file
[12Jul2025 20:10:22.951] [main/DEBUG] [net.minecraftforge.fml.loading.moddiscovery.ModFileParser/LOADING]: Considering mod file candidate /workspaces/YNDPTM/servidor_minecraft/libraries/net/minecraftforge/forge/1.20.1-47.3.7/forge-1.20.1-47.3.7-universal.jar
[12Jul2025 20:10:22.952] [main/DEBUG] [net.minecraftforge.fml.loading.moddiscovery.ModFileInfo/LOADING]: Found valid mod file forge-1.20.1-47.3.7-universal.jar with {forge} mods - versions {47.3.7}
[12Jul2025 20:10:22.967] [main/DEBUG] [net.minecraftforge.fml.loading.moddiscovery.AbstractJarFileDependencyLocator/]: Failed to load resource META-INF/jarjar/metadata.json from server-1.20.1-20230612.114412-srg.jar, it does not contain dependency information.
[12Jul2025 20:10:22.968] [main/DEBUG] [net.minecraftforge.fml.loading.moddiscovery.AbstractJarFileDependencyLocator/]: Failed to load resource META-INF/jarjar/metadata.json from the_midnight_lurker_3.3.7.jar, it does not contain dependency information.
[12Jul2025 20:10:22.968] [main/DEBUG] [net.minecraftforge.fml.loading.moddiscovery.AbstractJarFileDependencyLocator/]: Failed to load resource META-INF/jarjar/metadata.json from Necronomicon-Forge-1.6.0+1.20.1.jar, it does not contain dependency information.
[12Jul2025 20:10:22.968] [main/DEBUG] [net.minecraftforge.fml.loading.moddiscovery.AbstractJarFileDependencyLocator/]: Failed to load resource META-INF/jarjar/metadata.json from Jade-1.20.1-Forge-11.13.1.jar, it does not contain dependency information.
[12Jul2025 20:10:22.968] [main/DEBUG] [net.minecraftforge.fml.loading.moddiscovery.AbstractJarFileDependencyLocator/]: Failed to load resource META-INF/jarjar/metadata.json from Obscure-Tooltips-2.2.jar, it does not contain dependency information.
[12Jul2025 20:10:22.969] [main/DEBUG] [net.minecraftforge.fml.loading.moddiscovery.AbstractJarFileDependencyLocator/]: Failed to load resource META-INF/jarjar/metadata.json from CreativeCore_FORGE_v2.12.32_mc1.20.1.jar, it does not contain dependency information.
[12Jul2025 20:10:22.969] [main/DEBUG] [net.minecraftforge.fml.loading.moddiscovery.AbstractJarFileDependencyLocator/]: Failed to load resource META-INF/jarjar/metadata.json from Chunky-1.3.146 (1).jar, it does not contain dependency information.
[12Jul2025 20:10:22.969] [main/DEBUG] [net.minecraftforge.fml.loading.moddiscovery.AbstractJarFileDependencyLocator/]: Failed to load resource META-INF/jarjar/metadata.json from sittingplus-2.0.5-1.20.1.jar, it does not contain dependency information.
[12Jul2025 20:10:22.969] [main/DEBUG] [net.minecraftforge.fml.loading.moddiscovery.AbstractJarFileDependencyLocator/]: Failed to load resource META-INF/jarjar/metadata.json from death_angels-1.3.0-forge-1.20.1.jar, it does not contain dependency information.
[12Jul2025 20:10:22.969] [main/DEBUG] [net.minecraftforge.fml.loading.moddiscovery.AbstractJarFileDependencyLocator/]: Failed to load resource META-INF/jarjar/metadata.json from waystones-forge-1.20.1-14.1.13.jar, it does not contain dependency information.
[12Jul2025 20:10:22.969] [main/DEBUG] [net.minecraftforge.fml.loading.moddiscovery.AbstractJarFileDependencyLocator/]: Failed to load resource META-INF/jarjar/metadata.json from The-Man-From-The-Fog-1.4-1.20.1.jar, it does not contain dependency information.
[12Jul2025 20:10:22.970] [main/DEBUG] [net.minecraftforge.fml.loading.moddiscovery.AbstractJarFileDependencyLocator/]: Failed to load resource META-INF/jarjar/metadata.json from fromtheshadowsreborn-2.8.jar, it does not contain dependency information.
[12Jul2025 20:10:22.970] [main/DEBUG] [net.minecraftforge.fml.loading.moddiscovery.AbstractJarFileDependencyLocator/]: Failed to load resource META-INF/jarjar/metadata.json from configured-forge-1.20.1-2.2.3.jar, it does not contain dependency information.
[12Jul2025 20:10:22.970] [main/DEBUG] [net.minecraftforge.fml.loading.moddiscovery.AbstractJarFileDependencyLocator/]: Failed to load resource META-INF/jarjar/metadata.json from befall-1.6.0-forge-1.20.1.jar, it does not contain dependency information.
[12Jul2025 20:10:22.970] [main/DEBUG] [net.minecraftforge.fml.loading.moddiscovery.AbstractJarFileDependencyLocator/]: Failed to load resource META-INF/jarjar/metadata.json from antlers-1.0.0.jar, it does not contain dependency information.
[12Jul2025 20:10:22.970] [main/DEBUG] [net.minecraftforge.fml.loading.moddiscovery.AbstractJarFileDependencyLocator/]: Failed to load resource META-INF/jarjar/metadata.json from Beware-1.20.1-2.3.4.jar, it does not contain dependency information.
[12Jul2025 20:10:22.971] [main/DEBUG] [net.minecraftforge.fml.loading.moddiscovery.AbstractJarFileDependencyLocator/]: Failed to load resource META-INF/jarjar/metadata.json from itsnotreal-0.0.0.0.0.0.0.0.jar, it does not contain dependency information.
[12Jul2025 20:10:22.971] [main/DEBUG] [net.minecraftforge.fml.loading.moddiscovery.AbstractJarFileDependencyLocator/]: Failed to load resource META-INF/jarjar/metadata.json from Anomaly-1.1.5-FullShaderSupport.jar, it does not contain dependency information.
[12Jul2025 20:10:22.971] [main/DEBUG] [net.minecraftforge.fml.loading.moddiscovery.AbstractJarFileDependencyLocator/]: Failed to load resource META-INF/jarjar/metadata.json from antique-atlas-2.9.10+1.20.jar, it does not contain dependency information.
[12Jul2025 20:10:22.971] [main/DEBUG] [net.minecraftforge.fml.loading.moddiscovery.AbstractJarFileDependencyLocator/]: Failed to load resource META-INF/jarjar/metadata.json from cameraoverhaul-1.1-1.20.4.jar, it does not contain dependency information.
[12Jul2025 20:10:22.971] [main/DEBUG] [net.minecraftforge.fml.loading.moddiscovery.AbstractJarFileDependencyLocator/]: Failed to load resource META-INF/jarjar/metadata.json from forge-1.20.1-47.3.7-universal.jar, it does not contain dependency information.
[12Jul2025 20:10:22.972] [main/DEBUG] [net.minecraftforge.fml.loading.moddiscovery.AbstractJarFileDependencyLocator/]: Failed to load resource META-INF/jarjar/metadata.json from animated-doors-1.0.jar, it does not contain dependency information.
[12Jul2025 20:10:22.972] [main/DEBUG] [net.minecraftforge.fml.loading.moddiscovery.AbstractJarFileDependencyLocator/]: Failed to load resource META-INF/jarjar/metadata.json from no_moon-1.4.4-forge-1.20.1.jar, it does not contain dependency information.
[12Jul2025 20:10:22.972] [main/DEBUG] [net.minecraftforge.fml.loading.moddiscovery.AbstractJarFileDependencyLocator/]: Failed to load resource META-INF/jarjar/metadata.json from The God v1.2.1(1.20.1).jar, it does not contain dependency information.
[12Jul2025 20:10:22.972] [main/DEBUG] [net.minecraftforge.fml.loading.moddiscovery.AbstractJarFileDependencyLocator/]: Failed to load resource META-INF/jarjar/metadata.json from nyfsspiders-forge-1.20.1-2.1.1.jar, it does not contain dependency information.
[12Jul2025 20:10:22.972] [main/DEBUG] [net.minecraftforge.fml.loading.moddiscovery.AbstractJarFileDependencyLocator/]: Failed to load resource META-INF/jarjar/metadata.json from mclanguage-1.20.1-47.3.7.jar, it does not contain dependency information.
[12Jul2025 20:10:22.972] [main/DEBUG] [net.minecraftforge.fml.loading.moddiscovery.AbstractJarFileDependencyLocator/]: Failed to load resource META-INF/jarjar/metadata.json from javafmllanguage-1.20.1-47.3.7.jar, it does not contain dependency information.
[12Jul2025 20:10:22.973] [main/DEBUG] [net.minecraftforge.fml.loading.moddiscovery.AbstractJarFileDependencyLocator/]: Failed to load resource META-INF/jarjar/metadata.json from fmlcore-1.20.1-47.3.7.jar, it does not contain dependency information.
[12Jul2025 20:10:22.973] [main/DEBUG] [net.minecraftforge.fml.loading.moddiscovery.AbstractJarFileDependencyLocator/]: Failed to load resource META-INF/jarjar/metadata.json from lowcodelanguage-1.20.1-47.3.7.jar, it does not contain dependency information.
[12Jul2025 20:10:23.021] [main/DEBUG] [net.minecraftforge.fml.loading.moddiscovery.ModFileParser/LOADING]: Considering mod file candidate 
[12Jul2025 20:10:23.022] [main/DEBUG] [net.minecraftforge.fml.loading.moddiscovery.ModFileInfo/LOADING]: Found valid mod file mixinextras-forge-0.3.2.jar with {mixinextras} mods - versions {0.3.2}
[12Jul2025 20:10:23.045] [main/DEBUG] [net.minecraftforge.fml.loading.moddiscovery.ModFileParser/LOADING]: Considering mod file candidate 
[12Jul2025 20:10:23.046] [main/DEBUG] [net.minecraftforge.fml.loading.moddiscovery.ModFileInfo/LOADING]: Found valid mod file mixinextras-forge-0.3.5.jar with {mixinextras} mods - versions {0.3.5}
[12Jul2025 20:10:23.048] [main/DEBUG] [net.minecraftforge.fml.loading.moddiscovery.ModFileParser/LOADING]: Considering mod file candidate 
[12Jul2025 20:10:23.048] [main/DEBUG] [net.minecraftforge.fml.loading.moddiscovery.ModFileInfo/LOADING]: Found valid mod file fabric-api-base-0.4.31+ef105b4977.jar with {fabric_api_base} mods - versions {0.4.31+ef105b4977}
[12Jul2025 20:10:23.050] [main/DEBUG] [net.minecraftforge.fml.loading.moddiscovery.ModFileParser/LOADING]: Considering mod file candidate 
[12Jul2025 20:10:23.051] [main/DEBUG] [net.minecraftforge.fml.loading.moddiscovery.ModFileInfo/LOADING]: Found valid mod file fabric-api-lookup-api-v1-1.6.36+67f9824077.jar with {fabric_api_lookup_api_v1} mods - versions {1.6.36+67f9824077}
[12Jul2025 20:10:23.054] [main/DEBUG] [net.minecraftforge.fml.loading.moddiscovery.ModFileParser/LOADING]: Considering mod file candidate 
[12Jul2025 20:10:23.055] [main/DEBUG] [net.minecraftforge.fml.loading.moddiscovery.ModFileInfo/LOADING]: Found valid mod file fabric-biome-api-v1-13.0.13+dc36698e77.jar with {fabric_biome_api_v1} mods - versions {13.0.13+dc36698e77}
[12Jul2025 20:10:23.056] [main/DEBUG] [net.minecraftforge.fml.loading.moddiscovery.ModFileParser/LOADING]: Considering mod file candidate 
[12Jul2025 20:10:23.057] [main/DEBUG] [net.minecraftforge.fml.loading.moddiscovery.ModFileInfo/LOADING]: Found valid mod file fabric-block-api-v1-1.0.11+0e6cb7f777.jar with {fabric_block_api_v1} mods - versions {1.0.11+0e6cb7f777}
[12Jul2025 20:10:23.059] [main/DEBUG] [net.minecraftforge.fml.loading.moddiscovery.ModFileParser/LOADING]: Considering mod file candidate 
[12Jul2025 20:10:23.060] [main/DEBUG] [net.minecraftforge.fml.loading.moddiscovery.ModFileInfo/LOADING]: Found valid mod file fabric-block-view-api-v2-1.0.1+0767707077.jar with {fabric_block_view_api_v2} mods - versions {1.0.1+0767707077}
[12Jul2025 20:10:23.061] [main/DEBUG] [net.minecraftforge.fml.loading.moddiscovery.ModFileParser/LOADING]: Considering mod file candidate 
[12Jul2025 20:10:23.062] [main/DEBUG] [net.minecraftforge.fml.loading.moddiscovery.ModFileInfo/LOADING]: Found valid mod file fabric-blockrenderlayer-v1-1.1.41+1d0da21e77.jar with {fabric_blockrenderlayer_v1} mods - versions {1.1.41+1d0da21e77}
[12Jul2025 20:10:23.063] [main/DEBUG] [net.minecraftforge.fml.loading.moddiscovery.ModFileParser/LOADING]: Considering mod file candidate 
[12Jul2025 20:10:23.064] [main/DEBUG] [net.minecraftforge.fml.loading.moddiscovery.ModFileInfo/LOADING]: Found valid mod file fabric-client-tags-api-v1-1.1.2+5d6761b877.jar with {fabric_client_tags_api_v1} mods - versions {1.1.2+5d6761b877}
[12Jul2025 20:10:23.066] [main/DEBUG] [net.minecraftforge.fml.loading.moddiscovery.ModFileParser/LOADING]: Considering mod file candidate 
[12Jul2025 20:10:23.066] [main/DEBUG] [net.minecraftforge.fml.loading.moddiscovery.ModFileInfo/LOADING]: Found valid mod file fabric-command-api-v2-2.2.13+561530ec77.jar with {fabric_command_api_v2} mods - versions {2.2.13+561530ec77}
[12Jul2025 20:10:23.069] [main/DEBUG] [net.minecraftforge.fml.loading.moddiscovery.ModFileParser/LOADING]: Considering mod file candidate 
[12Jul2025 20:10:23.070] [main/DEBUG] [net.minecraftforge.fml.loading.moddiscovery.ModFileInfo/LOADING]: Found valid mod file fabric-content-registries-v0-4.0.11+a670df1e77.jar with {fabric_content_registries_v0} mods - versions {4.0.11+a670df1e77}
[12Jul2025 20:10:23.072] [main/DEBUG] [net.minecraftforge.fml.loading.moddiscovery.ModFileParser/LOADING]: Considering mod file candidate 
[12Jul2025 20:10:23.072] [main/DEBUG] [net.minecraftforge.fml.loading.moddiscovery.ModFileInfo/LOADING]: Found valid mod file fabric-convention-tags-v1-1.5.5+fa3d1c0177.jar with {fabric_convention_tags_v1} mods - versions {1.5.5+fa3d1c0177}
[12Jul2025 20:10:23.074] [main/DEBUG] [net.minecraftforge.fml.loading.moddiscovery.ModFileParser/LOADING]: Considering mod file candidate 
[12Jul2025 20:10:23.075] [main/DEBUG] [net.minecraftforge.fml.loading.moddiscovery.ModFileInfo/LOADING]: Found valid mod file fabric-data-attachment-api-v1-1.0.0+30ef839e77.jar with {fabric_data_attachment_api_v1} mods - versions {1.0.0+30ef839e77}
[12Jul2025 20:10:23.077] [main/DEBUG] [net.minecraftforge.fml.loading.moddiscovery.ModFileParser/LOADING]: Considering mod file candidate 
[12Jul2025 20:10:23.078] [main/DEBUG] [net.minecraftforge.fml.loading.moddiscovery.ModFileInfo/LOADING]: Found valid mod file fabric-data-generation-api-v1-12.3.4+369cb3a477.jar with {fabric_data_generation_api_v1} mods - versions {12.3.4+369cb3a477}
[12Jul2025 20:10:23.079] [main/DEBUG] [net.minecraftforge.fml.loading.moddiscovery.ModFileParser/LOADING]: Considering mod file candidate 
[12Jul2025 20:10:23.080] [main/DEBUG] [net.minecraftforge.fml.loading.moddiscovery.ModFileInfo/LOADING]: Found valid mod file fabric-dimensions-v1-2.1.54+8005d10d77.jar with {fabric_dimensions_v1} mods - versions {2.1.54+8005d10d77}
[12Jul2025 20:10:23.082] [main/DEBUG] [net.minecraftforge.fml.loading.moddiscovery.ModFileParser/LOADING]: Considering mod file candidate 
[12Jul2025 20:10:23.083] [main/DEBUG] [net.minecraftforge.fml.loading.moddiscovery.ModFileInfo/LOADING]: Found valid mod file fabric-entity-events-v1-1.6.0+4ca7515277.jar with {fabric_entity_events_v1} mods - versions {1.6.0+4ca7515277}
[12Jul2025 20:10:23.084] [main/DEBUG] [net.minecraftforge.fml.loading.moddiscovery.ModFileParser/LOADING]: Considering mod file candidate 
[12Jul2025 20:10:23.085] [main/DEBUG] [net.minecraftforge.fml.loading.moddiscovery.ModFileInfo/LOADING]: Found valid mod file fabric-events-interaction-v0-0.6.2+0d0bd5a777.jar with {fabric_events_interaction_v0} mods - versions {0.6.2+0d0bd5a777}
[12Jul2025 20:10:23.087] [main/DEBUG] [net.minecraftforge.fml.loading.moddiscovery.ModFileParser/LOADING]: Considering mod file candidate 
[12Jul2025 20:10:23.087] [main/DEBUG] [net.minecraftforge.fml.loading.moddiscovery.ModFileInfo/LOADING]: Found valid mod file fabric-game-rule-api-v1-1.0.40+683d4da877.jar with {fabric_game_rule_api_v1} mods - versions {1.0.40+683d4da877}
[12Jul2025 20:10:23.089] [main/DEBUG] [net.minecraftforge.fml.loading.moddiscovery.ModFileParser/LOADING]: Considering mod file candidate 
[12Jul2025 20:10:23.089] [main/DEBUG] [net.minecraftforge.fml.loading.moddiscovery.ModFileInfo/LOADING]: Found valid mod file fabric-item-api-v1-2.1.28+4d0bbcfa77.jar with {fabric_item_api_v1} mods - versions {2.1.28+4d0bbcfa77}
[12Jul2025 20:10:23.091] [main/DEBUG] [net.minecraftforge.fml.loading.moddiscovery.ModFileParser/LOADING]: Considering mod file candidate 
[12Jul2025 20:10:23.091] [main/DEBUG] [net.minecraftforge.fml.loading.moddiscovery.ModFileInfo/LOADING]: Found valid mod file fabric-item-group-api-v1-4.0.12+c9161c2d77.jar with {fabric_item_group_api_v1} mods - versions {4.0.12+c9161c2d77}
[12Jul2025 20:10:23.093] [main/DEBUG] [net.minecraftforge.fml.loading.moddiscovery.ModFileParser/LOADING]: Considering mod file candidate 
[12Jul2025 20:10:23.093] [main/DEBUG] [net.minecraftforge.fml.loading.moddiscovery.ModFileInfo/LOADING]: Found valid mod file fabric-key-binding-api-v1-1.0.37+561530ec77.jar with {fabric_key_binding_api_v1} mods - versions {1.0.37+561530ec77}
[12Jul2025 20:10:23.096] [main/DEBUG] [net.minecraftforge.fml.loading.moddiscovery.ModFileParser/LOADING]: Considering mod file candidate 
[12Jul2025 20:10:23.096] [main/DEBUG] [net.minecraftforge.fml.loading.moddiscovery.ModFileInfo/LOADING]: Found valid mod file fabric-lifecycle-events-v1-2.2.22+afab492177.jar with {fabric_lifecycle_events_v1} mods - versions {2.2.22+afab492177}
[12Jul2025 20:10:23.099] [main/DEBUG] [net.minecraftforge.fml.loading.moddiscovery.ModFileParser/LOADING]: Considering mod file candidate 
[12Jul2025 20:10:23.099] [main/DEBUG] [net.minecraftforge.fml.loading.moddiscovery.ModFileInfo/LOADING]: Found valid mod file fabric-loot-api-v2-1.2.1+eb28f93e77.jar with {fabric_loot_api_v2} mods - versions {1.2.1+eb28f93e77}
[12Jul2025 20:10:23.102] [main/DEBUG] [net.minecraftforge.fml.loading.moddiscovery.ModFileParser/LOADING]: Considering mod file candidate 
[12Jul2025 20:10:23.103] [main/DEBUG] [net.minecraftforge.fml.loading.moddiscovery.ModFileInfo/LOADING]: Found valid mod file fabric-message-api-v1-5.1.9+52cc178c77.jar with {fabric_message_api_v1} mods - versions {5.1.9+52cc178c77}
[12Jul2025 20:10:23.105] [main/DEBUG] [net.minecraftforge.fml.loading.moddiscovery.ModFileParser/LOADING]: Considering mod file candidate 
[12Jul2025 20:10:23.106] [main/DEBUG] [net.minecraftforge.fml.loading.moddiscovery.ModFileInfo/LOADING]: Found valid mod file fabric-mining-level-api-v1-2.1.50+561530ec77.jar with {fabric_mining_level_api_v1} mods - versions {2.1.50+561530ec77}
[12Jul2025 20:10:23.108] [main/DEBUG] [net.minecraftforge.fml.loading.moddiscovery.ModFileParser/LOADING]: Considering mod file candidate 
[12Jul2025 20:10:23.109] [main/DEBUG] [net.minecraftforge.fml.loading.moddiscovery.ModFileInfo/LOADING]: Found valid mod file fabric-model-loading-api-v1-1.0.3+6274ab9d77.jar with {fabric_model_loading_api_v1} mods - versions {1.0.3+6274ab9d77}
[12Jul2025 20:10:23.112] [main/DEBUG] [net.minecraftforge.fml.loading.moddiscovery.ModFileParser/LOADING]: Considering mod file candidate 
[12Jul2025 20:10:23.113] [main/DEBUG] [net.minecraftforge.fml.loading.moddiscovery.ModFileInfo/LOADING]: Found valid mod file fabric-networking-api-v1-1.3.11+503a202477.jar with {fabric_networking_api_v1} mods - versions {1.3.11+503a202477}
[12Jul2025 20:10:23.116] [main/DEBUG] [net.minecraftforge.fml.loading.moddiscovery.ModFileParser/LOADING]: Considering mod file candidate 
[12Jul2025 20:10:23.116] [main/DEBUG] [net.minecraftforge.fml.loading.moddiscovery.ModFileInfo/LOADING]: Found valid mod file fabric-object-builder-api-v1-11.1.3+4bd998fa77.jar with {fabric_object_builder_api_v1} mods - versions {11.1.3+4bd998fa77}
[12Jul2025 20:10:23.118] [main/DEBUG] [net.minecraftforge.fml.loading.moddiscovery.ModFileParser/LOADING]: Considering mod file candidate 
[12Jul2025 20:10:23.119] [main/DEBUG] [net.minecraftforge.fml.loading.moddiscovery.ModFileInfo/LOADING]: Found valid mod file fabric-particles-v1-1.1.2+78e1ecb877.jar with {fabric_particles_v1} mods - versions {1.1.2+78e1ecb877}
[12Jul2025 20:10:23.121] [main/DEBUG] [net.minecraftforge.fml.loading.moddiscovery.ModFileParser/LOADING]: Considering mod file candidate 
[12Jul2025 20:10:23.122] [main/DEBUG] [net.minecraftforge.fml.loading.moddiscovery.ModFileInfo/LOADING]: Found valid mod file fabric-recipe-api-v1-1.0.21+514a076577.jar with {fabric_recipe_api_v1} mods - versions {1.0.21+514a076577}
[12Jul2025 20:10:23.125] [main/DEBUG] [net.minecraftforge.fml.loading.moddiscovery.ModFileParser/LOADING]: Considering mod file candidate 
[12Jul2025 20:10:23.126] [main/DEBUG] [net.minecraftforge.fml.loading.moddiscovery.ModFileInfo/LOADING]: Found valid mod file fabric-registry-sync-v0-2.3.3+1c0ea72177.jar with {fabric_registry_sync_v0} mods - versions {2.3.3+1c0ea72177}
[12Jul2025 20:10:23.129] [main/DEBUG] [net.minecraftforge.fml.loading.moddiscovery.ModFileParser/LOADING]: Considering mod file candidate 
[12Jul2025 20:10:23.129] [main/DEBUG] [net.minecraftforge.fml.loading.moddiscovery.ModFileInfo/LOADING]: Found valid mod file fabric-renderer-api-v1-3.2.1+cf68abbe77.jar with {fabric_renderer_api_v1} mods - versions {3.2.1+cf68abbe77}
[12Jul2025 20:10:23.132] [main/DEBUG] [net.minecraftforge.fml.loading.moddiscovery.ModFileParser/LOADING]: Considering mod file candidate 
[12Jul2025 20:10:23.133] [main/DEBUG] [net.minecraftforge.fml.loading.moddiscovery.ModFileInfo/LOADING]: Found valid mod file fabric-renderer-indigo-1.5.2+b5b2da4177.jar with {fabric_renderer_indigo} mods - versions {1.5.2+b5b2da4177}
[12Jul2025 20:10:23.135] [main/DEBUG] [net.minecraftforge.fml.loading.moddiscovery.ModFileParser/LOADING]: Considering mod file candidate 
[12Jul2025 20:10:23.135] [main/DEBUG] [net.minecraftforge.fml.loading.moddiscovery.ModFileInfo/LOADING]: Found valid mod file fabric-rendering-fluids-v1-3.0.28+4ac5e37a77.jar with {fabric_rendering_fluids_v1} mods - versions {3.0.28+4ac5e37a77}
[12Jul2025 20:10:23.138] [main/DEBUG] [net.minecraftforge.fml.loading.moddiscovery.ModFileParser/LOADING]: Considering mod file candidate 
[12Jul2025 20:10:23.139] [main/DEBUG] [net.minecraftforge.fml.loading.moddiscovery.ModFileInfo/LOADING]: Found valid mod file fabric-rendering-v1-3.0.8+66e9a48f77.jar with {fabric_rendering_v1} mods - versions {3.0.8+66e9a48f77}
[12Jul2025 20:10:23.140] [main/DEBUG] [net.minecraftforge.fml.loading.moddiscovery.ModFileParser/LOADING]: Considering mod file candidate 
[12Jul2025 20:10:23.141] [main/DEBUG] [net.minecraftforge.fml.loading.moddiscovery.ModFileInfo/LOADING]: Found valid mod file fabric-resource-conditions-api-v1-2.3.8+9e342fc177.jar with {fabric_resource_conditions_api_v1} mods - versions {2.3.8+9e342fc177}
[12Jul2025 20:10:23.143] [main/DEBUG] [net.minecraftforge.fml.loading.moddiscovery.ModFileParser/LOADING]: Considering mod file candidate 
[12Jul2025 20:10:23.144] [main/DEBUG] [net.minecraftforge.fml.loading.moddiscovery.ModFileInfo/LOADING]: Found valid mod file fabric-resource-loader-v0-0.11.10+bcd08ed377.jar with {fabric_resource_loader_v0} mods - versions {0.11.10+bcd08ed377}
[12Jul2025 20:10:23.146] [main/DEBUG] [net.minecraftforge.fml.loading.moddiscovery.ModFileParser/LOADING]: Considering mod file candidate 
[12Jul2025 20:10:23.146] [main/DEBUG] [net.minecraftforge.fml.loading.moddiscovery.ModFileInfo/LOADING]: Found valid mod file fabric-screen-api-v1-2.0.8+45a670a577.jar with {fabric_screen_api_v1} mods - versions {2.0.8+45a670a577}
[12Jul2025 20:10:23.147] [main/DEBUG] [net.minecraftforge.fml.loading.moddiscovery.ModFileParser/LOADING]: Considering mod file candidate 
[12Jul2025 20:10:23.148] [main/DEBUG] [net.minecraftforge.fml.loading.moddiscovery.ModFileInfo/LOADING]: Found valid mod file fabric-screen-handler-api-v1-1.3.30+561530ec77.jar with {fabric_screen_handler_api_v1} mods - versions {1.3.30+561530ec77}
[12Jul2025 20:10:23.149] [main/DEBUG] [net.minecraftforge.fml.loading.moddiscovery.ModFileParser/LOADING]: Considering mod file candidate 
[12Jul2025 20:10:23.150] [main/DEBUG] [net.minecraftforge.fml.loading.moddiscovery.ModFileInfo/LOADING]: Found valid mod file fabric-sound-api-v1-1.0.13+4f23bd8477.jar with {fabric_sound_api_v1} mods - versions {1.0.13+4f23bd8477}
[12Jul2025 20:10:23.154] [main/DEBUG] [net.minecraftforge.fml.loading.moddiscovery.ModFileParser/LOADING]: Considering mod file candidate 
[12Jul2025 20:10:23.155] [main/DEBUG] [net.minecraftforge.fml.loading.moddiscovery.ModFileInfo/LOADING]: Found valid mod file fabric-transfer-api-v1-3.3.5+631c9cd677.jar with {fabric_transfer_api_v1} mods - versions {3.3.5+631c9cd677}
[12Jul2025 20:10:23.156] [main/DEBUG] [net.minecraftforge.fml.loading.moddiscovery.ModFileParser/LOADING]: Considering mod file candidate 
[12Jul2025 20:10:23.157] [main/DEBUG] [net.minecraftforge.fml.loading.moddiscovery.ModFileInfo/LOADING]: Found valid mod file fabric-transitive-access-wideners-v1-4.3.1+1880499877.jar with {fabric_transitive_access_wideners_v1} mods - versions {4.3.1+1880499877}
[12Jul2025 20:10:23.158] [main/DEBUG] [net.minecraftforge.fml.loading.moddiscovery.ModFileParser/LOADING]: Considering mod file candidate 
[12Jul2025 20:10:23.159] [main/DEBUG] [net.minecraftforge.fml.loading.moddiscovery.ModFileInfo/LOADING]: Found valid mod file fabric-command-api-v1-1.2.34+f71b366f77.jar with {fabric_command_api_v1} mods - versions {1.2.34+f71b366f77}
[12Jul2025 20:10:23.160] [main/DEBUG] [net.minecraftforge.fml.loading.moddiscovery.ModFileParser/LOADING]: Considering mod file candidate 
[12Jul2025 20:10:23.161] [main/DEBUG] [net.minecraftforge.fml.loading.moddiscovery.ModFileInfo/LOADING]: Found valid mod file fabric-models-v0-0.4.2+7c3892a477.jar with {fabric_models_v0} mods - versions {0.4.2+7c3892a477}
[12Jul2025 20:10:23.162] [main/DEBUG] [net.minecraftforge.fml.loading.moddiscovery.ModFileParser/LOADING]: Considering mod file candidate 
[12Jul2025 20:10:23.163] [main/DEBUG] [net.minecraftforge.fml.loading.moddiscovery.ModFileInfo/LOADING]: Found valid mod file fabric-rendering-data-attachment-v1-0.3.37+a6081afc77.jar with {fabric_rendering_data_attachment_v1} mods - versions {0.3.37+a6081afc77}
[12Jul2025 20:10:23.175] [main/DEBUG] [net.minecraftforge.fml.loading.moddiscovery.ModFileParser/LOADING]: Considering mod file candidate 
[12Jul2025 20:10:23.176] [main/DEBUG] [net.minecraftforge.fml.loading.moddiscovery.ModFileInfo/LOADING]: Found valid mod file mixinextras-forge-0.3.6.jar with {mixinextras} mods - versions {0.3.6}
[12Jul2025 20:10:23.184] [main/DEBUG] [net.minecraftforge.fml.loading.moddiscovery.ModFileParser/LOADING]: Considering mod file candidate 
[12Jul2025 20:10:23.185] [main/DEBUG] [net.minecraftforge.fml.loading.moddiscovery.ModFileInfo/LOADING]: Found valid mod file playeranimator-1.0.2-rc1+1.20-forge.jar with {playeranimator} mods - versions {1.0.2-rc1+1.20}
[12Jul2025 20:10:23.187] [main/DEBUG] [net.minecraftforge.fml.loading.moddiscovery.ModFileParser/LOADING]: Considering mod file candidate 
[12Jul2025 20:10:23.188] [main/DEBUG] [net.minecraftforge.fml.loading.moddiscovery.ModFileInfo/LOADING]: Found valid mod file kuma-api-forge-20.1.10+1.20.1.jar with {kuma_api} mods - versions {20.1.10}
[12Jul2025 20:10:23.195] [main/DEBUG] [net.minecraftforge.fml.loading.moddiscovery.AbstractJarFileDependencyLocator/]: Failed to load resource META-INF/jarjar/metadata.json from runtime-1.0.0+1.20.1.jar, it does not contain dependency information.
[12Jul2025 20:10:23.195] [main/DEBUG] [net.minecraftforge.fml.loading.moddiscovery.AbstractJarFileDependencyLocator/]: Failed to load resource META-INF/jarjar/metadata.json from Connector-1.0.0-beta.46+1.20.1-fabricloader.jar, it does not contain dependency information.
[12Jul2025 20:10:23.195] [main/DEBUG] [net.minecraftforge.fml.loading.moddiscovery.AbstractJarFileDependencyLocator/]: Failed to load resource META-INF/jarjar/metadata.json from fabric-loader-2.6.0+0.15.0+1.20.1-full.jar, it does not contain dependency information.
[12Jul2025 20:10:23.199] [main/DEBUG] [net.minecraftforge.fml.loading.moddiscovery.AbstractJarFileDependencyLocator/]: Failed to load resource META-INF/jarjar/metadata.json from fabric-api-base-0.4.31+ef105b4977.jar, it does not contain dependency information.
[12Jul2025 20:10:23.199] [main/DEBUG] [net.minecraftforge.fml.loading.moddiscovery.AbstractJarFileDependencyLocator/]: Failed to load resource META-INF/jarjar/metadata.json from fabric-api-lookup-api-v1-1.6.36+67f9824077.jar, it does not contain dependency information.
[12Jul2025 20:10:23.200] [main/DEBUG] [net.minecraftforge.fml.loading.moddiscovery.AbstractJarFileDependencyLocator/]: Failed to load resource META-INF/jarjar/metadata.json from fabric-biome-api-v1-13.0.13+dc36698e77.jar, it does not contain dependency information.
[12Jul2025 20:10:23.200] [main/DEBUG] [net.minecraftforge.fml.loading.moddiscovery.AbstractJarFileDependencyLocator/]: Failed to load resource META-INF/jarjar/metadata.json from fabric-block-api-v1-1.0.11+0e6cb7f777.jar, it does not contain dependency information.
[12Jul2025 20:10:23.200] [main/DEBUG] [net.minecraftforge.fml.loading.moddiscovery.AbstractJarFileDependencyLocator/]: Failed to load resource META-INF/jarjar/metadata.json from fabric-block-view-api-v2-1.0.1+0767707077.jar, it does not contain dependency information.
[12Jul2025 20:10:23.200] [main/DEBUG] [net.minecraftforge.fml.loading.moddiscovery.AbstractJarFileDependencyLocator/]: Failed to load resource META-INF/jarjar/metadata.json from fabric-blockrenderlayer-v1-1.1.41+1d0da21e77.jar, it does not contain dependency information.
[12Jul2025 20:10:23.200] [main/DEBUG] [net.minecraftforge.fml.loading.moddiscovery.AbstractJarFileDependencyLocator/]: Failed to load resource META-INF/jarjar/metadata.json from fabric-client-tags-api-v1-1.1.2+5d6761b877.jar, it does not contain dependency information.
[12Jul2025 20:10:23.200] [main/DEBUG] [net.minecraftforge.fml.loading.moddiscovery.AbstractJarFileDependencyLocator/]: Failed to load resource META-INF/jarjar/metadata.json from fabric-command-api-v2-2.2.13+561530ec77.jar, it does not contain dependency information.
[12Jul2025 20:10:23.201] [main/DEBUG] [net.minecraftforge.fml.loading.moddiscovery.AbstractJarFileDependencyLocator/]: Failed to load resource META-INF/jarjar/metadata.json from fabric-content-registries-v0-4.0.11+a670df1e77.jar, it does not contain dependency information.
[12Jul2025 20:10:23.201] [main/DEBUG] [net.minecraftforge.fml.loading.moddiscovery.AbstractJarFileDependencyLocator/]: Failed to load resource META-INF/jarjar/metadata.json from fabric-convention-tags-v1-1.5.5+fa3d1c0177.jar, it does not contain dependency information.
[12Jul2025 20:10:23.201] [main/DEBUG] [net.minecraftforge.fml.loading.moddiscovery.AbstractJarFileDependencyLocator/]: Failed to load resource META-INF/jarjar/metadata.json from fabric-data-attachment-api-v1-1.0.0+30ef839e77.jar, it does not contain dependency information.
[12Jul2025 20:10:23.201] [main/DEBUG] [net.minecraftforge.fml.loading.moddiscovery.AbstractJarFileDependencyLocator/]: Failed to load resource META-INF/jarjar/metadata.json from fabric-data-generation-api-v1-12.3.4+369cb3a477.jar, it does not contain dependency information.
[12Jul2025 20:10:23.201] [main/DEBUG] [net.minecraftforge.fml.loading.moddiscovery.AbstractJarFileDependencyLocator/]: Failed to load resource META-INF/jarjar/metadata.json from fabric-dimensions-v1-2.1.54+8005d10d77.jar, it does not contain dependency information.
[12Jul2025 20:10:23.201] [main/DEBUG] [net.minecraftforge.fml.loading.moddiscovery.AbstractJarFileDependencyLocator/]: Failed to load resource META-INF/jarjar/metadata.json from fabric-entity-events-v1-1.6.0+4ca7515277.jar, it does not contain dependency information.
[12Jul2025 20:10:23.202] [main/DEBUG] [net.minecraftforge.fml.loading.moddiscovery.AbstractJarFileDependencyLocator/]: Failed to load resource META-INF/jarjar/metadata.json from fabric-events-interaction-v0-0.6.2+0d0bd5a777.jar, it does not contain dependency information.
[12Jul2025 20:10:23.202] [main/DEBUG] [net.minecraftforge.fml.loading.moddiscovery.AbstractJarFileDependencyLocator/]: Failed to load resource META-INF/jarjar/metadata.json from fabric-game-rule-api-v1-1.0.40+683d4da877.jar, it does not contain dependency information.
[12Jul2025 20:10:23.202] [main/DEBUG] [net.minecraftforge.fml.loading.moddiscovery.AbstractJarFileDependencyLocator/]: Failed to load resource META-INF/jarjar/metadata.json from fabric-item-api-v1-2.1.28+4d0bbcfa77.jar, it does not contain dependency information.
[12Jul2025 20:10:23.202] [main/DEBUG] [net.minecraftforge.fml.loading.moddiscovery.AbstractJarFileDependencyLocator/]: Failed to load resource META-INF/jarjar/metadata.json from fabric-item-group-api-v1-4.0.12+c9161c2d77.jar, it does not contain dependency information.
[12Jul2025 20:10:23.202] [main/DEBUG] [net.minecraftforge.fml.loading.moddiscovery.AbstractJarFileDependencyLocator/]: Failed to load resource META-INF/jarjar/metadata.json from fabric-key-binding-api-v1-1.0.37+561530ec77.jar, it does not contain dependency information.
[12Jul2025 20:10:23.202] [main/DEBUG] [net.minecraftforge.fml.loading.moddiscovery.AbstractJarFileDependencyLocator/]: Failed to load resource META-INF/jarjar/metadata.json from fabric-lifecycle-events-v1-2.2.22+afab492177.jar, it does not contain dependency information.
[12Jul2025 20:10:23.203] [main/DEBUG] [net.minecraftforge.fml.loading.moddiscovery.AbstractJarFileDependencyLocator/]: Failed to load resource META-INF/jarjar/metadata.json from fabric-loot-api-v2-1.2.1+eb28f93e77.jar, it does not contain dependency information.
[12Jul2025 20:10:23.203] [main/DEBUG] [net.minecraftforge.fml.loading.moddiscovery.AbstractJarFileDependencyLocator/]: Failed to load resource META-INF/jarjar/metadata.json from fabric-message-api-v1-5.1.9+52cc178c77.jar, it does not contain dependency information.
[12Jul2025 20:10:23.203] [main/DEBUG] [net.minecraftforge.fml.loading.moddiscovery.AbstractJarFileDependencyLocator/]: Failed to load resource META-INF/jarjar/metadata.json from fabric-mining-level-api-v1-2.1.50+561530ec77.jar, it does not contain dependency information.
[12Jul2025 20:10:23.203] [main/DEBUG] [net.minecraftforge.fml.loading.moddiscovery.AbstractJarFileDependencyLocator/]: Failed to load resource META-INF/jarjar/metadata.json from fabric-model-loading-api-v1-1.0.3+6274ab9d77.jar, it does not contain dependency information.
[12Jul2025 20:10:23.203] [main/DEBUG] [net.minecraftforge.fml.loading.moddiscovery.AbstractJarFileDependencyLocator/]: Failed to load resource META-INF/jarjar/metadata.json from fabric-networking-api-v1-1.3.11+503a202477.jar, it does not contain dependency information.
[12Jul2025 20:10:23.203] [main/DEBUG] [net.minecraftforge.fml.loading.moddiscovery.AbstractJarFileDependencyLocator/]: Failed to load resource META-INF/jarjar/metadata.json from fabric-object-builder-api-v1-11.1.3+4bd998fa77.jar, it does not contain dependency information.
[12Jul2025 20:10:23.203] [main/DEBUG] [net.minecraftforge.fml.loading.moddiscovery.AbstractJarFileDependencyLocator/]: Failed to load resource META-INF/jarjar/metadata.json from fabric-particles-v1-1.1.2+78e1ecb877.jar, it does not contain dependency information.
[12Jul2025 20:10:23.204] [main/DEBUG] [net.minecraftforge.fml.loading.moddiscovery.AbstractJarFileDependencyLocator/]: Failed to load resource META-INF/jarjar/metadata.json from fabric-recipe-api-v1-1.0.21+514a076577.jar, it does not contain dependency information.
[12Jul2025 20:10:23.204] [main/DEBUG] [net.minecraftforge.fml.loading.moddiscovery.AbstractJarFileDependencyLocator/]: Failed to load resource META-INF/jarjar/metadata.json from fabric-registry-sync-v0-2.3.3+1c0ea72177.jar, it does not contain dependency information.
[12Jul2025 20:10:23.204] [main/DEBUG] [net.minecraftforge.fml.loading.moddiscovery.AbstractJarFileDependencyLocator/]: Failed to load resource META-INF/jarjar/metadata.json from fabric-renderer-api-v1-3.2.1+cf68abbe77.jar, it does not contain dependency information.
[12Jul2025 20:10:23.204] [main/DEBUG] [net.minecraftforge.fml.loading.moddiscovery.AbstractJarFileDependencyLocator/]: Failed to load resource META-INF/jarjar/metadata.json from fabric-renderer-indigo-1.5.2+b5b2da4177.jar, it does not contain dependency information.
[12Jul2025 20:10:23.204] [main/DEBUG] [net.minecraftforge.fml.loading.moddiscovery.AbstractJarFileDependencyLocator/]: Failed to load resource META-INF/jarjar/metadata.json from fabric-rendering-fluids-v1-3.0.28+4ac5e37a77.jar, it does not contain dependency information.
[12Jul2025 20:10:23.204] [main/DEBUG] [net.minecraftforge.fml.loading.moddiscovery.AbstractJarFileDependencyLocator/]: Failed to load resource META-INF/jarjar/metadata.json from fabric-rendering-v1-3.0.8+66e9a48f77.jar, it does not contain dependency information.
[12Jul2025 20:10:23.204] [main/DEBUG] [net.minecraftforge.fml.loading.moddiscovery.AbstractJarFileDependencyLocator/]: Failed to load resource META-INF/jarjar/metadata.json from fabric-resource-conditions-api-v1-2.3.8+9e342fc177.jar, it does not contain dependency information.
[12Jul2025 20:10:23.204] [main/DEBUG] [net.minecraftforge.fml.loading.moddiscovery.AbstractJarFileDependencyLocator/]: Failed to load resource META-INF/jarjar/metadata.json from fabric-resource-loader-v0-0.11.10+bcd08ed377.jar, it does not contain dependency information.
[12Jul2025 20:10:23.205] [main/DEBUG] [net.minecraftforge.fml.loading.moddiscovery.AbstractJarFileDependencyLocator/]: Failed to load resource META-INF/jarjar/metadata.json from fabric-screen-api-v1-2.0.8+45a670a577.jar, it does not contain dependency information.
[12Jul2025 20:10:23.205] [main/DEBUG] [net.minecraftforge.fml.loading.moddiscovery.AbstractJarFileDependencyLocator/]: Failed to load resource META-INF/jarjar/metadata.json from fabric-screen-handler-api-v1-1.3.30+561530ec77.jar, it does not contain dependency information.
[12Jul2025 20:10:23.205] [main/DEBUG] [net.minecraftforge.fml.loading.moddiscovery.AbstractJarFileDependencyLocator/]: Failed to load resource META-INF/jarjar/metadata.json from fabric-sound-api-v1-1.0.13+4f23bd8477.jar, it does not contain dependency information.
[12Jul2025 20:10:23.205] [main/DEBUG] [net.minecraftforge.fml.loading.moddiscovery.AbstractJarFileDependencyLocator/]: Failed to load resource META-INF/jarjar/metadata.json from fabric-transfer-api-v1-3.3.5+631c9cd677.jar, it does not contain dependency information.
[12Jul2025 20:10:23.205] [main/DEBUG] [net.minecraftforge.fml.loading.moddiscovery.AbstractJarFileDependencyLocator/]: Failed to load resource META-INF/jarjar/metadata.json from fabric-transitive-access-wideners-v1-4.3.1+1880499877.jar, it does not contain dependency information.
[12Jul2025 20:10:23.205] [main/DEBUG] [net.minecraftforge.fml.loading.moddiscovery.AbstractJarFileDependencyLocator/]: Failed to load resource META-INF/jarjar/metadata.json from fabric-command-api-v1-1.2.34+f71b366f77.jar, it does not contain dependency information.
[12Jul2025 20:10:23.205] [main/DEBUG] [net.minecraftforge.fml.loading.moddiscovery.AbstractJarFileDependencyLocator/]: Failed to load resource META-INF/jarjar/metadata.json from fabric-models-v0-0.4.2+7c3892a477.jar, it does not contain dependency information.
[12Jul2025 20:10:23.206] [main/DEBUG] [net.minecraftforge.fml.loading.moddiscovery.AbstractJarFileDependencyLocator/]: Failed to load resource META-INF/jarjar/metadata.json from fabric-rendering-data-attachment-v1-0.3.37+a6081afc77.jar, it does not contain dependency information.
[12Jul2025 20:10:23.206] [main/DEBUG] [net.minecraftforge.fml.loading.moddiscovery.AbstractJarFileDependencyLocator/]: Failed to load resource META-INF/jarjar/metadata.json from mclib-20.jar, it does not contain dependency information.
[12Jul2025 20:10:23.210] [main/DEBUG] [net.minecraftforge.fml.loading.moddiscovery.AbstractJarFileDependencyLocator/]: Failed to load resource META-INF/jarjar/metadata.json from playeranimator-1.0.2-rc1+1.20-forge.jar, it does not contain dependency information.
[12Jul2025 20:10:23.210] [main/DEBUG] [net.minecraftforge.fml.loading.moddiscovery.AbstractJarFileDependencyLocator/]: Failed to load resource META-INF/jarjar/metadata.json from kuma-api-forge-20.1.10+1.20.1.jar, it does not contain dependency information.
[12Jul2025 20:10:23.210] [main/DEBUG] [net.minecraftforge.fml.loading.moddiscovery.AbstractJarFileDependencyLocator/]: Failed to load resource META-INF/jarjar/metadata.json from java-client-3.0.6-SNAPSHOT.jar, it does not contain dependency information.
[12Jul2025 20:10:23.210] [main/DEBUG] [net.minecraftforge.fml.loading.moddiscovery.AbstractJarFileDependencyLocator/]: Failed to load resource META-INF/jarjar/metadata.json from MixinExtras-0.3.2.jar, it does not contain dependency information.
[12Jul2025 20:10:23.211] [main/DEBUG] [net.minecraftforge.fml.loading.moddiscovery.AbstractJarFileDependencyLocator/]: Failed to load resource META-INF/jarjar/metadata.json from MixinExtras-0.3.5.jar, it does not contain dependency information.
[12Jul2025 20:10:23.211] [main/DEBUG] [net.minecraftforge.fml.loading.moddiscovery.AbstractJarFileDependencyLocator/]: Failed to load resource META-INF/jarjar/metadata.json from MixinExtras-0.3.6.jar, it does not contain dependency information.
[12Jul2025 20:10:23.233] [main/DEBUG] [net.minecraftforge.fml.loading.moddiscovery.ModFileParser/LOADING]: Considering mod file candidate 
[12Jul2025 20:10:23.234] [main/DEBUG] [net.minecraftforge.fml.loading.moddiscovery.ModFileInfo/LOADING]: Found valid mod file fabric-api-lookup-api-v1-1.6.36+67f9824077.jar with {fabric_api_lookup_api_v1} mods - versions {1.6.36+67f9824077}
[12Jul2025 20:10:23.234] [main/DEBUG] [net.minecraftforge.fml.loading.moddiscovery.ModFileParser/LOADING]: Considering mod file candidate 
[12Jul2025 20:10:23.235] [main/DEBUG] [net.minecraftforge.fml.loading.moddiscovery.ModFileInfo/LOADING]: Found valid mod file fabric-command-api-v2-2.2.13+561530ec77.jar with {fabric_command_api_v2} mods - versions {2.2.13+561530ec77}
[12Jul2025 20:10:23.235] [main/DEBUG] [net.minecraftforge.fml.loading.moddiscovery.ModFileParser/LOADING]: Considering mod file candidate 
[12Jul2025 20:10:23.236] [main/DEBUG] [net.minecraftforge.fml.loading.moddiscovery.ModFileInfo/LOADING]: Found valid mod file fabric-rendering-data-attachment-v1-0.3.37+a6081afc77.jar with {fabric_rendering_data_attachment_v1} mods - versions {0.3.37+a6081afc77}
[12Jul2025 20:10:23.237] [main/DEBUG] [net.minecraftforge.fml.loading.moddiscovery.ModFileParser/LOADING]: Considering mod file candidate 
[12Jul2025 20:10:23.237] [main/DEBUG] [net.minecraftforge.fml.loading.moddiscovery.ModFileInfo/LOADING]: Found valid mod file fabric-recipe-api-v1-1.0.21+514a076577.jar with {fabric_recipe_api_v1} mods - versions {1.0.21+514a076577}
[12Jul2025 20:10:23.241] [main/DEBUG] [net.minecraftforge.fml.loading.moddiscovery.ModFileParser/LOADING]: Considering mod file candidate 
[12Jul2025 20:10:23.241] [main/DEBUG] [net.minecraftforge.fml.loading.moddiscovery.ModFileInfo/LOADING]: Found valid mod file fabric-resource-conditions-api-v1-2.3.8+9e342fc177.jar with {fabric_resource_conditions_api_v1} mods - versions {2.3.8+9e342fc177}
[12Jul2025 20:10:23.243] [main/DEBUG] [net.minecraftforge.fml.loading.moddiscovery.ModFileParser/LOADING]: Considering mod file candidate 
[12Jul2025 20:10:23.243] [main/DEBUG] [net.minecraftforge.fml.loading.moddiscovery.ModFileInfo/LOADING]: Found valid mod file fabric-data-generation-api-v1-12.3.4+369cb3a477.jar with {fabric_data_generation_api_v1} mods - versions {12.3.4+369cb3a477}
[12Jul2025 20:10:23.244] [main/DEBUG] [net.minecraftforge.fml.loading.moddiscovery.ModFileParser/LOADING]: Considering mod file candidate 
[12Jul2025 20:10:23.245] [main/DEBUG] [net.minecraftforge.fml.loading.moddiscovery.ModFileInfo/LOADING]: Found valid mod file fabric-content-registries-v0-4.0.11+a670df1e77.jar with {fabric_content_registries_v0} mods - versions {4.0.11+a670df1e77}
[12Jul2025 20:10:23.247] [main/DEBUG] [net.minecraftforge.fml.loading.moddiscovery.ModFileParser/LOADING]: Considering mod file candidate 
[12Jul2025 20:10:23.247] [main/DEBUG] [net.minecraftforge.fml.loading.moddiscovery.ModFileInfo/LOADING]: Found valid mod file kuma-api-forge-20.1.10+1.20.1.jar with {kuma_api} mods - versions {20.1.10}
[12Jul2025 20:10:23.248] [main/DEBUG] [net.minecraftforge.fml.loading.moddiscovery.ModFileParser/LOADING]: Considering mod file candidate 
[12Jul2025 20:10:23.249] [main/DEBUG] [net.minecraftforge.fml.loading.moddiscovery.ModFileInfo/LOADING]: Found valid mod file fabric-model-loading-api-v1-1.0.3+6274ab9d77.jar with {fabric_model_loading_api_v1} mods - versions {1.0.3+6274ab9d77}
[12Jul2025 20:10:23.250] [main/DEBUG] [net.minecraftforge.fml.loading.moddiscovery.ModFileParser/LOADING]: Considering mod file candidate 
[12Jul2025 20:10:23.250] [main/DEBUG] [net.minecraftforge.fml.loading.moddiscovery.ModFileInfo/LOADING]: Found valid mod file fabric-blockrenderlayer-v1-1.1.41+1d0da21e77.jar with {fabric_blockrenderlayer_v1} mods - versions {1.1.41+1d0da21e77}
[12Jul2025 20:10:23.251] [main/DEBUG] [net.minecraftforge.fml.loading.moddiscovery.ModFileParser/LOADING]: Considering mod file candidate 
[12Jul2025 20:10:23.251] [main/DEBUG] [net.minecraftforge.fml.loading.moddiscovery.ModFileInfo/LOADING]: Found valid mod file fabric-command-api-v1-1.2.34+f71b366f77.jar with {fabric_command_api_v1} mods - versions {1.2.34+f71b366f77}
[12Jul2025 20:10:23.254] [main/DEBUG] [net.minecraftforge.fml.loading.moddiscovery.ModFileParser/LOADING]: Considering mod file candidate 
[12Jul2025 20:10:23.254] [main/DEBUG] [net.minecraftforge.fml.loading.moddiscovery.ModFileInfo/LOADING]: Found valid mod file playeranimator-1.0.2-rc1+1.20-forge.jar with {playeranimator} mods - versions {1.0.2-rc1+1.20}
[12Jul2025 20:10:23.256] [main/DEBUG] [net.minecraftforge.fml.loading.moddiscovery.ModFileParser/LOADING]: Considering mod file candidate 
[12Jul2025 20:10:23.256] [main/DEBUG] [net.minecraftforge.fml.loading.moddiscovery.ModFileInfo/LOADING]: Found valid mod file fabric-networking-api-v1-1.3.11+503a202477.jar with {fabric_networking_api_v1} mods - versions {1.3.11+503a202477}
[12Jul2025 20:10:23.257] [main/DEBUG] [net.minecraftforge.fml.loading.moddiscovery.ModFileParser/LOADING]: Considering mod file candidate 
[12Jul2025 20:10:23.257] [main/DEBUG] [net.minecraftforge.fml.loading.moddiscovery.ModFileInfo/LOADING]: Found valid mod file fabric-sound-api-v1-1.0.13+4f23bd8477.jar with {fabric_sound_api_v1} mods - versions {1.0.13+4f23bd8477}
[12Jul2025 20:10:23.258] [main/DEBUG] [net.minecraftforge.fml.loading.moddiscovery.ModFileParser/LOADING]: Considering mod file candidate 
[12Jul2025 20:10:23.258] [main/DEBUG] [net.minecraftforge.fml.loading.moddiscovery.ModFileInfo/LOADING]: Found valid mod file fabric-dimensions-v1-2.1.54+8005d10d77.jar with {fabric_dimensions_v1} mods - versions {2.1.54+8005d10d77}
[12Jul2025 20:10:23.259] [main/DEBUG] [net.minecraftforge.fml.loading.moddiscovery.ModFileParser/LOADING]: Considering mod file candidate 
[12Jul2025 20:10:23.260] [main/DEBUG] [net.minecraftforge.fml.loading.moddiscovery.ModFileInfo/LOADING]: Found valid mod file fabric-screen-handler-api-v1-1.3.30+561530ec77.jar with {fabric_screen_handler_api_v1} mods - versions {1.3.30+561530ec77}
[12Jul2025 20:10:23.260] [main/DEBUG] [net.minecraftforge.fml.loading.moddiscovery.ModFileParser/LOADING]: Considering mod file candidate 
[12Jul2025 20:10:23.261] [main/DEBUG] [net.minecraftforge.fml.loading.moddiscovery.ModFileInfo/LOADING]: Found valid mod file fabric-data-attachment-api-v1-1.0.0+30ef839e77.jar with {fabric_data_attachment_api_v1} mods - versions {1.0.0+30ef839e77}
[12Jul2025 20:10:23.262] [main/DEBUG] [net.minecraftforge.fml.loading.moddiscovery.ModFileParser/LOADING]: Considering mod file candidate 
[12Jul2025 20:10:23.262] [main/DEBUG] [net.minecraftforge.fml.loading.moddiscovery.ModFileInfo/LOADING]: Found valid mod file mixinextras-forge-0.3.6.jar with {mixinextras} mods - versions {0.3.6}
[12Jul2025 20:10:23.263] [main/DEBUG] [net.minecraftforge.fml.loading.moddiscovery.ModFileParser/LOADING]: Considering mod file candidate 
[12Jul2025 20:10:23.263] [main/DEBUG] [net.minecraftforge.fml.loading.moddiscovery.ModFileInfo/LOADING]: Found valid mod file fabric-block-api-v1-1.0.11+0e6cb7f777.jar with {fabric_block_api_v1} mods - versions {1.0.11+0e6cb7f777}
[12Jul2025 20:10:23.264] [main/DEBUG] [net.minecraftforge.fml.loading.moddiscovery.ModFileParser/LOADING]: Considering mod file candidate 
[12Jul2025 20:10:23.264] [main/DEBUG] [net.minecraftforge.fml.loading.moddiscovery.ModFileInfo/LOADING]: Found valid mod file fabric-item-group-api-v1-4.0.12+c9161c2d77.jar with {fabric_item_group_api_v1} mods - versions {4.0.12+c9161c2d77}
[12Jul2025 20:10:23.267] [main/DEBUG] [net.minecraftforge.fml.loading.moddiscovery.ModFileParser/LOADING]: Considering mod file candidate 
[12Jul2025 20:10:23.267] [main/DEBUG] [net.minecraftforge.fml.loading.moddiscovery.ModFileInfo/LOADING]: Found valid mod file fabric-transfer-api-v1-3.3.5+631c9cd677.jar with {fabric_transfer_api_v1} mods - versions {3.3.5+631c9cd677}
[12Jul2025 20:10:23.268] [main/DEBUG] [net.minecraftforge.fml.loading.moddiscovery.ModFileParser/LOADING]: Considering mod file candidate 
[12Jul2025 20:10:23.269] [main/DEBUG] [net.minecraftforge.fml.loading.moddiscovery.ModFileInfo/LOADING]: Found valid mod file fabric-lifecycle-events-v1-2.2.22+afab492177.jar with {fabric_lifecycle_events_v1} mods - versions {2.2.22+afab492177}
[12Jul2025 20:10:23.269] [main/DEBUG] [net.minecraftforge.fml.loading.moddiscovery.ModFileParser/LOADING]: Considering mod file candidate 
[12Jul2025 20:10:23.270] [main/DEBUG] [net.minecraftforge.fml.loading.moddiscovery.ModFileInfo/LOADING]: Found valid mod file fabric-item-api-v1-2.1.28+4d0bbcfa77.jar with {fabric_item_api_v1} mods - versions {2.1.28+4d0bbcfa77}
[12Jul2025 20:10:23.271] [main/DEBUG] [net.minecraftforge.fml.loading.moddiscovery.ModFileParser/LOADING]: Considering mod file candidate 
[12Jul2025 20:10:23.271] [main/DEBUG] [net.minecraftforge.fml.loading.moddiscovery.ModFileInfo/LOADING]: Found valid mod file fabric-resource-loader-v0-0.11.10+bcd08ed377.jar with {fabric_resource_loader_v0} mods - versions {0.11.10+bcd08ed377}
[12Jul2025 20:10:23.272] [main/DEBUG] [net.minecraftforge.fml.loading.moddiscovery.ModFileParser/LOADING]: Considering mod file candidate 
[12Jul2025 20:10:23.272] [main/DEBUG] [net.minecraftforge.fml.loading.moddiscovery.ModFileInfo/LOADING]: Found valid mod file fabric-rendering-fluids-v1-3.0.28+4ac5e37a77.jar with {fabric_rendering_fluids_v1} mods - versions {3.0.28+4ac5e37a77}
[12Jul2025 20:10:23.274] [main/DEBUG] [net.minecraftforge.fml.loading.moddiscovery.ModFileParser/LOADING]: Considering mod file candidate 
[12Jul2025 20:10:23.274] [main/DEBUG] [net.minecraftforge.fml.loading.moddiscovery.ModFileInfo/LOADING]: Found valid mod file fabric-rendering-v1-3.0.8+66e9a48f77.jar with {fabric_rendering_v1} mods - versions {3.0.8+66e9a48f77}
[12Jul2025 20:10:23.276] [main/DEBUG] [net.minecraftforge.fml.loading.moddiscovery.ModFileParser/LOADING]: Considering mod file candidate 
[12Jul2025 20:10:23.276] [main/DEBUG] [net.minecraftforge.fml.loading.moddiscovery.ModFileInfo/LOADING]: Found valid mod file fabric-registry-sync-v0-2.3.3+1c0ea72177.jar with {fabric_registry_sync_v0} mods - versions {2.3.3+1c0ea72177}
[12Jul2025 20:10:23.277] [main/DEBUG] [net.minecraftforge.fml.loading.moddiscovery.ModFileParser/LOADING]: Considering mod file candidate 
[12Jul2025 20:10:23.277] [main/DEBUG] [net.minecraftforge.fml.loading.moddiscovery.ModFileInfo/LOADING]: Found valid mod file fabric-client-tags-api-v1-1.1.2+5d6761b877.jar with {fabric_client_tags_api_v1} mods - versions {1.1.2+5d6761b877}
[12Jul2025 20:10:23.278] [main/DEBUG] [net.minecraftforge.fml.loading.moddiscovery.ModFileParser/LOADING]: Considering mod file candidate 
[12Jul2025 20:10:23.279] [main/DEBUG] [net.minecraftforge.fml.loading.moddiscovery.ModFileInfo/LOADING]: Found valid mod file fabric-screen-api-v1-2.0.8+45a670a577.jar with {fabric_screen_api_v1} mods - versions {2.0.8+45a670a577}
[12Jul2025 20:10:23.279] [main/DEBUG] [net.minecraftforge.fml.loading.moddiscovery.ModFileParser/LOADING]: Considering mod file candidate 
[12Jul2025 20:10:23.280] [main/DEBUG] [net.minecraftforge.fml.loading.moddiscovery.ModFileInfo/LOADING]: Found valid mod file fabric-transitive-access-wideners-v1-4.3.1+1880499877.jar with {fabric_transitive_access_wideners_v1} mods - versions {4.3.1+1880499877}
[12Jul2025 20:10:23.281] [main/DEBUG] [net.minecraftforge.fml.loading.moddiscovery.ModFileParser/LOADING]: Considering mod file candidate 
[12Jul2025 20:10:23.282] [main/DEBUG] [net.minecraftforge.fml.loading.moddiscovery.ModFileInfo/LOADING]: Found valid mod file fabric-renderer-api-v1-3.2.1+cf68abbe77.jar with {fabric_renderer_api_v1} mods - versions {3.2.1+cf68abbe77}
[12Jul2025 20:10:23.283] [main/DEBUG] [net.minecraftforge.fml.loading.moddiscovery.ModFileParser/LOADING]: Considering mod file candidate 
[12Jul2025 20:10:23.284] [main/DEBUG] [net.minecraftforge.fml.loading.moddiscovery.ModFileInfo/LOADING]: Found valid mod file fabric-block-view-api-v2-1.0.1+0767707077.jar with {fabric_block_view_api_v2} mods - versions {1.0.1+0767707077}
[12Jul2025 20:10:23.285] [main/DEBUG] [net.minecraftforge.fml.loading.moddiscovery.ModFileParser/LOADING]: Considering mod file candidate 
[12Jul2025 20:10:23.286] [main/DEBUG] [net.minecraftforge.fml.loading.moddiscovery.ModFileInfo/LOADING]: Found valid mod file fabric-renderer-indigo-1.5.2+b5b2da4177.jar with {fabric_renderer_indigo} mods - versions {1.5.2+b5b2da4177}
[12Jul2025 20:10:23.288] [main/DEBUG] [net.minecraftforge.fml.loading.moddiscovery.ModFileParser/LOADING]: Considering mod file candidate 
[12Jul2025 20:10:23.289] [main/DEBUG] [net.minecraftforge.fml.loading.moddiscovery.ModFileInfo/LOADING]: Found valid mod file fabric-game-rule-api-v1-1.0.40+683d4da877.jar with {fabric_game_rule_api_v1} mods - versions {1.0.40+683d4da877}
[12Jul2025 20:10:23.290] [main/DEBUG] [net.minecraftforge.fml.loading.moddiscovery.ModFileParser/LOADING]: Considering mod file candidate 
[12Jul2025 20:10:23.290] [main/DEBUG] [net.minecraftforge.fml.loading.moddiscovery.ModFileInfo/LOADING]: Found valid mod file fabric-convention-tags-v1-1.5.5+fa3d1c0177.jar with {fabric_convention_tags_v1} mods - versions {1.5.5+fa3d1c0177}
[12Jul2025 20:10:23.291] [main/DEBUG] [net.minecraftforge.fml.loading.moddiscovery.ModFileParser/LOADING]: Considering mod file candidate 
[12Jul2025 20:10:23.291] [main/DEBUG] [net.minecraftforge.fml.loading.moddiscovery.ModFileInfo/LOADING]: Found valid mod file fabric-mining-level-api-v1-2.1.50+561530ec77.jar with {fabric_mining_level_api_v1} mods - versions {2.1.50+561530ec77}
[12Jul2025 20:10:23.292] [main/DEBUG] [net.minecraftforge.fml.loading.moddiscovery.ModFileParser/LOADING]: Considering mod file candidate 
[12Jul2025 20:10:23.292] [main/DEBUG] [net.minecraftforge.fml.loading.moddiscovery.ModFileInfo/LOADING]: Found valid mod file fabric-object-builder-api-v1-11.1.3+4bd998fa77.jar with {fabric_object_builder_api_v1} mods - versions {11.1.3+4bd998fa77}
[12Jul2025 20:10:23.293] [main/DEBUG] [net.minecraftforge.fml.loading.moddiscovery.ModFileParser/LOADING]: Considering mod file candidate 
[12Jul2025 20:10:23.294] [main/DEBUG] [net.minecraftforge.fml.loading.moddiscovery.ModFileInfo/LOADING]: Found valid mod file fabric-particles-v1-1.1.2+78e1ecb877.jar with {fabric_particles_v1} mods - versions {1.1.2+78e1ecb877}
[12Jul2025 20:10:23.296] [main/DEBUG] [net.minecraftforge.fml.loading.moddiscovery.ModFileParser/LOADING]: Considering mod file candidate 
[12Jul2025 20:10:23.297] [main/DEBUG] [net.minecraftforge.fml.loading.moddiscovery.ModFileInfo/LOADING]: Found valid mod file fabric-message-api-v1-5.1.9+52cc178c77.jar with {fabric_message_api_v1} mods - versions {5.1.9+52cc178c77}
[12Jul2025 20:10:23.298] [main/DEBUG] [net.minecraftforge.fml.loading.moddiscovery.ModFileParser/LOADING]: Considering mod file candidate 
[12Jul2025 20:10:23.298] [main/DEBUG] [net.minecraftforge.fml.loading.moddiscovery.ModFileInfo/LOADING]: Found valid mod file fabric-entity-events-v1-1.6.0+4ca7515277.jar with {fabric_entity_events_v1} mods - versions {1.6.0+4ca7515277}
[12Jul2025 20:10:23.300] [main/DEBUG] [net.minecraftforge.fml.loading.moddiscovery.ModFileParser/LOADING]: Considering mod file candidate 
[12Jul2025 20:10:23.300] [main/DEBUG] [net.minecraftforge.fml.loading.moddiscovery.ModFileInfo/LOADING]: Found valid mod file fabric-events-interaction-v0-0.6.2+0d0bd5a777.jar with {fabric_events_interaction_v0} mods - versions {0.6.2+0d0bd5a777}
[12Jul2025 20:10:23.301] [main/DEBUG] [net.minecraftforge.fml.loading.moddiscovery.ModFileParser/LOADING]: Considering mod file candidate 
[12Jul2025 20:10:23.302] [main/DEBUG] [net.minecraftforge.fml.loading.moddiscovery.ModFileInfo/LOADING]: Found valid mod file fabric-api-base-0.4.31+ef105b4977.jar with {fabric_api_base} mods - versions {0.4.31+ef105b4977}
[12Jul2025 20:10:23.303] [main/DEBUG] [net.minecraftforge.fml.loading.moddiscovery.ModFileParser/LOADING]: Considering mod file candidate 
[12Jul2025 20:10:23.304] [main/DEBUG] [net.minecraftforge.fml.loading.moddiscovery.ModFileInfo/LOADING]: Found valid mod file fabric-biome-api-v1-13.0.13+dc36698e77.jar with {fabric_biome_api_v1} mods - versions {13.0.13+dc36698e77}
[12Jul2025 20:10:23.304] [main/DEBUG] [net.minecraftforge.fml.loading.moddiscovery.ModFileParser/LOADING]: Considering mod file candidate 
[12Jul2025 20:10:23.305] [main/DEBUG] [net.minecraftforge.fml.loading.moddiscovery.ModFileInfo/LOADING]: Found valid mod file fabric-key-binding-api-v1-1.0.37+561530ec77.jar with {fabric_key_binding_api_v1} mods - versions {1.0.37+561530ec77}
[12Jul2025 20:10:23.305] [main/DEBUG] [net.minecraftforge.fml.loading.moddiscovery.ModFileParser/LOADING]: Considering mod file candidate 
[12Jul2025 20:10:23.306] [main/DEBUG] [net.minecraftforge.fml.loading.moddiscovery.ModFileInfo/LOADING]: Found valid mod file fabric-models-v0-0.4.2+7c3892a477.jar with {fabric_models_v0} mods - versions {0.4.2+7c3892a477}
[12Jul2025 20:10:23.306] [main/DEBUG] [net.minecraftforge.fml.loading.moddiscovery.ModFileParser/LOADING]: Considering mod file candidate 
[12Jul2025 20:10:23.307] [main/DEBUG] [net.minecraftforge.fml.loading.moddiscovery.ModFileInfo/LOADING]: Found valid mod file fabric-loot-api-v2-1.2.1+eb28f93e77.jar with {fabric_loot_api_v2} mods - versions {1.2.1+eb28f93e77}
[12Jul2025 20:10:23.309] [main/INFO] [net.minecraftforge.fml.loading.moddiscovery.JarInJarDependencyLocator/]: Found 51 dependencies adding them to mods collection
[12Jul2025 20:10:23.684] [main/INFO] [org.sinytra.connector.locator.DependencyResolver/]: Dependency resolution found 3 candidates to load
[12Jul2025 20:10:23.731] [main/DEBUG] [org.sinytra.connector.locator.SplitPackageMerger/]: Found 0 split packages across 0 jars
[12Jul2025 20:10:24.208] [main/DEBUG] [org.sinytra.connector.locator.SplitPackageMerger/]: Excluding existing package com.electronwill.nightconfig.toml from jar antique.atlas._1._20.surveyor._1._20.kaleido.config._1._3._1.mapped.srg._1._20._1
[12Jul2025 20:10:24.209] [main/DEBUG] [org.sinytra.connector.locator.SplitPackageMerger/]: Excluding existing package com.electronwill.nightconfig.core.io from jar antique.atlas._1._20.surveyor._1._20.kaleido.config._1._3._1.mapped.srg._1._20._1
[12Jul2025 20:10:24.209] [main/DEBUG] [org.sinytra.connector.locator.SplitPackageMerger/]: Excluding existing package com.electronwill.nightconfig.core.utils from jar antique.atlas._1._20.surveyor._1._20.kaleido.config._1._3._1.mapped.srg._1._20._1
[12Jul2025 20:10:24.209] [main/DEBUG] [org.sinytra.connector.locator.SplitPackageMerger/]: Excluding existing package com.electronwill.nightconfig.core.file from jar antique.atlas._1._20.surveyor._1._20.kaleido.config._1._3._1.mapped.srg._1._20._1
[12Jul2025 20:10:24.209] [main/DEBUG] [org.sinytra.connector.locator.SplitPackageMerger/]: Excluding existing package com.electronwill.nightconfig.core from jar antique.atlas._1._20.surveyor._1._20.kaleido.config._1._3._1.mapped.srg._1._20._1
[12Jul2025 20:10:24.215] [main/DEBUG] [net.minecraftforge.fml.loading.moddiscovery.ModFileInfo/LOADING]: Found valid mod file antique-atlas-2.9.10+1.20$surveyor-0.6.5+1.20$kaleido-config-0.3.1+1.3.1_mapped_srg_1.20.1.jar with {folk_sisby_kaleido_config} mods - versions {0.3.11.3.1}
[12Jul2025 20:10:24.217] [main/DEBUG] [net.minecraftforge.fml.loading.moddiscovery.ModFileInfo/LOADING]: Found valid mod file antique-atlas-2.9.10+1.20_mapped_srg_1.20.1.jar with {antique_atlas} mods - versions {2.9.101.20}
[12Jul2025 20:10:24.218] [main/DEBUG] [net.minecraftforge.fml.loading.moddiscovery.ModFileInfo/LOADING]: Found valid mod file antique-atlas-2.9.10+1.20$surveyor-0.6.5+1.20_mapped_srg_1.20.1.jar with {surveyor} mods - versions {0.6.51.20}
[12Jul2025 20:10:24.231] [main/DEBUG] [net.minecraftforge.fml.loading.UniqueModListBuilder/]: Found 2 mods for first modid antique_atlas, selecting most recent based on version data
[12Jul2025 20:10:24.231] [main/DEBUG] [net.minecraftforge.fml.loading.UniqueModListBuilder/]: Selected file antique-atlas-2.9.10+1.20_mapped_srg_1.20.1.jar for modid antique_atlas with version 2.9.101.20
[12Jul2025 20:10:24.233] [main/DEBUG] [net.minecraftforge.fml.loading.moddiscovery.ModFileParser/LOADING]: Considering mod file candidate 
[12Jul2025 20:10:24.234] [main/DEBUG] [net.minecraftforge.fml.loading.moddiscovery.ModFileInfo/LOADING]: Found valid mod file fabric-dimensions-v1-2.1.54+8005d10d77.jar with {fabric_dimensions_v1} mods - versions {2.1.54+8005d10d77}
[12Jul2025 20:10:24.235] [main/DEBUG] [net.minecraftforge.fml.loading.moddiscovery.ModFile/LOADING]: Loading mod file  with languages [LanguageSpec[languageName=javafml, acceptedVersions=[47,)]]
[12Jul2025 20:10:24.236] [main/DEBUG] [net.minecraftforge.fml.loading.moddiscovery.ModFileParser/LOADING]: Considering mod file candidate 
[12Jul2025 20:10:24.237] [main/DEBUG] [net.minecraftforge.fml.loading.moddiscovery.ModFileInfo/LOADING]: Found valid mod file fabric-transfer-api-v1-3.3.5+631c9cd677.jar with {fabric_transfer_api_v1} mods - versions {3.3.5+631c9cd677}
[12Jul2025 20:10:24.237] [main/DEBUG] [net.minecraftforge.fml.loading.moddiscovery.ModFile/LOADING]: Loading mod file  with languages [LanguageSpec[languageName=javafml, acceptedVersions=[47,)]]
[12Jul2025 20:10:24.237] [main/DEBUG] [net.minecraftforge.fml.loading.moddiscovery.ModFileParser/LOADING]: Considering mod file candidate 
[12Jul2025 20:10:24.237] [main/DEBUG] [net.minecraftforge.fml.loading.moddiscovery.ModFileInfo/LOADING]: Found valid mod file kuma-api-forge-20.1.10+1.20.1.jar with {kuma_api} mods - versions {20.1.10}
[12Jul2025 20:10:24.238] [main/DEBUG] [net.minecraftforge.fml.loading.moddiscovery.ModFile/LOADING]: Loading mod file  with languages [LanguageSpec[languageName=javafml, acceptedVersions=[47,)]]
[12Jul2025 20:10:24.238] [main/DEBUG] [net.minecraftforge.fml.loading.moddiscovery.ModFileParser/LOADING]: Considering mod file candidate 
[12Jul2025 20:10:24.238] [main/DEBUG] [net.minecraftforge.fml.loading.moddiscovery.ModFileInfo/LOADING]: Found valid mod file fabric-renderer-api-v1-3.2.1+cf68abbe77.jar with {fabric_renderer_api_v1} mods - versions {3.2.1+cf68abbe77}
[12Jul2025 20:10:24.238] [main/DEBUG] [net.minecraftforge.fml.loading.moddiscovery.ModFile/LOADING]: Loading mod file  with languages [LanguageSpec[languageName=javafml, acceptedVersions=[47,)]]
[12Jul2025 20:10:24.238] [main/DEBUG] [net.minecraftforge.fml.loading.moddiscovery.ModFileParser/LOADING]: Considering mod file candidate /workspaces/YNDPTM/servidor_minecraft/mods/Animation_Overhaul-forge-1.20.x-1.3.1.jar
[12Jul2025 20:10:24.239] [main/DEBUG] [net.minecraftforge.fml.loading.moddiscovery.ModFileInfo/LOADING]: Found valid mod file Animation_Overhaul-forge-1.20.x-1.3.1.jar with {animation_overhaul} mods - versions {1.3.1}
[12Jul2025 20:10:24.239] [main/DEBUG] [net.minecraftforge.fml.loading.moddiscovery.ModFile/LOADING]: Loading mod file /workspaces/YNDPTM/servidor_minecraft/mods/Animation_Overhaul-forge-1.20.x-1.3.1.jar with languages [LanguageSpec[languageName=javafml, acceptedVersions=[37,)]]
[12Jul2025 20:10:24.239] [main/DEBUG] [net.minecraftforge.fml.loading.moddiscovery.ModFileParser/LOADING]: Considering mod file candidate /workspaces/YNDPTM/servidor_minecraft/mods/geckolib-forge-1.20.1-4.7.1.2.jar
[12Jul2025 20:10:24.240] [main/DEBUG] [net.minecraftforge.fml.loading.moddiscovery.ModFileInfo/LOADING]: Found valid mod file geckolib-forge-1.20.1-4.7.1.2.jar with {geckolib} mods - versions {4.7.1.2}
[12Jul2025 20:10:24.240] [main/DEBUG] [net.minecraftforge.fml.loading.moddiscovery.ModFile/LOADING]: Loading mod file /workspaces/YNDPTM/servidor_minecraft/mods/geckolib-forge-1.20.1-4.7.1.2.jar with languages [LanguageSpec[languageName=javafml, acceptedVersions=[47,)]]
[12Jul2025 20:10:24.240] [main/DEBUG] [net.minecraftforge.fml.loading.moddiscovery.ModFileInfo/LOADING]: Found valid mod file antique-atlas-2.9.10+1.20$surveyor-0.6.5+1.20$kaleido-config-0.3.1+1.3.1_mapped_srg_1.20.1.jar with {folk_sisby_kaleido_config} mods - versions {0.3.11.3.1}
[12Jul2025 20:10:24.240] [main/DEBUG] [net.minecraftforge.fml.loading.moddiscovery.ModFile/LOADING]: Loading mod file /workspaces/YNDPTM/servidor_minecraft/mods/.connector/antique-atlas-2.9.10+1.20$surveyor-0.6.5+1.20$kaleido-config-0.3.1+1.3.1_mapped_srg_1.20.1.jar with languages [LanguageSpec[languageName=lowcodefml, acceptedVersions=[0,)]]
[12Jul2025 20:10:24.240] [main/DEBUG] [net.minecraftforge.fml.loading.moddiscovery.ModFileParser/LOADING]: Considering mod file candidate 
[12Jul2025 20:10:24.241] [main/DEBUG] [net.minecraftforge.fml.loading.moddiscovery.ModFileInfo/LOADING]: Found valid mod file playeranimator-1.0.2-rc1+1.20-forge.jar with {playeranimator} mods - versions {1.0.2-rc1+1.20}
[12Jul2025 20:10:24.241] [main/DEBUG] [net.minecraftforge.fml.loading.moddiscovery.ModFile/LOADING]: Loading mod file  with languages [LanguageSpec[languageName=javafml, acceptedVersions=[46.0.0,)]]
[12Jul2025 20:10:24.241] [main/DEBUG] [net.minecraftforge.fml.loading.moddiscovery.ModFileParser/LOADING]: Considering mod file candidate 
[12Jul2025 20:10:24.241] [main/DEBUG] [net.minecraftforge.fml.loading.moddiscovery.ModFileInfo/LOADING]: Found valid mod file fabric-model-loading-api-v1-1.0.3+6274ab9d77.jar with {fabric_model_loading_api_v1} mods - versions {1.0.3+6274ab9d77}
[12Jul2025 20:10:24.241] [main/DEBUG] [net.minecraftforge.fml.loading.moddiscovery.ModFile/LOADING]: Loading mod file  with languages [LanguageSpec[languageName=javafml, acceptedVersions=[47,)]]
[12Jul2025 20:10:24.242] [main/DEBUG] [net.minecraftforge.fml.loading.moddiscovery.ModFileParser/LOADING]: Considering mod file candidate 
[12Jul2025 20:10:24.242] [main/DEBUG] [net.minecraftforge.fml.loading.moddiscovery.ModFileInfo/LOADING]: Found valid mod file fabric-item-api-v1-2.1.28+4d0bbcfa77.jar with {fabric_item_api_v1} mods - versions {2.1.28+4d0bbcfa77}
[12Jul2025 20:10:24.242] [main/DEBUG] [net.minecraftforge.fml.loading.moddiscovery.ModFile/LOADING]: Loading mod file  with languages [LanguageSpec[languageName=javafml, acceptedVersions=[47,)]]
[12Jul2025 20:10:24.244] [main/DEBUG] [net.minecraftforge.fml.loading.moddiscovery.ModFileParser/LOADING]: Found coremod implementFabricItem with Javascript path META-INF/asm/implementFabricItem.js
[12Jul2025 20:10:24.244] [main/DEBUG] [net.minecraftforge.fml.loading.moddiscovery.ModFile/LOADING]: Found coremod META-INF/asm/implementFabricItem.js
[12Jul2025 20:10:24.244] [main/DEBUG] [net.minecraftforge.fml.loading.moddiscovery.ModFileParser/LOADING]: Considering mod file candidate /workspaces/YNDPTM/servidor_minecraft/mods/sittingplus-2.0.5-1.20.1.jar
[12Jul2025 20:10:24.244] [main/DEBUG] [net.minecraftforge.fml.loading.moddiscovery.ModFileInfo/LOADING]: Found valid mod file sittingplus-2.0.5-1.20.1.jar with {sittingplus} mods - versions {2.0.5}
[12Jul2025 20:10:24.245] [main/DEBUG] [net.minecraftforge.fml.loading.moddiscovery.ModFile/LOADING]: Loading mod file /workspaces/YNDPTM/servidor_minecraft/mods/sittingplus-2.0.5-1.20.1.jar with languages [LanguageSpec[languageName=javafml, acceptedVersions=[47,)]]
[12Jul2025 20:10:24.245] [main/DEBUG] [net.minecraftforge.fml.loading.moddiscovery.ModFileParser/LOADING]: Considering mod file candidate 
[12Jul2025 20:10:24.245] [main/DEBUG] [net.minecraftforge.fml.loading.moddiscovery.ModFileInfo/LOADING]: Found valid mod file fabric-rendering-fluids-v1-3.0.28+4ac5e37a77.jar with {fabric_rendering_fluids_v1} mods - versions {3.0.28+4ac5e37a77}
[12Jul2025 20:10:24.245] [main/DEBUG] [net.minecraftforge.fml.loading.moddiscovery.ModFile/LOADING]: Loading mod file  with languages [LanguageSpec[languageName=javafml, acceptedVersions=[47,)]]
[12Jul2025 20:10:24.245] [main/DEBUG] [net.minecraftforge.fml.loading.moddiscovery.ModFileParser/LOADING]: Considering mod file candidate 
[12Jul2025 20:10:24.246] [main/DEBUG] [net.minecraftforge.fml.loading.moddiscovery.ModFileInfo/LOADING]: Found valid mod file fabric-screen-handler-api-v1-1.3.30+561530ec77.jar with {fabric_screen_handler_api_v1} mods - versions {1.3.30+561530ec77}
[12Jul2025 20:10:24.246] [main/DEBUG] [net.minecraftforge.fml.loading.moddiscovery.ModFile/LOADING]: Loading mod file  with languages [LanguageSpec[languageName=javafml, acceptedVersions=[47,)]]
[12Jul2025 20:10:24.246] [main/DEBUG] [net.minecraftforge.fml.loading.moddiscovery.ModFileParser/LOADING]: Considering mod file candidate 
[12Jul2025 20:10:24.246] [main/DEBUG] [net.minecraftforge.fml.loading.moddiscovery.ModFileInfo/LOADING]: Found valid mod file fabric-resource-loader-v0-0.11.10+bcd08ed377.jar with {fabric_resource_loader_v0} mods - versions {0.11.10+bcd08ed377}
[12Jul2025 20:10:24.246] [main/DEBUG] [net.minecraftforge.fml.loading.moddiscovery.ModFile/LOADING]: Loading mod file  with languages [LanguageSpec[languageName=javafml, acceptedVersions=[47,)]]
[12Jul2025 20:10:24.246] [main/DEBUG] [net.minecraftforge.fml.loading.moddiscovery.ModFileParser/LOADING]: Considering mod file candidate 
[12Jul2025 20:10:24.247] [main/DEBUG] [net.minecraftforge.fml.loading.moddiscovery.ModFileInfo/LOADING]: Found valid mod file fabric-models-v0-0.4.2+7c3892a477.jar with {fabric_models_v0} mods - versions {0.4.2+7c3892a477}
[12Jul2025 20:10:24.247] [main/DEBUG] [net.minecraftforge.fml.loading.moddiscovery.ModFile/LOADING]: Loading mod file  with languages [LanguageSpec[languageName=javafml, acceptedVersions=[47,)]]
[12Jul2025 20:10:24.247] [main/DEBUG] [net.minecraftforge.fml.loading.moddiscovery.ModFileParser/LOADING]: Considering mod file candidate 
[12Jul2025 20:10:24.248] [main/DEBUG] [net.minecraftforge.fml.loading.moddiscovery.ModFileInfo/LOADING]: Found valid mod file fabric-rendering-v1-3.0.8+66e9a48f77.jar with {fabric_rendering_v1} mods - versions {3.0.8+66e9a48f77}
[12Jul2025 20:10:24.248] [main/DEBUG] [net.minecraftforge.fml.loading.moddiscovery.ModFile/LOADING]: Loading mod file  with languages [LanguageSpec[languageName=javafml, acceptedVersions=[47,)]]
[12Jul2025 20:10:24.248] [main/DEBUG] [net.minecraftforge.fml.loading.moddiscovery.ModFileParser/LOADING]: Considering mod file candidate /workspaces/YNDPTM/servidor_minecraft/mods/death_angels-1.3.0-forge-1.20.1.jar
[12Jul2025 20:10:24.248] [main/DEBUG] [net.minecraftforge.fml.loading.moddiscovery.ModFileInfo/LOADING]: Found valid mod file death_angels-1.3.0-forge-1.20.1.jar with {death_angels} mods - versions {1.3.0}
[12Jul2025 20:10:24.248] [main/DEBUG] [net.minecraftforge.fml.loading.moddiscovery.ModFile/LOADING]: Loading mod file /workspaces/YNDPTM/servidor_minecraft/mods/death_angels-1.3.0-forge-1.20.1.jar with languages [LanguageSpec[languageName=javafml, acceptedVersions=[47,)]]
[12Jul2025 20:10:24.248] [main/DEBUG] [net.minecraftforge.fml.loading.moddiscovery.ModFileParser/LOADING]: Considering mod file candidate 
[12Jul2025 20:10:24.249] [main/DEBUG] [net.minecraftforge.fml.loading.moddiscovery.ModFileInfo/LOADING]: Found valid mod file fabric-renderer-indigo-1.5.2+b5b2da4177.jar with {fabric_renderer_indigo} mods - versions {1.5.2+b5b2da4177}
[12Jul2025 20:10:24.249] [main/DEBUG] [net.minecraftforge.fml.loading.moddiscovery.ModFile/LOADING]: Loading mod file  with languages [LanguageSpec[languageName=javafml, acceptedVersions=[47,)]]
[12Jul2025 20:10:24.249] [main/DEBUG] [net.minecraftforge.fml.loading.moddiscovery.ModFileParser/LOADING]: Considering mod file candidate /workspaces/YNDPTM/servidor_minecraft/mods/waystones-forge-1.20.1-14.1.13.jar
[12Jul2025 20:10:24.249] [main/DEBUG] [net.minecraftforge.fml.loading.moddiscovery.ModFileInfo/LOADING]: Found valid mod file waystones-forge-1.20.1-14.1.13.jar with {waystones} mods - versions {14.1.13}
[12Jul2025 20:10:24.249] [main/DEBUG] [net.minecraftforge.fml.loading.moddiscovery.ModFile/LOADING]: Loading mod file /workspaces/YNDPTM/servidor_minecraft/mods/waystones-forge-1.20.1-14.1.13.jar with languages [LanguageSpec[languageName=javafml, acceptedVersions=[46,)]]
[12Jul2025 20:10:24.250] [main/DEBUG] [net.minecraftforge.fml.loading.moddiscovery.ModFileParser/LOADING]: Considering mod file candidate 
[12Jul2025 20:10:24.250] [main/DEBUG] [net.minecraftforge.fml.loading.moddiscovery.ModFileInfo/LOADING]: Found valid mod file fabric-convention-tags-v1-1.5.5+fa3d1c0177.jar with {fabric_convention_tags_v1} mods - versions {1.5.5+fa3d1c0177}
[12Jul2025 20:10:24.250] [main/DEBUG] [net.minecraftforge.fml.loading.moddiscovery.ModFile/LOADING]: Loading mod file  with languages [LanguageSpec[languageName=javafml, acceptedVersions=[47,)]]
[12Jul2025 20:10:24.250] [main/DEBUG] [net.minecraftforge.fml.loading.moddiscovery.ModFileParser/LOADING]: Considering mod file candidate 
[12Jul2025 20:10:24.250] [main/DEBUG] [net.minecraftforge.fml.loading.moddiscovery.ModFileInfo/LOADING]: Found valid mod file fabric-command-api-v1-1.2.34+f71b366f77.jar with {fabric_command_api_v1} mods - versions {1.2.34+f71b366f77}
[12Jul2025 20:10:24.251] [main/DEBUG] [net.minecraftforge.fml.loading.moddiscovery.ModFile/LOADING]: Loading mod file  with languages [LanguageSpec[languageName=javafml, acceptedVersions=[47,)]]
[12Jul2025 20:10:24.251] [main/DEBUG] [net.minecraftforge.fml.loading.moddiscovery.ModFileParser/LOADING]: Considering mod file candidate 
[12Jul2025 20:10:24.251] [main/DEBUG] [net.minecraftforge.fml.loading.moddiscovery.ModFileInfo/LOADING]: Found valid mod file fabric-mining-level-api-v1-2.1.50+561530ec77.jar with {fabric_mining_level_api_v1} mods - versions {2.1.50+561530ec77}
[12Jul2025 20:10:24.251] [main/DEBUG] [net.minecraftforge.fml.loading.moddiscovery.ModFile/LOADING]: Loading mod file  with languages [LanguageSpec[languageName=javafml, acceptedVersions=[47,)]]
[12Jul2025 20:10:24.251] [main/DEBUG] [net.minecraftforge.fml.loading.moddiscovery.ModFileParser/LOADING]: Considering mod file candidate 
[12Jul2025 20:10:24.252] [main/DEBUG] [net.minecraftforge.fml.loading.moddiscovery.ModFileInfo/LOADING]: Found valid mod file fabric-command-api-v2-2.2.13+561530ec77.jar with {fabric_command_api_v2} mods - versions {2.2.13+561530ec77}
[12Jul2025 20:10:24.252] [main/DEBUG] [net.minecraftforge.fml.loading.moddiscovery.ModFile/LOADING]: Loading mod file  with languages [LanguageSpec[languageName=javafml, acceptedVersions=[47,)]]
[12Jul2025 20:10:24.252] [main/DEBUG] [net.minecraftforge.fml.loading.moddiscovery.ModFileParser/LOADING]: Considering mod file candidate 
[12Jul2025 20:10:24.252] [main/DEBUG] [net.minecraftforge.fml.loading.moddiscovery.ModFileInfo/LOADING]: Found valid mod file fabric-block-view-api-v2-1.0.1+0767707077.jar with {fabric_block_view_api_v2} mods - versions {1.0.1+0767707077}
[12Jul2025 20:10:24.252] [main/DEBUG] [net.minecraftforge.fml.loading.moddiscovery.ModFile/LOADING]: Loading mod file  with languages [LanguageSpec[languageName=javafml, acceptedVersions=[47,)]]
[12Jul2025 20:10:24.253] [main/DEBUG] [net.minecraftforge.fml.loading.moddiscovery.ModFileParser/LOADING]: Considering mod file candidate /workspaces/YNDPTM/servidor_minecraft/mods/fromtheshadowsreborn-2.8.jar
[12Jul2025 20:10:24.253] [main/DEBUG] [net.minecraftforge.fml.loading.moddiscovery.ModFileInfo/LOADING]: Found valid mod file fromtheshadowsreborn-2.8.jar with {fromtheshadows} mods - versions {2.8}
[12Jul2025 20:10:24.253] [main/DEBUG] [net.minecraftforge.fml.loading.moddiscovery.ModFile/LOADING]: Loading mod file /workspaces/YNDPTM/servidor_minecraft/mods/fromtheshadowsreborn-2.8.jar with languages [LanguageSpec[languageName=javafml, acceptedVersions=[47,)]]
[12Jul2025 20:10:24.253] [main/DEBUG] [net.minecraftforge.fml.loading.moddiscovery.ModFileParser/LOADING]: Considering mod file candidate /workspaces/YNDPTM/servidor_minecraft/mods/configured-forge-1.20.1-2.2.3.jar
[12Jul2025 20:10:24.254] [main/DEBUG] [net.minecraftforge.fml.loading.moddiscovery.ModFileInfo/LOADING]: Found valid mod file configured-forge-1.20.1-2.2.3.jar with {configured} mods - versions {2.2.3}
[12Jul2025 20:10:24.254] [main/DEBUG] [net.minecraftforge.fml.loading.moddiscovery.ModFile/LOADING]: Loading mod file /workspaces/YNDPTM/servidor_minecraft/mods/configured-forge-1.20.1-2.2.3.jar with languages [LanguageSpec[languageName=javafml, acceptedVersions=[39,)]]
[12Jul2025 20:10:24.254] [main/DEBUG] [net.minecraftforge.fml.loading.moddiscovery.ModFileParser/LOADING]: Considering mod file candidate 
[12Jul2025 20:10:24.255] [main/DEBUG] [net.minecraftforge.fml.loading.moddiscovery.ModFileInfo/LOADING]: Found valid mod file fabric-data-attachment-api-v1-1.0.0+30ef839e77.jar with {fabric_data_attachment_api_v1} mods - versions {1.0.0+30ef839e77}
[12Jul2025 20:10:24.255] [main/DEBUG] [net.minecraftforge.fml.loading.moddiscovery.ModFile/LOADING]: Loading mod file  with languages [LanguageSpec[languageName=javafml, acceptedVersions=[47,)]]
[12Jul2025 20:10:24.255] [main/DEBUG] [net.minecraftforge.fml.loading.moddiscovery.ModFileParser/LOADING]: Considering mod file candidate /workspaces/YNDPTM/servidor_minecraft/mods/befall-1.6.0-forge-1.20.1.jar
[12Jul2025 20:10:24.255] [main/DEBUG] [net.minecraftforge.fml.loading.moddiscovery.ModFileInfo/LOADING]: Found valid mod file befall-1.6.0-forge-1.20.1.jar with {befalltwo} mods - versions {1.0.0}
[12Jul2025 20:10:24.255] [main/DEBUG] [net.minecraftforge.fml.loading.moddiscovery.ModFile/LOADING]: Loading mod file /workspaces/YNDPTM/servidor_minecraft/mods/befall-1.6.0-forge-1.20.1.jar with languages [LanguageSpec[languageName=javafml, acceptedVersions=[47,)]]
[12Jul2025 20:10:24.256] [main/DEBUG] [net.minecraftforge.fml.loading.moddiscovery.ModFileInfo/LOADING]: Found valid mod file antique-atlas-2.9.10+1.20$surveyor-0.6.5+1.20_mapped_srg_1.20.1.jar with {surveyor} mods - versions {0.6.51.20}
[12Jul2025 20:10:24.256] [main/DEBUG] [net.minecraftforge.fml.loading.moddiscovery.ModFile/LOADING]: Loading mod file /workspaces/YNDPTM/servidor_minecraft/mods/.connector/antique-atlas-2.9.10+1.20$surveyor-0.6.5+1.20_mapped_srg_1.20.1.jar with languages [LanguageSpec[languageName=javafml, acceptedVersions=[0,)]]
[12Jul2025 20:10:24.256] [main/DEBUG] [net.minecraftforge.fml.loading.moddiscovery.ModFileParser/LOADING]: Considering mod file candidate /workspaces/YNDPTM/servidor_minecraft/mods/balm-forge-1.20.1-7.3.31-all (1).jar
[12Jul2025 20:10:24.256] [main/DEBUG] [net.minecraftforge.fml.loading.moddiscovery.ModFileInfo/LOADING]: Found valid mod file balm-forge-1.20.1-7.3.31-all (1).jar with {balm} mods - versions {7.3.31}
[12Jul2025 20:10:24.256] [main/DEBUG] [net.minecraftforge.fml.loading.moddiscovery.ModFile/LOADING]: Loading mod file /workspaces/YNDPTM/servidor_minecraft/mods/balm-forge-1.20.1-7.3.31-all (1).jar with languages [LanguageSpec[languageName=javafml, acceptedVersions=[46,)]]
[12Jul2025 20:10:24.256] [main/DEBUG] [net.minecraftforge.fml.loading.moddiscovery.ModFileParser/LOADING]: Considering mod file candidate 
[12Jul2025 20:10:24.257] [main/DEBUG] [net.minecraftforge.fml.loading.moddiscovery.ModFileInfo/LOADING]: Found valid mod file fabric-screen-api-v1-2.0.8+45a670a577.jar with {fabric_screen_api_v1} mods - versions {2.0.8+45a670a577}
[12Jul2025 20:10:24.257] [main/DEBUG] [net.minecraftforge.fml.loading.moddiscovery.ModFile/LOADING]: Loading mod file  with languages [LanguageSpec[languageName=javafml, acceptedVersions=[47,)]]
[12Jul2025 20:10:24.257] [main/DEBUG] [net.minecraftforge.fml.loading.moddiscovery.ModFileInfo/LOADING]: Found valid mod file antique-atlas-2.9.10+1.20_mapped_srg_1.20.1.jar with {antique_atlas} mods - versions {2.9.101.20}
[12Jul2025 20:10:24.257] [main/DEBUG] [net.minecraftforge.fml.loading.moddiscovery.ModFile/LOADING]: Loading mod file /workspaces/YNDPTM/servidor_minecraft/mods/.connector/antique-atlas-2.9.10+1.20_mapped_srg_1.20.1.jar with languages [LanguageSpec[languageName=javafml, acceptedVersions=[0,)]]
[12Jul2025 20:10:24.257] [main/DEBUG] [net.minecraftforge.fml.loading.moddiscovery.ModFileParser/LOADING]: Considering mod file candidate 
[12Jul2025 20:10:24.258] [main/DEBUG] [net.minecraftforge.fml.loading.moddiscovery.ModFileInfo/LOADING]: Found valid mod file fabric-particles-v1-1.1.2+78e1ecb877.jar with {fabric_particles_v1} mods - versions {1.1.2+78e1ecb877}
[12Jul2025 20:10:24.258] [main/DEBUG] [net.minecraftforge.fml.loading.moddiscovery.ModFile/LOADING]: Loading mod file  with languages [LanguageSpec[languageName=javafml, acceptedVersions=[47,)]]
[12Jul2025 20:10:24.258] [main/DEBUG] [net.minecraftforge.fml.loading.moddiscovery.ModFileParser/LOADING]: Considering mod file candidate /workspaces/YNDPTM/servidor_minecraft/mods/cameraoverhaul-1.1-1.20.4.jar
[12Jul2025 20:10:24.258] [main/DEBUG] [net.minecraftforge.fml.loading.moddiscovery.ModFileInfo/LOADING]: Found valid mod file cameraoverhaul-1.1-1.20.4.jar with {cameraoverhaul} mods - versions {1.0.0}
[12Jul2025 20:10:24.259] [main/DEBUG] [net.minecraftforge.fml.loading.moddiscovery.ModFile/LOADING]: Loading mod file /workspaces/YNDPTM/servidor_minecraft/mods/cameraoverhaul-1.1-1.20.4.jar with languages [LanguageSpec[languageName=javafml, acceptedVersions=[44,)]]
[12Jul2025 20:10:24.259] [main/DEBUG] [net.minecraftforge.fml.loading.moddiscovery.ModFileParser/LOADING]: Considering mod file candidate /workspaces/YNDPTM/servidor_minecraft/libraries/net/minecraftforge/forge/1.20.1-47.3.7/forge-1.20.1-47.3.7-universal.jar
[12Jul2025 20:10:24.259] [main/DEBUG] [net.minecraftforge.fml.loading.moddiscovery.ModFileInfo/LOADING]: Found valid mod file forge-1.20.1-47.3.7-universal.jar with {forge} mods - versions {47.3.7}
[12Jul2025 20:10:24.259] [main/DEBUG] [net.minecraftforge.fml.loading.moddiscovery.ModFile/LOADING]: Loading mod file /workspaces/YNDPTM/servidor_minecraft/libraries/net/minecraftforge/forge/1.20.1-47.3.7/forge-1.20.1-47.3.7-universal.jar with languages [LanguageSpec[languageName=javafml, acceptedVersions=[24,]]]
[12Jul2025 20:10:24.259] [main/DEBUG] [net.minecraftforge.fml.loading.moddiscovery.ModFileParser/LOADING]: Found coremod field_to_method with Javascript path coremods/field_to_method.js
[12Jul2025 20:10:24.259] [main/DEBUG] [net.minecraftforge.fml.loading.moddiscovery.ModFileParser/LOADING]: Found coremod field_to_instanceof with Javascript path coremods/field_to_instanceof.js
[12Jul2025 20:10:24.260] [main/DEBUG] [net.minecraftforge.fml.loading.moddiscovery.ModFileParser/LOADING]: Found coremod add_bouncer_method with Javascript path coremods/add_bouncer_method.js
[12Jul2025 20:10:24.260] [main/DEBUG] [net.minecraftforge.fml.loading.moddiscovery.ModFileParser/LOADING]: Found coremod method_redirector with Javascript path coremods/method_redirector.js
[12Jul2025 20:10:24.260] [main/DEBUG] [net.minecraftforge.fml.loading.moddiscovery.ModFile/LOADING]: Found coremod coremods/field_to_method.js
[12Jul2025 20:10:24.260] [main/DEBUG] [net.minecraftforge.fml.loading.moddiscovery.ModFile/LOADING]: Found coremod coremods/field_to_instanceof.js
[12Jul2025 20:10:24.260] [main/DEBUG] [net.minecraftforge.fml.loading.moddiscovery.ModFile/LOADING]: Found coremod coremods/add_bouncer_method.js
[12Jul2025 20:10:24.260] [main/DEBUG] [net.minecraftforge.fml.loading.moddiscovery.ModFile/LOADING]: Found coremod coremods/method_redirector.js
[12Jul2025 20:10:24.260] [main/DEBUG] [net.minecraftforge.fml.loading.moddiscovery.ModFileParser/LOADING]: Considering mod file candidate /workspaces/YNDPTM/servidor_minecraft/mods/fabric-api-0.92.2+1.11.12+1.20.1.jar
[12Jul2025 20:10:24.260] [main/DEBUG] [net.minecraftforge.fml.loading.moddiscovery.ModFileInfo/LOADING]: Found valid mod file fabric-api-0.92.2+1.11.12+1.20.1.jar with {fabric_api} mods - versions {0.92.2+1.11.12+1.20.1}
[12Jul2025 20:10:24.260] [main/DEBUG] [net.minecraftforge.fml.loading.moddiscovery.ModFile/LOADING]: Loading mod file /workspaces/YNDPTM/servidor_minecraft/mods/fabric-api-0.92.2+1.11.12+1.20.1.jar with languages [LanguageSpec[languageName=javafml, acceptedVersions=[47,)]]
[12Jul2025 20:10:24.260] [main/DEBUG] [net.minecraftforge.fml.loading.moddiscovery.ModFileParser/LOADING]: Considering mod file candidate 
[12Jul2025 20:10:24.261] [main/DEBUG] [net.minecraftforge.fml.loading.moddiscovery.ModFileInfo/LOADING]: Found valid mod file fabric-content-registries-v0-4.0.11+a670df1e77.jar with {fabric_content_registries_v0} mods - versions {4.0.11+a670df1e77}
[12Jul2025 20:10:24.261] [main/DEBUG] [net.minecraftforge.fml.loading.moddiscovery.ModFile/LOADING]: Loading mod file  with languages [LanguageSpec[languageName=javafml, acceptedVersions=[47,)]]
[12Jul2025 20:10:24.261] [main/DEBUG] [net.minecraftforge.fml.loading.moddiscovery.ModFileParser/LOADING]: Found coremod mutableWeatherableBlocks with Javascript path META-INF/asm/mutableOxidizableBlocks.js
[12Jul2025 20:10:24.261] [main/DEBUG] [net.minecraftforge.fml.loading.moddiscovery.ModFile/LOADING]: Found coremod META-INF/asm/mutableOxidizableBlocks.js
[12Jul2025 20:10:24.261] [main/DEBUG] [net.minecraftforge.fml.loading.moddiscovery.ModFileParser/LOADING]: Considering mod file candidate 
[12Jul2025 20:10:24.262] [main/DEBUG] [net.minecraftforge.fml.loading.moddiscovery.ModFileInfo/LOADING]: Found valid mod file fabric-transitive-access-wideners-v1-4.3.1+1880499877.jar with {fabric_transitive_access_wideners_v1} mods - versions {4.3.1+1880499877}
[12Jul2025 20:10:24.262] [main/DEBUG] [net.minecraftforge.fml.loading.moddiscovery.ModFile/LOADING]: Loading mod file  with languages [LanguageSpec[languageName=lowcodefml, acceptedVersions=[47,)]]
[12Jul2025 20:10:24.262] [main/DEBUG] [net.minecraftforge.fml.loading.moddiscovery.ModFileParser/LOADING]: Considering mod file candidate /workspaces/YNDPTM/servidor_minecraft/mods/nyfsspiders-forge-1.20.1-2.1.1.jar
[12Jul2025 20:10:24.262] [main/DEBUG] [net.minecraftforge.fml.loading.moddiscovery.ModFileInfo/LOADING]: Found valid mod file nyfsspiders-forge-1.20.1-2.1.1.jar with {nyfsspiders} mods - versions {2.1.1}
[12Jul2025 20:10:24.262] [main/DEBUG] [net.minecraftforge.fml.loading.moddiscovery.ModFile/LOADING]: Loading mod file /workspaces/YNDPTM/servidor_minecraft/mods/nyfsspiders-forge-1.20.1-2.1.1.jar with languages [LanguageSpec[languageName=javafml, acceptedVersions=[47,)]]
[12Jul2025 20:10:24.263] [main/DEBUG] [net.minecraftforge.fml.loading.moddiscovery.ModFileInfo/LOADING]: Found valid mod file server-1.20.1-20230612.114412-srg.jar with {minecraft} mods - versions {1.20.1}
[12Jul2025 20:10:24.263] [main/DEBUG] [net.minecraftforge.fml.loading.moddiscovery.ModFile/LOADING]: Loading mod file /workspaces/YNDPTM/servidor_minecraft/libraries/net/minecraft/server/1.20.1-20230612.114412/server-1.20.1-20230612.114412-srg.jar with languages [LanguageSpec[languageName=minecraft, acceptedVersions=1]]
[12Jul2025 20:10:24.263] [main/DEBUG] [net.minecraftforge.fml.loading.moddiscovery.ModFileParser/LOADING]: Considering mod file candidate 
[12Jul2025 20:10:24.263] [main/DEBUG] [net.minecraftforge.fml.loading.moddiscovery.ModFileInfo/LOADING]: Found valid mod file fabric-game-rule-api-v1-1.0.40+683d4da877.jar with {fabric_game_rule_api_v1} mods - versions {1.0.40+683d4da877}
[12Jul2025 20:10:24.263] [main/DEBUG] [net.minecraftforge.fml.loading.moddiscovery.ModFile/LOADING]: Loading mod file  with languages [LanguageSpec[languageName=javafml, acceptedVersions=[47,)]]
[12Jul2025 20:10:24.263] [main/DEBUG] [net.minecraftforge.fml.loading.moddiscovery.ModFileParser/LOADING]: Considering mod file candidate /workspaces/YNDPTM/servidor_minecraft/mods/the_midnight_lurker_3.3.7.jar
[12Jul2025 20:10:24.264] [main/DEBUG] [net.minecraftforge.fml.loading.moddiscovery.ModFileInfo/LOADING]: Found valid mod file the_midnight_lurker_3.3.7.jar with {midnightlurker} mods - versions {3.3.7}
[12Jul2025 20:10:24.264] [main/DEBUG] [net.minecraftforge.fml.loading.moddiscovery.ModFile/LOADING]: Loading mod file /workspaces/YNDPTM/servidor_minecraft/mods/the_midnight_lurker_3.3.7.jar with languages [LanguageSpec[languageName=javafml, acceptedVersions=[47,)]]
[12Jul2025 20:10:24.264] [main/DEBUG] [net.minecraftforge.fml.loading.moddiscovery.ModFileParser/LOADING]: Considering mod file candidate 
[12Jul2025 20:10:24.264] [main/DEBUG] [net.minecraftforge.fml.loading.moddiscovery.ModFileInfo/LOADING]: Found valid mod file fabric-api-base-0.4.31+ef105b4977.jar with {fabric_api_base} mods - versions {0.4.31+ef105b4977}
[12Jul2025 20:10:24.265] [main/DEBUG] [net.minecraftforge.fml.loading.moddiscovery.ModFile/LOADING]: Loading mod file  with languages [LanguageSpec[languageName=javafml, acceptedVersions=[47,)]]
[12Jul2025 20:10:24.265] [main/DEBUG] [net.minecraftforge.fml.loading.moddiscovery.ModFileParser/LOADING]: Considering mod file candidate 
[12Jul2025 20:10:24.265] [main/DEBUG] [net.minecraftforge.fml.loading.moddiscovery.ModFileInfo/LOADING]: Found valid mod file fabric-api-lookup-api-v1-1.6.36+67f9824077.jar with {fabric_api_lookup_api_v1} mods - versions {1.6.36+67f9824077}
[12Jul2025 20:10:24.265] [main/DEBUG] [net.minecraftforge.fml.loading.moddiscovery.ModFile/LOADING]: Loading mod file  with languages [LanguageSpec[languageName=javafml, acceptedVersions=[47,)]]
[12Jul2025 20:10:24.265] [main/DEBUG] [net.minecraftforge.fml.loading.moddiscovery.ModFileParser/LOADING]: Considering mod file candidate /workspaces/YNDPTM/servidor_minecraft/mods/Necronomicon-Forge-1.6.0+1.20.1.jar
[12Jul2025 20:10:24.266] [main/DEBUG] [net.minecraftforge.fml.loading.moddiscovery.ModFileInfo/LOADING]: Found valid mod file Necronomicon-Forge-1.6.0+1.20.1.jar with {necronomicon} mods - versions {1.6.0}
[12Jul2025 20:10:24.266] [main/DEBUG] [net.minecraftforge.fml.loading.moddiscovery.ModFile/LOADING]: Loading mod file /workspaces/YNDPTM/servidor_minecraft/mods/Necronomicon-Forge-1.6.0+1.20.1.jar with languages [LanguageSpec[languageName=javafml, acceptedVersions=*]]
[12Jul2025 20:10:24.266] [main/DEBUG] [net.minecraftforge.fml.loading.moddiscovery.ModFileParser/LOADING]: Considering mod file candidate 
[12Jul2025 20:10:24.266] [main/DEBUG] [net.minecraftforge.fml.loading.moddiscovery.ModFileInfo/LOADING]: Found valid mod file fabric-blockrenderlayer-v1-1.1.41+1d0da21e77.jar with {fabric_blockrenderlayer_v1} mods - versions {1.1.41+1d0da21e77}
[12Jul2025 20:10:24.266] [main/DEBUG] [net.minecraftforge.fml.loading.moddiscovery.ModFile/LOADING]: Loading mod file  with languages [LanguageSpec[languageName=javafml, acceptedVersions=[47,)]]
[12Jul2025 20:10:24.266] [main/DEBUG] [net.minecraftforge.fml.loading.moddiscovery.ModFileParser/LOADING]: Considering mod file candidate /workspaces/YNDPTM/servidor_minecraft/mods/Jade-1.20.1-Forge-11.13.1.jar
[12Jul2025 20:10:24.267] [main/DEBUG] [net.minecraftforge.fml.loading.moddiscovery.ModFileInfo/LOADING]: Found valid mod file Jade-1.20.1-Forge-11.13.1.jar with {jade} mods - versions {11.13.1+forge}
[12Jul2025 20:10:24.267] [main/DEBUG] [net.minecraftforge.fml.loading.moddiscovery.ModFile/LOADING]: Loading mod file /workspaces/YNDPTM/servidor_minecraft/mods/Jade-1.20.1-Forge-11.13.1.jar with languages [LanguageSpec[languageName=javafml, acceptedVersions=[46,)]]
[12Jul2025 20:10:24.267] [main/DEBUG] [net.minecraftforge.fml.loading.moddiscovery.ModFileParser/LOADING]: Considering mod file candidate /workspaces/YNDPTM/servidor_minecraft/mods/Obscure-Tooltips-2.2.jar
[12Jul2025 20:10:24.267] [main/DEBUG] [net.minecraftforge.fml.loading.moddiscovery.ModFileInfo/LOADING]: Found valid mod file Obscure-Tooltips-2.2.jar with {obscure_tooltips} mods - versions {2.2}
[12Jul2025 20:10:24.267] [main/DEBUG] [net.minecraftforge.fml.loading.moddiscovery.ModFile/LOADING]: Loading mod file /workspaces/YNDPTM/servidor_minecraft/mods/Obscure-Tooltips-2.2.jar with languages [LanguageSpec[languageName=javafml, acceptedVersions=[47,)]]
[12Jul2025 20:10:24.267] [main/DEBUG] [net.minecraftforge.fml.loading.moddiscovery.ModFileParser/LOADING]: Considering mod file candidate /workspaces/YNDPTM/servidor_minecraft/mods/Chunky-1.3.146 (1).jar
[12Jul2025 20:10:24.268] [main/DEBUG] [net.minecraftforge.fml.loading.moddiscovery.ModFileInfo/LOADING]: Found valid mod file Chunky-1.3.146 (1).jar with {chunky} mods - versions {1.3.146}
[12Jul2025 20:10:24.268] [main/DEBUG] [net.minecraftforge.fml.loading.moddiscovery.ModFile/LOADING]: Loading mod file /workspaces/YNDPTM/servidor_minecraft/mods/Chunky-1.3.146 (1).jar with languages [LanguageSpec[languageName=javafml, acceptedVersions=[38,)]]
[12Jul2025 20:10:24.268] [main/DEBUG] [net.minecraftforge.fml.loading.moddiscovery.ModFileParser/LOADING]: Considering mod file candidate /workspaces/YNDPTM/servidor_minecraft/mods/CreativeCore_FORGE_v2.12.32_mc1.20.1.jar
[12Jul2025 20:10:24.268] [main/DEBUG] [net.minecraftforge.fml.loading.moddiscovery.ModFileInfo/LOADING]: Found valid mod file CreativeCore_FORGE_v2.12.32_mc1.20.1.jar with {creativecore} mods - versions {2.12.32}
[12Jul2025 20:10:24.268] [main/DEBUG] [net.minecraftforge.fml.loading.moddiscovery.ModFile/LOADING]: Loading mod file /workspaces/YNDPTM/servidor_minecraft/mods/CreativeCore_FORGE_v2.12.32_mc1.20.1.jar with languages [LanguageSpec[languageName=javafml, acceptedVersions=[46,)]]
[12Jul2025 20:10:24.268] [main/DEBUG] [net.minecraftforge.fml.loading.moddiscovery.ModFileParser/LOADING]: Considering mod file candidate 
[12Jul2025 20:10:24.269] [main/DEBUG] [net.minecraftforge.fml.loading.moddiscovery.ModFileInfo/LOADING]: Found valid mod file fabric-block-api-v1-1.0.11+0e6cb7f777.jar with {fabric_block_api_v1} mods - versions {1.0.11+0e6cb7f777}
[12Jul2025 20:10:24.269] [main/DEBUG] [net.minecraftforge.fml.loading.moddiscovery.ModFile/LOADING]: Loading mod file  with languages [LanguageSpec[languageName=javafml, acceptedVersions=[47,)]]
[12Jul2025 20:10:24.269] [main/DEBUG] [net.minecraftforge.fml.loading.moddiscovery.ModFileParser/LOADING]: Found coremod implementFabricBlock with Javascript path META-INF/asm/implementFabricBlock.js
[12Jul2025 20:10:24.269] [main/DEBUG] [net.minecraftforge.fml.loading.moddiscovery.ModFileParser/LOADING]: Found coremod implementFabricBlockState with Javascript path META-INF/asm/implementFabricBlockState.js
[12Jul2025 20:10:24.269] [main/DEBUG] [net.minecraftforge.fml.loading.moddiscovery.ModFile/LOADING]: Found coremod META-INF/asm/implementFabricBlock.js
[12Jul2025 20:10:24.269] [main/DEBUG] [net.minecraftforge.fml.loading.moddiscovery.ModFile/LOADING]: Found coremod META-INF/asm/implementFabricBlockState.js
[12Jul2025 20:10:24.269] [main/DEBUG] [net.minecraftforge.fml.loading.moddiscovery.ModFileParser/LOADING]: Considering mod file candidate 
[12Jul2025 20:10:24.270] [main/DEBUG] [net.minecraftforge.fml.loading.moddiscovery.ModFileInfo/LOADING]: Found valid mod file fabric-resource-conditions-api-v1-2.3.8+9e342fc177.jar with {fabric_resource_conditions_api_v1} mods - versions {2.3.8+9e342fc177}
[12Jul2025 20:10:24.270] [main/DEBUG] [net.minecraftforge.fml.loading.moddiscovery.ModFile/LOADING]: Loading mod file  with languages [LanguageSpec[languageName=javafml, acceptedVersions=[47,)]]
[12Jul2025 20:10:24.270] [main/DEBUG] [net.minecraftforge.fml.loading.moddiscovery.ModFileParser/LOADING]: Found coremod injectDataProvider with Javascript path META-INF/asm/injectDataProvider.js
[12Jul2025 20:10:24.270] [main/DEBUG] [net.minecraftforge.fml.loading.moddiscovery.ModFile/LOADING]: Found coremod META-INF/asm/injectDataProvider.js
[12Jul2025 20:10:24.270] [main/DEBUG] [net.minecraftforge.fml.loading.moddiscovery.ModFileParser/LOADING]: Considering mod file candidate /workspaces/YNDPTM/servidor_minecraft/mods/a_good_place-1.20-1.2.7.jar
[12Jul2025 20:10:24.271] [main/DEBUG] [net.minecraftforge.fml.loading.moddiscovery.ModFileInfo/LOADING]: Found valid mod file a_good_place-1.20-1.2.7.jar with {a_good_place} mods - versions {1.20-1.2.7}
[12Jul2025 20:10:24.271] [main/DEBUG] [net.minecraftforge.fml.loading.moddiscovery.ModFile/LOADING]: Loading mod file /workspaces/YNDPTM/servidor_minecraft/mods/a_good_place-1.20-1.2.7.jar with languages [LanguageSpec[languageName=javafml, acceptedVersions=[47,)]]
[12Jul2025 20:10:24.271] [main/DEBUG] [net.minecraftforge.fml.loading.moddiscovery.ModFileParser/LOADING]: Considering mod file candidate 
[12Jul2025 20:10:24.271] [main/DEBUG] [net.minecraftforge.fml.loading.moddiscovery.ModFileInfo/LOADING]: Found valid mod file fabric-item-group-api-v1-4.0.12+c9161c2d77.jar with {fabric_item_group_api_v1} mods - versions {4.0.12+c9161c2d77}
[12Jul2025 20:10:24.271] [main/DEBUG] [net.minecraftforge.fml.loading.moddiscovery.ModFile/LOADING]: Loading mod file  with languages [LanguageSpec[languageName=javafml, acceptedVersions=[47,)]]
[12Jul2025 20:10:24.271] [main/DEBUG] [net.minecraftforge.fml.loading.moddiscovery.ModFileParser/LOADING]: Considering mod file candidate /workspaces/YNDPTM/servidor_minecraft/mods/The-Man-From-The-Fog-1.4-1.20.1.jar
[12Jul2025 20:10:24.272] [main/DEBUG] [net.minecraftforge.fml.loading.moddiscovery.ModFileInfo/LOADING]: Found valid mod file The-Man-From-The-Fog-1.4-1.20.1.jar with {man} mods - versions {1.4}
[12Jul2025 20:10:24.272] [main/DEBUG] [net.minecraftforge.fml.loading.moddiscovery.ModFile/LOADING]: Loading mod file /workspaces/YNDPTM/servidor_minecraft/mods/The-Man-From-The-Fog-1.4-1.20.1.jar with languages [LanguageSpec[languageName=javafml, acceptedVersions=[47,)]]
[12Jul2025 20:10:24.272] [main/DEBUG] [net.minecraftforge.fml.loading.moddiscovery.ModFileParser/LOADING]: Considering mod file candidate 
[12Jul2025 20:10:24.272] [main/DEBUG] [net.minecraftforge.fml.loading.moddiscovery.ModFileInfo/LOADING]: Found valid mod file fabric-biome-api-v1-13.0.13+dc36698e77.jar with {fabric_biome_api_v1} mods - versions {13.0.13+dc36698e77}
[12Jul2025 20:10:24.273] [main/DEBUG] [net.minecraftforge.fml.loading.moddiscovery.ModFile/LOADING]: Loading mod file  with languages [LanguageSpec[languageName=javafml, acceptedVersions=[47,)]]
[12Jul2025 20:10:24.273] [main/DEBUG] [net.minecraftforge.fml.loading.moddiscovery.ModFileParser/LOADING]: Considering mod file candidate 
[12Jul2025 20:10:24.273] [main/DEBUG] [net.minecraftforge.fml.loading.moddiscovery.ModFileInfo/LOADING]: Found valid mod file Connector-1.0.0-beta.46+1.20.1-mod.jar with {connectormod} mods - versions {1.0.0-beta.46+1.20.1}
[12Jul2025 20:10:24.273] [main/DEBUG] [net.minecraftforge.fml.loading.moddiscovery.ModFile/LOADING]: Loading mod file  with languages [LanguageSpec[languageName=javafml, acceptedVersions=[47,)]]
[12Jul2025 20:10:24.274] [main/DEBUG] [net.minecraftforge.fml.loading.moddiscovery.ModFileParser/LOADING]: Found coremod injectCreativeModeTabCtr with Javascript path META-INF/asm/injectCreativeModeTabCtr.js
[12Jul2025 20:10:24.274] [main/DEBUG] [net.minecraftforge.fml.loading.moddiscovery.ModFileParser/LOADING]: Found coremod injectFabricASM with Javascript path META-INF/asm/injectFabricASM.js
[12Jul2025 20:10:24.274] [main/DEBUG] [net.minecraftforge.fml.loading.moddiscovery.ModFileParser/LOADING]: Found coremod updateItemUseStartTreshold with Javascript path META-INF/asm/updateItemUseStartTreshold.js
[12Jul2025 20:10:24.274] [main/DEBUG] [net.minecraftforge.fml.loading.moddiscovery.ModFileParser/LOADING]: Found coremod expandLocalVarScope with Javascript path META-INF/asm/expandLocalVarScope.js
[12Jul2025 20:10:24.274] [main/DEBUG] [net.minecraftforge.fml.loading.moddiscovery.ModFileParser/LOADING]: Found coremod fixFieldSignatureChanges with Javascript path META-INF/asm/fixFieldSignatureChanges.js
[12Jul2025 20:10:24.274] [main/DEBUG] [net.minecraftforge.fml.loading.moddiscovery.ModFile/LOADING]: Found coremod META-INF/asm/injectCreativeModeTabCtr.js
[12Jul2025 20:10:24.274] [main/DEBUG] [net.minecraftforge.fml.loading.moddiscovery.ModFile/LOADING]: Found coremod META-INF/asm/injectFabricASM.js
[12Jul2025 20:10:24.274] [main/DEBUG] [net.minecraftforge.fml.loading.moddiscovery.ModFile/LOADING]: Found coremod META-INF/asm/updateItemUseStartTreshold.js
[12Jul2025 20:10:24.274] [main/DEBUG] [net.minecraftforge.fml.loading.moddiscovery.ModFile/LOADING]: Found coremod META-INF/asm/expandLocalVarScope.js
[12Jul2025 20:10:24.274] [main/DEBUG] [net.minecraftforge.fml.loading.moddiscovery.ModFile/LOADING]: Found coremod META-INF/asm/fixFieldSignatureChanges.js
[12Jul2025 20:10:24.274] [main/DEBUG] [net.minecraftforge.fml.loading.moddiscovery.ModFileParser/LOADING]: Considering mod file candidate 
[12Jul2025 20:10:24.275] [main/DEBUG] [net.minecraftforge.fml.loading.moddiscovery.ModFileInfo/LOADING]: Found valid mod file fabric-entity-events-v1-1.6.0+4ca7515277.jar with {fabric_entity_events_v1} mods - versions {1.6.0+4ca7515277}
[12Jul2025 20:10:24.275] [main/DEBUG] [net.minecraftforge.fml.loading.moddiscovery.ModFile/LOADING]: Loading mod file  with languages [LanguageSpec[languageName=javafml, acceptedVersions=[47,)]]
[12Jul2025 20:10:24.275] [main/DEBUG] [net.minecraftforge.fml.loading.moddiscovery.ModFileParser/LOADING]: Considering mod file candidate 
[12Jul2025 20:10:24.275] [main/DEBUG] [net.minecraftforge.fml.loading.moddiscovery.ModFileInfo/LOADING]: Found valid mod file fabric-registry-sync-v0-2.3.3+1c0ea72177.jar with {fabric_registry_sync_v0} mods - versions {2.3.3+1c0ea72177}
[12Jul2025 20:10:24.275] [main/DEBUG] [net.minecraftforge.fml.loading.moddiscovery.ModFile/LOADING]: Loading mod file  with languages [LanguageSpec[languageName=javafml, acceptedVersions=[47,)]]
[12Jul2025 20:10:24.275] [main/DEBUG] [net.minecraftforge.fml.loading.moddiscovery.ModFileParser/LOADING]: Considering mod file candidate /workspaces/YNDPTM/servidor_minecraft/mods/antlers-1.0.0.jar
[12Jul2025 20:10:24.276] [main/DEBUG] [net.minecraftforge.fml.loading.moddiscovery.ModFileInfo/LOADING]: Found valid mod file antlers-1.0.0.jar with {antlers} mods - versions {1.0.0}
[12Jul2025 20:10:24.276] [main/DEBUG] [net.minecraftforge.fml.loading.moddiscovery.ModFile/LOADING]: Loading mod file /workspaces/YNDPTM/servidor_minecraft/mods/antlers-1.0.0.jar with languages [LanguageSpec[languageName=javafml, acceptedVersions=[47,)]]
[12Jul2025 20:10:24.276] [main/DEBUG] [net.minecraftforge.fml.loading.moddiscovery.ModFileParser/LOADING]: Considering mod file candidate /workspaces/YNDPTM/servidor_minecraft/mods/Beware-1.20.1-2.3.4.jar
[12Jul2025 20:10:24.277] [main/DEBUG] [net.minecraftforge.fml.loading.moddiscovery.ModFileInfo/LOADING]: Found valid mod file Beware-1.20.1-2.3.4.jar with {bwrtherain} mods - versions {2.3.4}
[12Jul2025 20:10:24.277] [main/DEBUG] [net.minecraftforge.fml.loading.moddiscovery.ModFile/LOADING]: Loading mod file /workspaces/YNDPTM/servidor_minecraft/mods/Beware-1.20.1-2.3.4.jar with languages [LanguageSpec[languageName=javafml, acceptedVersions=[47,)]]
[12Jul2025 20:10:24.277] [main/DEBUG] [net.minecraftforge.fml.loading.moddiscovery.ModFileParser/LOADING]: Considering mod file candidate 
[12Jul2025 20:10:24.277] [main/DEBUG] [net.minecraftforge.fml.loading.moddiscovery.ModFileInfo/LOADING]: Found valid mod file fabric-recipe-api-v1-1.0.21+514a076577.jar with {fabric_recipe_api_v1} mods - versions {1.0.21+514a076577}
[12Jul2025 20:10:24.277] [main/DEBUG] [net.minecraftforge.fml.loading.moddiscovery.ModFile/LOADING]: Loading mod file  with languages [LanguageSpec[languageName=javafml, acceptedVersions=[47,)]]
[12Jul2025 20:10:24.277] [main/DEBUG] [net.minecraftforge.fml.loading.moddiscovery.ModFileParser/LOADING]: Considering mod file candidate 
[12Jul2025 20:10:24.278] [main/DEBUG] [net.minecraftforge.fml.loading.moddiscovery.ModFileInfo/LOADING]: Found valid mod file fabric-object-builder-api-v1-11.1.3+4bd998fa77.jar with {fabric_object_builder_api_v1} mods - versions {11.1.3+4bd998fa77}
[12Jul2025 20:10:24.278] [main/DEBUG] [net.minecraftforge.fml.loading.moddiscovery.ModFile/LOADING]: Loading mod file  with languages [LanguageSpec[languageName=javafml, acceptedVersions=[47,)]]
[12Jul2025 20:10:24.278] [main/DEBUG] [net.minecraftforge.fml.loading.moddiscovery.ModFileParser/LOADING]: Considering mod file candidate 
[12Jul2025 20:10:24.278] [main/DEBUG] [net.minecraftforge.fml.loading.moddiscovery.ModFileInfo/LOADING]: Found valid mod file fabric-loot-api-v2-1.2.1+eb28f93e77.jar with {fabric_loot_api_v2} mods - versions {1.2.1+eb28f93e77}
[12Jul2025 20:10:24.278] [main/DEBUG] [net.minecraftforge.fml.loading.moddiscovery.ModFile/LOADING]: Loading mod file  with languages [LanguageSpec[languageName=javafml, acceptedVersions=[47,)]]
[12Jul2025 20:10:24.279] [main/DEBUG] [net.minecraftforge.fml.loading.moddiscovery.ModFileParser/LOADING]: Considering mod file candidate 
[12Jul2025 20:10:24.279] [main/DEBUG] [net.minecraftforge.fml.loading.moddiscovery.ModFileInfo/LOADING]: Found valid mod file fabric-rendering-data-attachment-v1-0.3.37+a6081afc77.jar with {fabric_rendering_data_attachment_v1} mods - versions {0.3.37+a6081afc77}
[12Jul2025 20:10:24.279] [main/DEBUG] [net.minecraftforge.fml.loading.moddiscovery.ModFile/LOADING]: Loading mod file  with languages [LanguageSpec[languageName=javafml, acceptedVersions=[47,)]]
[12Jul2025 20:10:24.279] [main/DEBUG] [net.minecraftforge.fml.loading.moddiscovery.ModFileParser/LOADING]: Considering mod file candidate /workspaces/YNDPTM/servidor_minecraft/mods/itsnotreal-0.0.0.0.0.0.0.0.jar
[12Jul2025 20:10:24.280] [main/DEBUG] [net.minecraftforge.fml.loading.moddiscovery.ModFileInfo/LOADING]: Found valid mod file itsnotreal-0.0.0.0.0.0.0.0.jar with {itsnotreal} mods - versions {0.0.0.0.0.0.0.0}
[12Jul2025 20:10:24.280] [main/DEBUG] [net.minecraftforge.fml.loading.moddiscovery.ModFile/LOADING]: Loading mod file /workspaces/YNDPTM/servidor_minecraft/mods/itsnotreal-0.0.0.0.0.0.0.0.jar with languages [LanguageSpec[languageName=javafml, acceptedVersions=[47,)]]
[12Jul2025 20:10:24.280] [main/DEBUG] [net.minecraftforge.fml.loading.moddiscovery.ModFileParser/LOADING]: Considering mod file candidate 
[12Jul2025 20:10:24.280] [main/DEBUG] [net.minecraftforge.fml.loading.moddiscovery.ModFileInfo/LOADING]: Found valid mod file fabric-networking-api-v1-1.3.11+503a202477.jar with {fabric_networking_api_v1} mods - versions {1.3.11+503a202477}
[12Jul2025 20:10:24.280] [main/DEBUG] [net.minecraftforge.fml.loading.moddiscovery.ModFile/LOADING]: Loading mod file  with languages [LanguageSpec[languageName=javafml, acceptedVersions=[47,)]]
[12Jul2025 20:10:24.280] [main/DEBUG] [net.minecraftforge.fml.loading.moddiscovery.ModFileParser/LOADING]: Considering mod file candidate /workspaces/YNDPTM/servidor_minecraft/mods/Anomaly-1.1.5-FullShaderSupport.jar
[12Jul2025 20:10:24.281] [main/DEBUG] [net.minecraftforge.fml.loading.moddiscovery.ModFileInfo/LOADING]: Found valid mod file Anomaly-1.1.5-FullShaderSupport.jar with {the_anomaly} mods - versions {1.1.5}
[12Jul2025 20:10:24.281] [main/DEBUG] [net.minecraftforge.fml.loading.moddiscovery.ModFile/LOADING]: Loading mod file /workspaces/YNDPTM/servidor_minecraft/mods/Anomaly-1.1.5-FullShaderSupport.jar with languages [LanguageSpec[languageName=javafml, acceptedVersions=[47,)]]
[12Jul2025 20:10:24.281] [main/DEBUG] [net.minecraftforge.fml.loading.moddiscovery.ModFileParser/LOADING]: Considering mod file candidate 
[12Jul2025 20:10:24.281] [main/DEBUG] [net.minecraftforge.fml.loading.moddiscovery.ModFileInfo/LOADING]: Found valid mod file fabric-sound-api-v1-1.0.13+4f23bd8477.jar with {fabric_sound_api_v1} mods - versions {1.0.13+4f23bd8477}
[12Jul2025 20:10:24.281] [main/DEBUG] [net.minecraftforge.fml.loading.moddiscovery.ModFile/LOADING]: Loading mod file  with languages [LanguageSpec[languageName=javafml, acceptedVersions=[47,)]]
[12Jul2025 20:10:24.281] [main/DEBUG] [net.minecraftforge.fml.loading.moddiscovery.ModFileParser/LOADING]: Considering mod file candidate 
[12Jul2025 20:10:24.282] [main/DEBUG] [net.minecraftforge.fml.loading.moddiscovery.ModFileInfo/LOADING]: Found valid mod file fabric-message-api-v1-5.1.9+52cc178c77.jar with {fabric_message_api_v1} mods - versions {5.1.9+52cc178c77}
[12Jul2025 20:10:24.282] [main/DEBUG] [net.minecraftforge.fml.loading.moddiscovery.ModFile/LOADING]: Loading mod file  with languages [LanguageSpec[languageName=javafml, acceptedVersions=[47,)]]
[12Jul2025 20:10:24.282] [main/DEBUG] [net.minecraftforge.fml.loading.moddiscovery.ModFileParser/LOADING]: Considering mod file candidate /workspaces/YNDPTM/servidor_minecraft/mods/animated-doors-1.0.jar
[12Jul2025 20:10:24.282] [main/DEBUG] [net.minecraftforge.fml.loading.moddiscovery.ModFileInfo/LOADING]: Found valid mod file animated-doors-1.0.jar with {mr_animated_doors} mods - versions {1.0}
[12Jul2025 20:10:24.282] [main/DEBUG] [net.minecraftforge.fml.loading.moddiscovery.ModFile/LOADING]: Loading mod file /workspaces/YNDPTM/servidor_minecraft/mods/animated-doors-1.0.jar with languages [LanguageSpec[languageName=javafml, acceptedVersions=[25,)]]
[12Jul2025 20:10:24.282] [main/DEBUG] [net.minecraftforge.fml.loading.moddiscovery.ModFileParser/LOADING]: Considering mod file candidate 
[12Jul2025 20:10:24.283] [main/DEBUG] [net.minecraftforge.fml.loading.moddiscovery.ModFileInfo/LOADING]: Found valid mod file fabric-lifecycle-events-v1-2.2.22+afab492177.jar with {fabric_lifecycle_events_v1} mods - versions {2.2.22+afab492177}
[12Jul2025 20:10:24.283] [main/DEBUG] [net.minecraftforge.fml.loading.moddiscovery.ModFile/LOADING]: Loading mod file  with languages [LanguageSpec[languageName=javafml, acceptedVersions=[47,)]]
[12Jul2025 20:10:24.283] [main/DEBUG] [net.minecraftforge.fml.loading.moddiscovery.ModFileParser/LOADING]: Considering mod file candidate /workspaces/YNDPTM/servidor_minecraft/mods/no_moon-1.4.4-forge-1.20.1.jar
[12Jul2025 20:10:24.283] [main/DEBUG] [net.minecraftforge.fml.loading.moddiscovery.ModFileInfo/LOADING]: Found valid mod file no_moon-1.4.4-forge-1.20.1.jar with {no_moon} mods - versions {1.4.4}
[12Jul2025 20:10:24.283] [main/DEBUG] [net.minecraftforge.fml.loading.moddiscovery.ModFile/LOADING]: Loading mod file /workspaces/YNDPTM/servidor_minecraft/mods/no_moon-1.4.4-forge-1.20.1.jar with languages [LanguageSpec[languageName=javafml, acceptedVersions=[47,)]]
[12Jul2025 20:10:24.284] [main/DEBUG] [net.minecraftforge.fml.loading.moddiscovery.ModFileParser/LOADING]: Considering mod file candidate 
[12Jul2025 20:10:24.284] [main/DEBUG] [net.minecraftforge.fml.loading.moddiscovery.ModFileInfo/LOADING]: Found valid mod file fabric-data-generation-api-v1-12.3.4+369cb3a477.jar with {fabric_data_generation_api_v1} mods - versions {12.3.4+369cb3a477}
[12Jul2025 20:10:24.284] [main/DEBUG] [net.minecraftforge.fml.loading.moddiscovery.ModFile/LOADING]: Loading mod file  with languages [LanguageSpec[languageName=javafml, acceptedVersions=[47,)]]
[12Jul2025 20:10:24.284] [main/DEBUG] [net.minecraftforge.fml.loading.moddiscovery.ModFileParser/LOADING]: Found coremod addFabricKeySortOrders with Javascript path META-INF/asm/addFabricKeySortOrders.js
[12Jul2025 20:10:24.285] [main/DEBUG] [net.minecraftforge.fml.loading.moddiscovery.ModFile/LOADING]: Found coremod META-INF/asm/addFabricKeySortOrders.js
[12Jul2025 20:10:24.285] [main/DEBUG] [net.minecraftforge.fml.loading.moddiscovery.ModFileParser/LOADING]: Considering mod file candidate /workspaces/YNDPTM/servidor_minecraft/mods/skinrestorer-2.3.5+1.20-forge.jar
[12Jul2025 20:10:24.285] [main/DEBUG] [net.minecraftforge.fml.loading.moddiscovery.ModFileInfo/LOADING]: Found valid mod file skinrestorer-2.3.5+1.20-forge.jar with {skinrestorer} mods - versions {2.3.5+1.20-forge}
[12Jul2025 20:10:24.285] [main/DEBUG] [net.minecraftforge.fml.loading.moddiscovery.ModFile/LOADING]: Loading mod file /workspaces/YNDPTM/servidor_minecraft/mods/skinrestorer-2.3.5+1.20-forge.jar with languages [LanguageSpec[languageName=javafml, acceptedVersions=[46,)]]
[12Jul2025 20:10:24.285] [main/DEBUG] [net.minecraftforge.fml.loading.moddiscovery.ModFileParser/LOADING]: Considering mod file candidate 
[12Jul2025 20:10:24.286] [main/DEBUG] [net.minecraftforge.fml.loading.moddiscovery.ModFileInfo/LOADING]: Found valid mod file fabric-events-interaction-v0-0.6.2+0d0bd5a777.jar with {fabric_events_interaction_v0} mods - versions {0.6.2+0d0bd5a777}
[12Jul2025 20:10:24.286] [main/DEBUG] [net.minecraftforge.fml.loading.moddiscovery.ModFile/LOADING]: Loading mod file  with languages [LanguageSpec[languageName=javafml, acceptedVersions=[47,)]]
[12Jul2025 20:10:24.286] [main/DEBUG] [net.minecraftforge.fml.loading.moddiscovery.ModFileParser/LOADING]: Considering mod file candidate /workspaces/YNDPTM/servidor_minecraft/mods/The God v1.2.1(1.20.1).jar
[12Jul2025 20:10:24.286] [main/DEBUG] [net.minecraftforge.fml.loading.moddiscovery.ModFileInfo/LOADING]: Found valid mod file The God v1.2.1(1.20.1).jar with {god} mods - versions {1.0.0}
[12Jul2025 20:10:24.286] [main/DEBUG] [net.minecraftforge.fml.loading.moddiscovery.ModFile/LOADING]: Loading mod file /workspaces/YNDPTM/servidor_minecraft/mods/The God v1.2.1(1.20.1).jar with languages [LanguageSpec[languageName=javafml, acceptedVersions=[47,)]]
[12Jul2025 20:10:24.286] [main/DEBUG] [net.minecraftforge.fml.loading.moddiscovery.ModFileParser/LOADING]: Considering mod file candidate 
[12Jul2025 20:10:24.287] [main/DEBUG] [net.minecraftforge.fml.loading.moddiscovery.ModFileInfo/LOADING]: Found valid mod file fabric-key-binding-api-v1-1.0.37+561530ec77.jar with {fabric_key_binding_api_v1} mods - versions {1.0.37+561530ec77}
[12Jul2025 20:10:24.287] [main/DEBUG] [net.minecraftforge.fml.loading.moddiscovery.ModFile/LOADING]: Loading mod file  with languages [LanguageSpec[languageName=javafml, acceptedVersions=[47,)]]
[12Jul2025 20:10:24.287] [main/DEBUG] [net.minecraftforge.fml.loading.moddiscovery.ModFileParser/LOADING]: Considering mod file candidate 
[12Jul2025 20:10:24.287] [main/DEBUG] [net.minecraftforge.fml.loading.moddiscovery.ModFileInfo/LOADING]: Found valid mod file fabric-client-tags-api-v1-1.1.2+5d6761b877.jar with {fabric_client_tags_api_v1} mods - versions {1.1.2+5d6761b877}
[12Jul2025 20:10:24.288] [main/DEBUG] [net.minecraftforge.fml.loading.moddiscovery.ModFile/LOADING]: Loading mod file  with languages [LanguageSpec[languageName=javafml, acceptedVersions=[47,)]]
[12Jul2025 20:10:24.288] [main/DEBUG] [net.minecraftforge.fml.loading.moddiscovery.ModFile/LOADING]: Loading mod file  with languages []
[12Jul2025 20:10:24.288] [main/DEBUG] [net.minecraftforge.fml.loading.moddiscovery.ModFile/LOADING]: Loading mod file  with languages []
[12Jul2025 20:10:24.288] [main/DEBUG] [net.minecraftforge.fml.loading.moddiscovery.ModFileParser/LOADING]: Considering mod file candidate 
[12Jul2025 20:10:24.288] [main/DEBUG] [net.minecraftforge.fml.loading.moddiscovery.ModFileInfo/LOADING]: Found valid mod file mixinextras-forge-0.3.6.jar with {mixinextras} mods - versions {0.3.6}
[12Jul2025 20:10:24.288] [main/DEBUG] [net.minecraftforge.fml.loading.moddiscovery.ModFile/LOADING]: Loading mod file  with languages [LanguageSpec[languageName=javafml, acceptedVersions=*]]
[12Jul2025 20:10:24.288] [main/DEBUG] [net.minecraftforge.fml.loading.moddiscovery.ModFile/LOADING]: Loading mod file  with languages []
[12Jul2025 20:10:24.288] [main/DEBUG] [net.minecraftforge.fml.loading.moddiscovery.ModFile/LOADING]: Loading mod file  with languages []
[12Jul2025 20:10:24.289] [main/DEBUG] [net.minecraftforge.fml.loading.moddiscovery.ModFile/LOADING]: Loading mod file  with languages []
[12Jul2025 20:10:24.289] [main/DEBUG] [net.minecraftforge.fml.loading.moddiscovery.ModFile/LOADING]: Loading mod file  with languages []
[12Jul2025 20:10:24.289] [main/DEBUG] [net.minecraftforge.fml.loading.moddiscovery.ModFileParser/LOADING]: Considering mod file candidate 
[12Jul2025 20:10:24.289] [main/DEBUG] [net.minecraftforge.fml.loading.moddiscovery.ModFileInfo/LOADING]: Found valid mod file mixinextras-forge-0.3.6.jar with {mixinextras} mods - versions {0.3.6}
[12Jul2025 20:10:24.289] [main/DEBUG] [net.minecraftforge.fml.loading.moddiscovery.ModFile/LOADING]: Loading mod file  with languages [LanguageSpec[languageName=javafml, acceptedVersions=*]]
[12Jul2025 20:10:24.289] [main/DEBUG] [net.minecraftforge.fml.loading.moddiscovery.ModFile/LOADING]: Loading mod file  with languages []
[12Jul2025 20:10:24.289] [main/DEBUG] [net.minecraftforge.fml.loading.moddiscovery.ModFile/LOADING]: Loading mod file  with languages []
[12Jul2025 20:10:24.290] [main/DEBUG] [cpw.mods.modlauncher.TransformationServiceDecorator/MODLAUNCHER]: End scan trigger - transformation service fml
[12Jul2025 20:10:24.290] [main/DEBUG] [cpw.mods.modlauncher.TransformationServiceDecorator/MODLAUNCHER]: Beginning scan trigger - transformation service mixin-transmogrifier
[12Jul2025 20:10:24.292] [main/DEBUG] [cpw.mods.modlauncher.TransformationServiceDecorator/MODLAUNCHER]: End scan trigger - transformation service mixin-transmogrifier
[12Jul2025 20:10:24.292] [main/DEBUG] [cpw.mods.modlauncher.TransformationServiceDecorator/MODLAUNCHER]: Beginning scan trigger - transformation service connector_loader
[12Jul2025 20:10:24.292] [main/DEBUG] [cpw.mods.modlauncher.TransformationServiceDecorator/MODLAUNCHER]: End scan trigger - transformation service connector_loader
[12Jul2025 20:10:24.303] [main/DEBUG] [net.minecraftforge.fml.loading.LanguageLoadingProvider/CORE]: Found 3 language providers
[12Jul2025 20:10:24.303] [main/DEBUG] [net.minecraftforge.fml.loading.LanguageLoadingProvider/CORE]: Found language provider minecraft, version 1.0
[12Jul2025 20:10:24.304] [main/DEBUG] [net.minecraftforge.fml.loading.LanguageLoadingProvider/CORE]: Found language provider lowcodefml, version 47
[12Jul2025 20:10:24.304] [main/DEBUG] [net.minecraftforge.fml.loading.LanguageLoadingProvider/CORE]: Found language provider javafml, version 47
[12Jul2025 20:10:24.312] [main/DEBUG] [net.minecraftforge.fml.loading.UniqueModListBuilder/]: Found 2 mods for first modid mclib, selecting most recent based on version data
[12Jul2025 20:10:24.312] [main/DEBUG] [net.minecraftforge.fml.loading.UniqueModListBuilder/]: Selected file mclib-20.jar for modid mclib with version 0.0NONE
[12Jul2025 20:10:24.312] [main/DEBUG] [net.minecraftforge.fml.loading.UniqueModListBuilder/]: Found 2 mods for first modid java.client.SNAPSHOT, selecting most recent based on version data
[12Jul2025 20:10:24.312] [main/DEBUG] [net.minecraftforge.fml.loading.UniqueModListBuilder/]: Selected file java-client-3.0.6-SNAPSHOT.jar for modid java.client.SNAPSHOT with version 0.0NONE
[12Jul2025 20:10:24.312] [main/DEBUG] [net.minecraftforge.fml.loading.UniqueModListBuilder/]: Found 2 mods for first modid mixinextras, selecting most recent based on version data
[12Jul2025 20:10:24.312] [main/DEBUG] [net.minecraftforge.fml.loading.UniqueModListBuilder/]: Selected file mixinextras-forge-0.3.6.jar for modid mixinextras with version 0.3.6
[12Jul2025 20:10:24.312] [main/DEBUG] [net.minecraftforge.fml.loading.UniqueModListBuilder/]: Found 2 mods for first modid runtime._1._20._1, selecting most recent based on version data
[12Jul2025 20:10:24.312] [main/DEBUG] [net.minecraftforge.fml.loading.UniqueModListBuilder/]: Selected file runtime-1.0.0+1.20.1.jar for modid runtime._1._20._1 with version 1.0.0+1.20.1
[12Jul2025 20:10:24.312] [main/DEBUG] [net.minecraftforge.fml.loading.UniqueModListBuilder/]: Found 2 mods for first modid MixinExtras, selecting most recent based on version data
[12Jul2025 20:10:24.312] [main/DEBUG] [net.minecraftforge.fml.loading.UniqueModListBuilder/]: Selected file MixinExtras-0.3.6.jar for modid MixinExtras with version 0.0NONE
[12Jul2025 20:10:24.314] [main/DEBUG] [net.minecraftforge.fml.loading.ModSorter/]: Configured system mods: [minecraft, forge]
[12Jul2025 20:10:24.314] [main/DEBUG] [net.minecraftforge.fml.loading.ModSorter/]: Found system mod: minecraft
[12Jul2025 20:10:24.314] [main/DEBUG] [net.minecraftforge.fml.loading.ModSorter/]: Found system mod: forge
[12Jul2025 20:10:24.317] [main/DEBUG] [net.minecraftforge.fml.loading.ModSorter/LOADING]: Found 188 mod requirements (166 mandatory, 22 optional)
[12Jul2025 20:10:24.318] [main/DEBUG] [net.minecraftforge.fml.loading.ModSorter/LOADING]: Found 0 mod requirements missing (0 mandatory, 0 optional)
[12Jul2025 20:10:24.853] [main/DEBUG] [org.sinytra.connector.service.hacks.ModuleLayerMigrator/]: Attempting to make module authlib transformable
[12Jul2025 20:10:24.854] [main/INFO] [org.sinytra.connector.service.hacks.ModuleLayerMigrator/]: Successfully made module authlib transformable
[12Jul2025 20:10:24.856] [main/DEBUG] [cpw.mods.modlauncher.TransformationServicesHandler/MODLAUNCHER]: Transformation services loading transformers
[12Jul2025 20:10:24.856] [main/DEBUG] [cpw.mods.modlauncher.TransformationServiceDecorator/MODLAUNCHER]: Initializing transformers for transformation service mixin
[12Jul2025 20:10:24.857] [main/DEBUG] [cpw.mods.modlauncher.TransformationServiceDecorator/MODLAUNCHER]: Initialized transformers for transformation service mixin
[12Jul2025 20:10:24.857] [main/DEBUG] [cpw.mods.modlauncher.TransformationServiceDecorator/MODLAUNCHER]: Initializing transformers for transformation service fml
[12Jul2025 20:10:24.857] [main/DEBUG] [net.minecraftforge.fml.loading.FMLServiceProvider/CORE]: Loading coremod transformers
[12Jul2025 20:10:24.858] [main/DEBUG] [net.minecraftforge.coremod.CoreModEngine/COREMOD]: Loading CoreMod from META-INF/asm/implementFabricItem.js
[12Jul2025 20:10:25.126] [main/DEBUG] [net.minecraftforge.coremod.CoreModEngine/COREMOD]: CoreMod loaded successfully
[12Jul2025 20:10:25.126] [main/DEBUG] [net.minecraftforge.coremod.CoreModEngine/COREMOD]: Loading CoreMod from coremods/field_to_method.js
[12Jul2025 20:10:25.146] [main/DEBUG] [net.minecraftforge.coremod.CoreModEngine/COREMOD]: CoreMod loaded successfully
[12Jul2025 20:10:25.146] [main/DEBUG] [net.minecraftforge.coremod.CoreModEngine/COREMOD]: Loading CoreMod from coremods/field_to_instanceof.js
[12Jul2025 20:10:25.179] [main/DEBUG] [net.minecraftforge.coremod.CoreModEngine/COREMOD]: CoreMod loaded successfully
[12Jul2025 20:10:25.179] [main/DEBUG] [net.minecraftforge.coremod.CoreModEngine/COREMOD]: Loading CoreMod from coremods/add_bouncer_method.js
[12Jul2025 20:10:25.210] [main/DEBUG] [net.minecraftforge.coremod.CoreModEngine/COREMOD]: CoreMod loaded successfully
[12Jul2025 20:10:25.211] [main/DEBUG] [net.minecraftforge.coremod.CoreModEngine/COREMOD]: Loading CoreMod from coremods/method_redirector.js
[12Jul2025 20:10:25.262] [main/DEBUG] [net.minecraftforge.coremod.CoreModEngine/COREMOD]: CoreMod loaded successfully
[12Jul2025 20:10:25.263] [main/DEBUG] [net.minecraftforge.coremod.CoreModEngine/COREMOD]: Loading CoreMod from META-INF/asm/mutableOxidizableBlocks.js
[12Jul2025 20:10:25.275] [main/DEBUG] [net.minecraftforge.coremod.CoreModEngine/COREMOD]: CoreMod loaded successfully
[12Jul2025 20:10:25.275] [main/DEBUG] [net.minecraftforge.coremod.CoreModEngine/COREMOD]: Loading CoreMod from META-INF/asm/implementFabricBlock.js
[12Jul2025 20:10:25.302] [main/DEBUG] [net.minecraftforge.coremod.CoreModEngine/COREMOD]: CoreMod loaded successfully
[12Jul2025 20:10:25.303] [main/DEBUG] [net.minecraftforge.coremod.CoreModEngine/COREMOD]: Loading CoreMod from META-INF/asm/implementFabricBlockState.js
[12Jul2025 20:10:25.325] [main/DEBUG] [net.minecraftforge.coremod.CoreModEngine/COREMOD]: CoreMod loaded successfully
[12Jul2025 20:10:25.325] [main/DEBUG] [net.minecraftforge.coremod.CoreModEngine/COREMOD]: Loading CoreMod from META-INF/asm/injectDataProvider.js
[12Jul2025 20:10:25.342] [main/DEBUG] [net.minecraftforge.coremod.CoreModEngine/COREMOD]: CoreMod loaded successfully
[12Jul2025 20:10:25.342] [main/DEBUG] [net.minecraftforge.coremod.CoreModEngine/COREMOD]: Loading CoreMod from META-INF/asm/injectCreativeModeTabCtr.js
[12Jul2025 20:10:25.354] [main/DEBUG] [net.minecraftforge.coremod.CoreModEngine/COREMOD]: CoreMod loaded successfully
[12Jul2025 20:10:25.354] [main/DEBUG] [net.minecraftforge.coremod.CoreModEngine/COREMOD]: Loading CoreMod from META-INF/asm/injectFabricASM.js
[12Jul2025 20:10:25.380] [main/DEBUG] [net.minecraftforge.coremod.CoreModEngine/COREMOD]: CoreMod loaded successfully
[12Jul2025 20:10:25.380] [main/DEBUG] [net.minecraftforge.coremod.CoreModEngine/COREMOD]: Loading CoreMod from META-INF/asm/updateItemUseStartTreshold.js
[12Jul2025 20:10:25.391] [main/DEBUG] [net.minecraftforge.coremod.CoreModEngine/COREMOD]: CoreMod loaded successfully
[12Jul2025 20:10:25.391] [main/DEBUG] [net.minecraftforge.coremod.CoreModEngine/COREMOD]: Loading CoreMod from META-INF/asm/expandLocalVarScope.js
[12Jul2025 20:10:25.415] [main/DEBUG] [net.minecraftforge.coremod.CoreModEngine/COREMOD]: CoreMod loaded successfully
[12Jul2025 20:10:25.415] [main/DEBUG] [net.minecraftforge.coremod.CoreModEngine/COREMOD]: Loading CoreMod from META-INF/asm/fixFieldSignatureChanges.js
[12Jul2025 20:10:25.427] [main/DEBUG] [net.minecraftforge.coremod.CoreModEngine/COREMOD]: CoreMod loaded successfully
[12Jul2025 20:10:25.427] [main/DEBUG] [net.minecraftforge.coremod.CoreModEngine/COREMOD]: Loading CoreMod from META-INF/asm/addFabricKeySortOrders.js
[12Jul2025 20:10:25.448] [main/DEBUG] [net.minecraftforge.coremod.CoreModEngine/COREMOD]: CoreMod loaded successfully
[12Jul2025 20:10:25.466] [main/DEBUG] [cpw.mods.modlauncher.TransformStore/MODLAUNCHER]: Adding transformer net.minecraftforge.coremod.transformer.CoreModMethodTransformer@69d103f0 to Target : METHOD {Lnet/minecraftforge/common/extensions/IForgeItem;} {getCraftingRemainingItem} {(Lnet/minecraft/world/item/ItemStack;)Lnet/minecraft/world/item/ItemStack;}
[12Jul2025 20:10:25.467] [main/DEBUG] [cpw.mods.modlauncher.TransformStore/MODLAUNCHER]: Adding transformer net.minecraftforge.coremod.transformer.CoreModMethodTransformer@26fadd98 to Target : METHOD {Lnet/minecraftforge/common/extensions/IForgeItem;} {hasCraftingRemainingItem} {(Lnet/minecraft/world/item/ItemStack;)Z}
[12Jul2025 20:10:25.468] [main/DEBUG] [cpw.mods.modlauncher.TransformStore/MODLAUNCHER]: Adding transformer net.minecraftforge.coremod.transformer.CoreModMethodTransformer@66451058 to Target : METHOD {Lnet/minecraftforge/common/extensions/IForgeItem;} {getAttributeModifiers} {(Lnet/minecraft/world/entity/EquipmentSlot;Lnet/minecraft/world/item/ItemStack;)Lcom/google/common/collect/Multimap;}
[12Jul2025 20:10:25.468] [main/DEBUG] [cpw.mods.modlauncher.TransformStore/MODLAUNCHER]: Adding transformer net.minecraftforge.coremod.transformer.CoreModMethodTransformer@3db6dd52 to Target : METHOD {Lnet/minecraftforge/common/extensions/IForgeItem;} {isCorrectToolForDrops} {(Lnet/minecraft/world/item/ItemStack;Lnet/minecraft/world/level/block/state/BlockState;)Z}
[12Jul2025 20:10:25.469] [main/DEBUG] [cpw.mods.modlauncher.TransformStore/MODLAUNCHER]: Adding transformer net.minecraftforge.coremod.transformer.CoreModMethodTransformer@1e92c3b6 to Target : METHOD {Lnet/minecraftforge/common/extensions/IForgeItem;} {shouldCauseReequipAnimation} {(Lnet/minecraft/world/item/ItemStack;Lnet/minecraft/world/item/ItemStack;Z)Z}
[12Jul2025 20:10:25.469] [main/DEBUG] [cpw.mods.modlauncher.TransformStore/MODLAUNCHER]: Adding transformer net.minecraftforge.coremod.transformer.CoreModMethodTransformer@6ef4cbe1 to Target : METHOD {Lnet/minecraftforge/common/extensions/IForgeItem;} {getEquipmentSlot} {(Lnet/minecraft/world/item/ItemStack;)Lnet/minecraft/world/entity/EquipmentSlot;}
[12Jul2025 20:10:25.469] [main/DEBUG] [cpw.mods.modlauncher.TransformStore/MODLAUNCHER]: Adding transformer net.minecraftforge.coremod.transformer.CoreModMethodTransformer@207dd1b7 to Target : METHOD {Lnet/minecraftforge/common/extensions/IForgeItem;} {damageItem} {(Lnet/minecraft/world/item/ItemStack;ILnet/minecraft/world/entity/LivingEntity;Ljava/util/function/Consumer;)I}
[12Jul2025 20:10:25.469] [main/DEBUG] [cpw.mods.modlauncher.TransformStore/MODLAUNCHER]: Adding transformer net.minecraftforge.coremod.transformer.CoreModMethodTransformer@2baac4a7 to Target : METHOD {Lnet/minecraft/world/level/block/WeatheringCopper;} {m_154909_} {()Lcom/google/common/collect/BiMap;}
[12Jul2025 20:10:25.469] [main/DEBUG] [cpw.mods.modlauncher.TransformStore/MODLAUNCHER]: Adding transformer net.minecraftforge.coremod.transformer.CoreModMethodTransformer@23ad2d17 to Target : METHOD {Lnet/minecraftforge/common/extensions/IForgeBlock;} {getAppearance} {(Lnet/minecraft/world/level/block/state/BlockState;Lnet/minecraft/world/level/BlockAndTintGetter;Lnet/minecraft/core/BlockPos;Lnet/minecraft/core/Direction;Lnet/minecraft/world/level/block/state/BlockState;Lnet/minecraft/core/BlockPos;)Lnet/minecraft/world/level/block/state/BlockState;}
[12Jul2025 20:10:25.469] [main/DEBUG] [cpw.mods.modlauncher.TransformStore/MODLAUNCHER]: Adding transformer net.minecraftforge.coremod.transformer.CoreModMethodTransformer@6bce4140 to Target : METHOD {Lnet/minecraftforge/common/extensions/IForgeBlockState;} {getAppearance} {(Lnet/minecraft/world/level/BlockAndTintGetter;Lnet/minecraft/core/BlockPos;Lnet/minecraft/core/Direction;Lnet/minecraft/world/level/block/state/BlockState;Lnet/minecraft/core/BlockPos;)Lnet/minecraft/world/level/block/state/BlockState;}
[12Jul2025 20:10:25.469] [main/DEBUG] [cpw.mods.modlauncher.TransformStore/MODLAUNCHER]: Adding transformer net.minecraftforge.coremod.transformer.CoreModMethodTransformer@25f0c5e7 to Target : METHOD {Lnet/minecraft/data/DataProvider;} {m_236069_} {(Lit/unimi/dsi/fastutil/objects/Object2IntOpenHashMap;)V}
[12Jul2025 20:10:25.469] [main/DEBUG] [cpw.mods.modlauncher.TransformStore/MODLAUNCHER]: Adding transformer net.minecraftforge.coremod.transformer.CoreModMethodTransformer@5882b202 to Target : METHOD {Lcom/chocohead/mm/Plugin;} {fishAddURL} {()Ljava/util/function/Consumer;}
[12Jul2025 20:10:25.469] [main/DEBUG] [cpw.mods.modlauncher.TransformStore/MODLAUNCHER]: Adding transformer net.minecraftforge.coremod.transformer.CoreModMethodTransformer@120df990 to Target : METHOD {Lcom/chocohead/mm/Plugin$1;} {generate} {(Ljava/lang/String;Ljava/util/Collection;)V}
[12Jul2025 20:10:25.470] [main/DEBUG] [cpw.mods.modlauncher.TransformStore/MODLAUNCHER]: Adding transformer net.minecraftforge.coremod.transformer.CoreModMethodTransformer@b506ed0 to Target : METHOD {Lcom/chocohead/mm/EnumSubclasser;} {defineAnonymousSubclass} {(Lorg/objectweb/asm/tree/ClassNode;Lcom/chocohead/mm/api/EnumAdder$EnumAddition;Ljava/lang/String;Ljava/lang/String;)[B}
[12Jul2025 20:10:25.470] [main/DEBUG] [cpw.mods.modlauncher.TransformStore/MODLAUNCHER]: Adding transformer net.minecraftforge.coremod.transformer.CoreModMethodTransformer@282c4da0 to Target : METHOD {Lme/shedaniel/mm/Plugin;} {fishAddURL} {()Ljava/util/function/Consumer;}
[12Jul2025 20:10:25.470] [main/DEBUG] [cpw.mods.modlauncher.TransformStore/MODLAUNCHER]: Adding transformer net.minecraftforge.coremod.transformer.CoreModMethodTransformer@65f3e805 to Target : METHOD {Lme/shedaniel/mm/Plugin$1;} {generate} {(Ljava/lang/String;Ljava/util/Collection;)V}
[12Jul2025 20:10:25.470] [main/DEBUG] [cpw.mods.modlauncher.TransformStore/MODLAUNCHER]: Adding transformer net.minecraftforge.coremod.transformer.CoreModMethodTransformer@18cf5c52 to Target : METHOD {Lme/shedaniel/mm/EnumSubclasser;} {defineAnonymousSubclass} {(Lorg/objectweb/asm/tree/ClassNode;Lcom/chocohead/mm/api/EnumAdder$EnumAddition;Ljava/lang/String;Ljava/lang/String;)[B}
[12Jul2025 20:10:25.470] [main/DEBUG] [cpw.mods.modlauncher.TransformStore/MODLAUNCHER]: Adding transformer net.minecraftforge.coremod.transformer.CoreModMethodTransformer@10618775 to Target : METHOD {Lnet/minecraft/world/entity/LivingEntity;} {m_6672_} {(Lnet/minecraft/world/InteractionHand;)V}
[12Jul2025 20:10:25.470] [main/DEBUG] [cpw.mods.modlauncher.TransformStore/MODLAUNCHER]: Adding transformer net.minecraftforge.coremod.transformer.CoreModMethodTransformer@5aea8994 to Target : METHOD {Lnet/minecraft/world/entity/LivingEntity;} {m_147215_} {(Lnet/minecraft/world/effect/MobEffectInstance;Lnet/minecraft/world/entity/Entity;)V}
[12Jul2025 20:10:25.470] [main/DEBUG] [cpw.mods.modlauncher.TransformStore/MODLAUNCHER]: Adding transformer net.minecraftforge.coremod.transformer.CoreModMethodTransformer@20a3e10c to Target : METHOD {Lnet/minecraft/world/level/BaseSpawner;} {m_151311_} {(Lnet/minecraft/server/level/ServerLevel;Lnet/minecraft/core/BlockPos;)V}
[12Jul2025 20:10:25.470] [main/DEBUG] [cpw.mods.modlauncher.TransformStore/MODLAUNCHER]: Adding transformer net.minecraftforge.coremod.transformer.CoreModMethodTransformer@426c0486 to Target : METHOD {Lnet/minecraft/data/DataProvider;} {m_236069_} {(Lit/unimi/dsi/fastutil/objects/Object2IntOpenHashMap;)V}
[12Jul2025 20:10:25.470] [main/DEBUG] [cpw.mods.modlauncher.TransformStore/MODLAUNCHER]: Adding transformer net.minecraftforge.coremod.transformer.CoreModClassTransformer@5002fde9 to Target : CLASS {Lnet/minecraftforge/common/extensions/IForgeItem;} {} {V}
[12Jul2025 20:10:25.471] [main/DEBUG] [cpw.mods.modlauncher.TransformStore/MODLAUNCHER]: Adding transformer net.minecraftforge.coremod.transformer.CoreModClassTransformer@6f96dd64 to Target : CLASS {Lnet/minecraft/world/level/biome/Biome;} {} {V}
[12Jul2025 20:10:25.471] [main/DEBUG] [cpw.mods.modlauncher.TransformStore/MODLAUNCHER]: Adding transformer net.minecraftforge.coremod.transformer.CoreModClassTransformer@4d7cac24 to Target : CLASS {Lnet/minecraft/world/level/levelgen/structure/Structure;} {} {V}
[12Jul2025 20:10:25.471] [main/DEBUG] [cpw.mods.modlauncher.TransformStore/MODLAUNCHER]: Adding transformer net.minecraftforge.coremod.transformer.CoreModClassTransformer@409732fb to Target : CLASS {Lnet/minecraft/world/effect/MobEffectInstance;} {} {V}
[12Jul2025 20:10:25.471] [main/DEBUG] [cpw.mods.modlauncher.TransformStore/MODLAUNCHER]: Adding transformer net.minecraftforge.coremod.transformer.CoreModClassTransformer@73d62b5 to Target : CLASS {Lnet/minecraft/world/level/block/LiquidBlock;} {} {V}
[12Jul2025 20:10:25.471] [main/DEBUG] [cpw.mods.modlauncher.TransformStore/MODLAUNCHER]: Adding transformer net.minecraftforge.coremod.transformer.CoreModClassTransformer@5e99e2cb to Target : CLASS {Lnet/minecraft/world/item/BucketItem;} {} {V}
[12Jul2025 20:10:25.471] [main/DEBUG] [cpw.mods.modlauncher.TransformStore/MODLAUNCHER]: Adding transformer net.minecraftforge.coremod.transformer.CoreModClassTransformer@76ac68b0 to Target : CLASS {Lnet/minecraft/world/level/block/StairBlock;} {} {V}
[12Jul2025 20:10:25.471] [main/DEBUG] [cpw.mods.modlauncher.TransformStore/MODLAUNCHER]: Adding transformer net.minecraftforge.coremod.transformer.CoreModClassTransformer@f559c74 to Target : CLASS {Lnet/minecraft/world/level/block/FlowerPotBlock;} {} {V}
[12Jul2025 20:10:25.471] [main/DEBUG] [cpw.mods.modlauncher.TransformStore/MODLAUNCHER]: Adding transformer net.minecraftforge.coremod.transformer.CoreModClassTransformer@63917fe1 to Target : CLASS {Lnet/minecraft/world/item/ItemStack;} {} {V}
[12Jul2025 20:10:25.472] [main/DEBUG] [cpw.mods.modlauncher.TransformStore/MODLAUNCHER]: Adding transformer net.minecraftforge.coremod.transformer.CoreModClassTransformer@720f56e2 to Target : CLASS {Lnet/minecraft/network/play/client/CClientSettingsPacket;} {} {V}
[12Jul2025 20:10:25.472] [main/DEBUG] [cpw.mods.modlauncher.TransformStore/MODLAUNCHER]: Adding transformer net.minecraftforge.coremod.transformer.CoreModClassTransformer@677349fb to Target : CLASS {Lnet/minecraft/world/entity/monster/Strider;} {} {V}
[12Jul2025 20:10:25.472] [main/DEBUG] [cpw.mods.modlauncher.TransformStore/MODLAUNCHER]: Adding transformer net.minecraftforge.coremod.transformer.CoreModClassTransformer@677349fb to Target : CLASS {Lnet/minecraft/world/entity/npc/Villager;} {} {V}
[12Jul2025 20:10:25.472] [main/DEBUG] [cpw.mods.modlauncher.TransformStore/MODLAUNCHER]: Adding transformer net.minecraftforge.coremod.transformer.CoreModClassTransformer@677349fb to Target : CLASS {Lnet/minecraft/world/level/levelgen/PatrolSpawner;} {} {V}
[12Jul2025 20:10:25.472] [main/DEBUG] [cpw.mods.modlauncher.TransformStore/MODLAUNCHER]: Adding transformer net.minecraftforge.coremod.transformer.CoreModClassTransformer@677349fb to Target : CLASS {Lnet/minecraft/world/entity/monster/Zombie;} {} {V}
[12Jul2025 20:10:25.472] [main/DEBUG] [cpw.mods.modlauncher.TransformStore/MODLAUNCHER]: Adding transformer net.minecraftforge.coremod.transformer.CoreModClassTransformer@677349fb to Target : CLASS {Lnet/minecraft/world/level/levelgen/structure/structures/WoodlandMansionPieces$WoodlandMansionPiece;} {} {V}
[12Jul2025 20:10:25.472] [main/DEBUG] [cpw.mods.modlauncher.TransformStore/MODLAUNCHER]: Adding transformer net.minecraftforge.coremod.transformer.CoreModClassTransformer@677349fb to Target : CLASS {Lnet/minecraft/world/entity/EntityType;} {} {V}
[12Jul2025 20:10:25.472] [main/DEBUG] [cpw.mods.modlauncher.TransformStore/MODLAUNCHER]: Adding transformer net.minecraftforge.coremod.transformer.CoreModClassTransformer@677349fb to Target : CLASS {Lnet/minecraft/world/entity/npc/CatSpawner;} {} {V}
[12Jul2025 20:10:25.472] [main/DEBUG] [cpw.mods.modlauncher.TransformStore/MODLAUNCHER]: Adding transformer net.minecraftforge.coremod.transformer.CoreModClassTransformer@677349fb to Target : CLASS {Lnet/minecraft/world/entity/raid/Raid;} {} {V}
[12Jul2025 20:10:25.472] [main/DEBUG] [cpw.mods.modlauncher.TransformStore/MODLAUNCHER]: Adding transformer net.minecraftforge.coremod.transformer.CoreModClassTransformer@677349fb to Target : CLASS {Lnet/minecraft/server/commands/RaidCommand;} {} {V}
[12Jul2025 20:10:25.472] [main/DEBUG] [cpw.mods.modlauncher.TransformStore/MODLAUNCHER]: Adding transformer net.minecraftforge.coremod.transformer.CoreModClassTransformer@677349fb to Target : CLASS {Lnet/minecraft/server/commands/SummonCommand;} {} {V}
[12Jul2025 20:10:25.472] [main/DEBUG] [cpw.mods.modlauncher.TransformStore/MODLAUNCHER]: Adding transformer net.minecraftforge.coremod.transformer.CoreModClassTransformer@677349fb to Target : CLASS {Lnet/minecraft/world/entity/monster/ZombieVillager;} {} {V}
[12Jul2025 20:10:25.472] [main/DEBUG] [cpw.mods.modlauncher.TransformStore/MODLAUNCHER]: Adding transformer net.minecraftforge.coremod.transformer.CoreModClassTransformer@677349fb to Target : CLASS {Lnet/minecraft/world/entity/ai/village/VillageSiege;} {} {V}
[12Jul2025 20:10:25.472] [main/DEBUG] [cpw.mods.modlauncher.TransformStore/MODLAUNCHER]: Adding transformer net.minecraftforge.coremod.transformer.CoreModClassTransformer@677349fb to Target : CLASS {Lnet/minecraft/world/level/NaturalSpawner;} {} {V}
[12Jul2025 20:10:25.473] [main/DEBUG] [cpw.mods.modlauncher.TransformStore/MODLAUNCHER]: Adding transformer net.minecraftforge.coremod.transformer.CoreModClassTransformer@677349fb to Target : CLASS {Lnet/minecraft/world/level/levelgen/PhantomSpawner;} {} {V}
[12Jul2025 20:10:25.473] [main/DEBUG] [cpw.mods.modlauncher.TransformStore/MODLAUNCHER]: Adding transformer net.minecraftforge.coremod.transformer.CoreModClassTransformer@677349fb to Target : CLASS {Lnet/minecraft/world/level/levelgen/structure/templatesystem/StructureTemplate;} {} {V}
[12Jul2025 20:10:25.473] [main/DEBUG] [cpw.mods.modlauncher.TransformStore/MODLAUNCHER]: Adding transformer net.minecraftforge.coremod.transformer.CoreModClassTransformer@677349fb to Target : CLASS {Lnet/minecraft/world/level/levelgen/structure/structures/OceanMonumentPieces$OceanMonumentPiece;} {} {V}
[12Jul2025 20:10:25.473] [main/DEBUG] [cpw.mods.modlauncher.TransformStore/MODLAUNCHER]: Adding transformer net.minecraftforge.coremod.transformer.CoreModClassTransformer@677349fb to Target : CLASS {Lnet/minecraft/world/level/levelgen/structure/structures/SwampHutPiece;} {} {V}
[12Jul2025 20:10:25.473] [main/DEBUG] [cpw.mods.modlauncher.TransformStore/MODLAUNCHER]: Adding transformer net.minecraftforge.coremod.transformer.CoreModClassTransformer@677349fb to Target : CLASS {Lnet/minecraft/world/entity/monster/Evoker$EvokerSummonSpellGoal;} {} {V}
[12Jul2025 20:10:25.473] [main/DEBUG] [cpw.mods.modlauncher.TransformStore/MODLAUNCHER]: Adding transformer net.minecraftforge.coremod.transformer.CoreModClassTransformer@677349fb to Target : CLASS {Lnet/minecraft/world/level/levelgen/structure/structures/OceanRuinPieces$OceanRuinPiece;} {} {V}
[12Jul2025 20:10:25.473] [main/DEBUG] [cpw.mods.modlauncher.TransformStore/MODLAUNCHER]: Adding transformer net.minecraftforge.coremod.transformer.CoreModClassTransformer@677349fb to Target : CLASS {Lnet/minecraft/world/entity/animal/frog/Tadpole;} {} {V}
[12Jul2025 20:10:25.473] [main/DEBUG] [cpw.mods.modlauncher.TransformStore/MODLAUNCHER]: Adding transformer net.minecraftforge.coremod.transformer.CoreModClassTransformer@677349fb to Target : CLASS {Lnet/minecraft/world/entity/animal/horse/SkeletonTrapGoal;} {} {V}
[12Jul2025 20:10:25.473] [main/DEBUG] [cpw.mods.modlauncher.TransformStore/MODLAUNCHER]: Adding transformer net.minecraftforge.coremod.transformer.CoreModClassTransformer@677349fb to Target : CLASS {Lnet/minecraft/world/entity/monster/Spider;} {} {V}
[12Jul2025 20:10:25.473] [main/DEBUG] [cpw.mods.modlauncher.TransformStore/MODLAUNCHER]: Adding transformer net.minecraftforge.coremod.transformer.CoreModClassTransformer@4466cf5d to Target : CLASS {Lnet/minecraftforge/common/extensions/IForgeBlock;} {} {V}
[12Jul2025 20:10:25.474] [main/DEBUG] [cpw.mods.modlauncher.TransformStore/MODLAUNCHER]: Adding transformer net.minecraftforge.coremod.transformer.CoreModClassTransformer@2c60ce47 to Target : CLASS {Lnet/minecraftforge/common/extensions/IForgeBlockState;} {} {V}
[12Jul2025 20:10:25.474] [main/DEBUG] [cpw.mods.modlauncher.TransformStore/MODLAUNCHER]: Adding transformer net.minecraftforge.coremod.transformer.CoreModClassTransformer@2450256f to Target : CLASS {Lnet/minecraft/world/item/CreativeModeTab;} {} {V}
[12Jul2025 20:10:25.476] [main/DEBUG] [cpw.mods.modlauncher.TransformStore/MODLAUNCHER]: Adding transformer net.minecraftforge.coremod.transformer.CoreModClassTransformer@59918c8f to Target : CLASS {Lnet/minecraft/client/KeyMapping;} {} {V}
[12Jul2025 20:10:25.476] [main/DEBUG] [cpw.mods.modlauncher.TransformationServiceDecorator/MODLAUNCHER]: Initialized transformers for transformation service fml
[12Jul2025 20:10:25.476] [main/DEBUG] [cpw.mods.modlauncher.TransformationServiceDecorator/MODLAUNCHER]: Initializing transformers for transformation service mixin-transmogrifier
[12Jul2025 20:10:25.476] [main/DEBUG] [cpw.mods.modlauncher.TransformationServiceDecorator/MODLAUNCHER]: Initialized transformers for transformation service mixin-transmogrifier
[12Jul2025 20:10:25.476] [main/DEBUG] [cpw.mods.modlauncher.TransformationServiceDecorator/MODLAUNCHER]: Initializing transformers for transformation service connector_loader
[12Jul2025 20:10:25.476] [main/DEBUG] [cpw.mods.modlauncher.TransformationServiceDecorator/MODLAUNCHER]: Initialized transformers for transformation service connector_loader
[12Jul2025 20:10:25.925] [main/DEBUG] [mixin/]: Processing prepare() for PlatformAgent[MixinPlatformAgentDefault:ModLauncher Root Container(ModLauncher:4f56a0a2)]
[12Jul2025 20:10:25.925] [main/DEBUG] [mixin/]: Processing launch tasks for PlatformAgent[MixinPlatformAgentDefault:ModLauncher Root Container(ModLauncher:4f56a0a2)]
[12Jul2025 20:10:25.925] [main/DEBUG] [mixin/]: Adding mixin platform agents for container SecureJarResource(mixin_generated_classes)
[12Jul2025 20:10:25.925] [main/DEBUG] [mixin/]: Instancing new MixinPlatformAgentMinecraftForge for SecureJarResource(mixin_generated_classes)
[12Jul2025 20:10:25.925] [main/DEBUG] [mixin/]: MixinPlatformAgentMinecraftForge rejected container SecureJarResource(mixin_generated_classes)
[12Jul2025 20:10:25.925] [main/DEBUG] [mixin/]: Instancing new MixinPlatformAgentDefault for SecureJarResource(mixin_generated_classes)
[12Jul2025 20:10:25.925] [main/DEBUG] [mixin/]: MixinPlatformAgentDefault accepted container SecureJarResource(mixin_generated_classes)
[12Jul2025 20:10:25.925] [main/DEBUG] [mixin/]: Processing prepare() for PlatformAgent[MixinPlatformAgentDefault:SecureJarResource(mixin_generated_classes)]
[12Jul2025 20:10:25.925] [main/DEBUG] [mixin/]: Adding mixin platform agents for container SecureJarResource(fabric_transfer_api_v1)
[12Jul2025 20:10:25.925] [main/DEBUG] [mixin/]: Instancing new MixinPlatformAgentMinecraftForge for SecureJarResource(fabric_transfer_api_v1)
[12Jul2025 20:10:25.925] [main/DEBUG] [mixin/]: MixinPlatformAgentMinecraftForge rejected container SecureJarResource(fabric_transfer_api_v1)
[12Jul2025 20:10:25.925] [main/DEBUG] [mixin/]: Instancing new MixinPlatformAgentDefault for SecureJarResource(fabric_transfer_api_v1)
[12Jul2025 20:10:25.925] [main/DEBUG] [mixin/]: MixinPlatformAgentDefault accepted container SecureJarResource(fabric_transfer_api_v1)
[12Jul2025 20:10:25.925] [main/DEBUG] [mixin/]: Processing prepare() for PlatformAgent[MixinPlatformAgentDefault:SecureJarResource(fabric_transfer_api_v1)]
[12Jul2025 20:10:25.925] [main/DEBUG] [mixin/]: Registering mixin config: fabric-transfer-api-v1.mixins.json
[12Jul2025 20:10:25.969] [main/DEBUG] [mixin/]: Adding mixin platform agents for container SecureJarResource(fabric_dimensions_v1)
[12Jul2025 20:10:25.969] [main/DEBUG] [mixin/]: Instancing new MixinPlatformAgentMinecraftForge for SecureJarResource(fabric_dimensions_v1)
[12Jul2025 20:10:25.969] [main/DEBUG] [mixin/]: MixinPlatformAgentMinecraftForge rejected container SecureJarResource(fabric_dimensions_v1)
[12Jul2025 20:10:25.969] [main/DEBUG] [mixin/]: Instancing new MixinPlatformAgentDefault for SecureJarResource(fabric_dimensions_v1)
[12Jul2025 20:10:25.969] [main/DEBUG] [mixin/]: MixinPlatformAgentDefault accepted container SecureJarResource(fabric_dimensions_v1)
[12Jul2025 20:10:25.969] [main/DEBUG] [mixin/]: Processing prepare() for PlatformAgent[MixinPlatformAgentDefault:SecureJarResource(fabric_dimensions_v1)]
[12Jul2025 20:10:25.969] [main/DEBUG] [mixin/]: Adding mixin platform agents for container SecureJarResource(kuma_api)
[12Jul2025 20:10:25.969] [main/DEBUG] [mixin/]: Instancing new MixinPlatformAgentMinecraftForge for SecureJarResource(kuma_api)
[12Jul2025 20:10:25.969] [main/DEBUG] [mixin/]: MixinPlatformAgentMinecraftForge rejected container SecureJarResource(kuma_api)
[12Jul2025 20:10:25.969] [main/DEBUG] [mixin/]: Instancing new MixinPlatformAgentDefault for SecureJarResource(kuma_api)
[12Jul2025 20:10:25.969] [main/DEBUG] [mixin/]: MixinPlatformAgentDefault accepted container SecureJarResource(kuma_api)
[12Jul2025 20:10:25.969] [main/DEBUG] [mixin/]: Processing prepare() for PlatformAgent[MixinPlatformAgentDefault:SecureJarResource(kuma_api)]
[12Jul2025 20:10:25.969] [main/DEBUG] [mixin/]: Registering mixin config: kuma_api.mixins.json
[12Jul2025 20:10:25.972] [main/DEBUG] [mixin/]: Compatibility level JAVA_17 specified by kuma_api.mixins.json is higher than the maximum level supported by this version of mixin (JAVA_13).
[12Jul2025 20:10:25.975] [main/INFO] [mixin/]: Compatibility level set to JAVA_17
[12Jul2025 20:10:25.975] [main/DEBUG] [mixin/]: Registering mixin config: kuma_api.forge.mixins.json
[12Jul2025 20:10:25.977] [main/DEBUG] [mixin/]: Adding mixin platform agents for container SecureJarResource(fabric_renderer_api_v1)
[12Jul2025 20:10:25.977] [main/DEBUG] [mixin/]: Instancing new MixinPlatformAgentMinecraftForge for SecureJarResource(fabric_renderer_api_v1)
[12Jul2025 20:10:25.977] [main/DEBUG] [mixin/]: MixinPlatformAgentMinecraftForge rejected container SecureJarResource(fabric_renderer_api_v1)
[12Jul2025 20:10:25.977] [main/DEBUG] [mixin/]: Instancing new MixinPlatformAgentDefault for SecureJarResource(fabric_renderer_api_v1)
[12Jul2025 20:10:25.977] [main/DEBUG] [mixin/]: MixinPlatformAgentDefault accepted container SecureJarResource(fabric_renderer_api_v1)
[12Jul2025 20:10:25.977] [main/DEBUG] [mixin/]: Processing prepare() for PlatformAgent[MixinPlatformAgentDefault:SecureJarResource(fabric_renderer_api_v1)]
[12Jul2025 20:10:25.977] [main/DEBUG] [mixin/]: Registering mixin config: fabric-renderer-api-v1.mixins.json
[12Jul2025 20:10:25.979] [main/DEBUG] [mixin/]: Compatibility level JAVA_16 specified by fabric-renderer-api-v1.mixins.json is higher than the maximum level supported by this version of mixin (JAVA_13).
[12Jul2025 20:10:25.980] [main/DEBUG] [mixin/]: Registering mixin config: fabric-renderer-api-v1.debughud.mixins.json
[12Jul2025 20:10:25.982] [main/DEBUG] [mixin/]: Compatibility level JAVA_16 specified by fabric-renderer-api-v1.debughud.mixins.json is higher than the maximum level supported by this version of mixin (JAVA_13).
[12Jul2025 20:10:25.982] [main/DEBUG] [mixin/]: Adding mixin platform agents for container SecureJarResource(animation_overhaul)
[12Jul2025 20:10:25.982] [main/DEBUG] [mixin/]: Instancing new MixinPlatformAgentMinecraftForge for SecureJarResource(animation_overhaul)
[12Jul2025 20:10:25.982] [main/DEBUG] [mixin/]: MixinPlatformAgentMinecraftForge rejected container SecureJarResource(animation_overhaul)
[12Jul2025 20:10:25.982] [main/DEBUG] [mixin/]: Instancing new MixinPlatformAgentDefault for SecureJarResource(animation_overhaul)
[12Jul2025 20:10:25.982] [main/DEBUG] [mixin/]: MixinPlatformAgentDefault accepted container SecureJarResource(animation_overhaul)
[12Jul2025 20:10:25.982] [main/DEBUG] [mixin/]: Processing prepare() for PlatformAgent[MixinPlatformAgentDefault:SecureJarResource(animation_overhaul)]
[12Jul2025 20:10:25.982] [main/DEBUG] [mixin/]: Registering mixin config: animation_overhaul.mixins.json
[12Jul2025 20:10:25.984] [main/DEBUG] [mixin/]: Adding mixin platform agents for container SecureJarResource(geckolib)
[12Jul2025 20:10:25.984] [main/DEBUG] [mixin/]: Instancing new MixinPlatformAgentMinecraftForge for SecureJarResource(geckolib)
[12Jul2025 20:10:25.984] [main/DEBUG] [mixin/]: MixinPlatformAgentMinecraftForge rejected container SecureJarResource(geckolib)
[12Jul2025 20:10:25.984] [main/DEBUG] [mixin/]: Instancing new MixinPlatformAgentDefault for SecureJarResource(geckolib)
[12Jul2025 20:10:25.984] [main/DEBUG] [mixin/]: MixinPlatformAgentDefault accepted container SecureJarResource(geckolib)
[12Jul2025 20:10:25.984] [main/DEBUG] [mixin/]: Processing prepare() for PlatformAgent[MixinPlatformAgentDefault:SecureJarResource(geckolib)]
[12Jul2025 20:10:25.984] [main/DEBUG] [mixin/]: Registering mixin config: geckolib.mixins.json
[12Jul2025 20:10:25.987] [main/DEBUG] [mixin/]: Adding mixin platform agents for container SecureJarResource(folk_sisby_kaleido_config)
[12Jul2025 20:10:25.987] [main/DEBUG] [mixin/]: Instancing new MixinPlatformAgentMinecraftForge for SecureJarResource(folk_sisby_kaleido_config)
[12Jul2025 20:10:25.988] [main/DEBUG] [mixin/]: MixinPlatformAgentMinecraftForge rejected container SecureJarResource(folk_sisby_kaleido_config)
[12Jul2025 20:10:25.988] [main/DEBUG] [mixin/]: Instancing new MixinPlatformAgentDefault for SecureJarResource(folk_sisby_kaleido_config)
[12Jul2025 20:10:25.988] [main/DEBUG] [mixin/]: MixinPlatformAgentDefault accepted container SecureJarResource(folk_sisby_kaleido_config)
[12Jul2025 20:10:25.988] [main/DEBUG] [mixin/]: Processing prepare() for PlatformAgent[MixinPlatformAgentDefault:SecureJarResource(folk_sisby_kaleido_config)]
[12Jul2025 20:10:25.988] [main/DEBUG] [mixin/]: Adding mixin platform agents for container SecureJarResource(playeranimator)
[12Jul2025 20:10:25.989] [main/DEBUG] [mixin/]: Instancing new MixinPlatformAgentMinecraftForge for SecureJarResource(playeranimator)
[12Jul2025 20:10:25.989] [main/DEBUG] [mixin/]: MixinPlatformAgentMinecraftForge rejected container SecureJarResource(playeranimator)
[12Jul2025 20:10:25.989] [main/DEBUG] [mixin/]: Instancing new MixinPlatformAgentDefault for SecureJarResource(playeranimator)
[12Jul2025 20:10:25.989] [main/DEBUG] [mixin/]: MixinPlatformAgentDefault accepted container SecureJarResource(playeranimator)
[12Jul2025 20:10:25.989] [main/DEBUG] [mixin/]: Processing prepare() for PlatformAgent[MixinPlatformAgentDefault:SecureJarResource(playeranimator)]
[12Jul2025 20:10:25.989] [main/DEBUG] [mixin/]: Registering mixin config: playerAnimator-common.mixins.json
[12Jul2025 20:10:25.991] [main/DEBUG] [mixin/]: Compatibility level JAVA_16 specified by playerAnimator-common.mixins.json is higher than the maximum level supported by this version of mixin (JAVA_13).
[12Jul2025 20:10:25.991] [main/DEBUG] [mixin/]: Adding mixin platform agents for container SecureJarResource(fabric_item_api_v1)
[12Jul2025 20:10:25.991] [main/DEBUG] [mixin/]: Instancing new MixinPlatformAgentMinecraftForge for SecureJarResource(fabric_item_api_v1)
[12Jul2025 20:10:25.991] [main/DEBUG] [mixin/]: MixinPlatformAgentMinecraftForge rejected container SecureJarResource(fabric_item_api_v1)
[12Jul2025 20:10:25.991] [main/DEBUG] [mixin/]: Instancing new MixinPlatformAgentDefault for SecureJarResource(fabric_item_api_v1)
[12Jul2025 20:10:25.991] [main/DEBUG] [mixin/]: MixinPlatformAgentDefault accepted container SecureJarResource(fabric_item_api_v1)
[12Jul2025 20:10:25.991] [main/DEBUG] [mixin/]: Processing prepare() for PlatformAgent[MixinPlatformAgentDefault:SecureJarResource(fabric_item_api_v1)]
[12Jul2025 20:10:25.991] [main/DEBUG] [mixin/]: Registering mixin config: fabric-item-api-v1.mixins.json
[12Jul2025 20:10:25.994] [main/DEBUG] [mixin/]: Compatibility level JAVA_16 specified by fabric-item-api-v1.mixins.json is higher than the maximum level supported by this version of mixin (JAVA_13).
[12Jul2025 20:10:25.994] [main/DEBUG] [mixin/]: Registering mixin config: fabric-item-api-v1.client.mixins.json
[12Jul2025 20:10:25.996] [main/DEBUG] [mixin/]: Compatibility level JAVA_16 specified by fabric-item-api-v1.client.mixins.json is higher than the maximum level supported by this version of mixin (JAVA_13).
[12Jul2025 20:10:25.996] [main/DEBUG] [mixin/]: Mixin config fabric-item-api-v1.client.mixins.json does not specify "minVersion" property
[12Jul2025 20:10:25.996] [main/DEBUG] [mixin/]: Adding mixin platform agents for container SecureJarResource(fabric_model_loading_api_v1)
[12Jul2025 20:10:25.997] [main/DEBUG] [mixin/]: Instancing new MixinPlatformAgentMinecraftForge for SecureJarResource(fabric_model_loading_api_v1)
[12Jul2025 20:10:25.997] [main/DEBUG] [mixin/]: MixinPlatformAgentMinecraftForge rejected container SecureJarResource(fabric_model_loading_api_v1)
[12Jul2025 20:10:25.997] [main/DEBUG] [mixin/]: Instancing new MixinPlatformAgentDefault for SecureJarResource(fabric_model_loading_api_v1)
[12Jul2025 20:10:25.997] [main/DEBUG] [mixin/]: MixinPlatformAgentDefault accepted container SecureJarResource(fabric_model_loading_api_v1)
[12Jul2025 20:10:25.997] [main/DEBUG] [mixin/]: Processing prepare() for PlatformAgent[MixinPlatformAgentDefault:SecureJarResource(fabric_model_loading_api_v1)]
[12Jul2025 20:10:25.997] [main/DEBUG] [mixin/]: Registering mixin config: fabric-model-loading-api-v1.mixins.json
[12Jul2025 20:10:25.999] [main/DEBUG] [mixin/]: Adding mixin platform agents for container SecureJarResource(sittingplus)
[12Jul2025 20:10:25.999] [main/DEBUG] [mixin/]: Instancing new MixinPlatformAgentMinecraftForge for SecureJarResource(sittingplus)
[12Jul2025 20:10:25.999] [main/DEBUG] [mixin/]: MixinPlatformAgentMinecraftForge rejected container SecureJarResource(sittingplus)
[12Jul2025 20:10:25.999] [main/DEBUG] [mixin/]: Instancing new MixinPlatformAgentDefault for SecureJarResource(sittingplus)
[12Jul2025 20:10:25.999] [main/DEBUG] [mixin/]: MixinPlatformAgentDefault accepted container SecureJarResource(sittingplus)
[12Jul2025 20:10:25.999] [main/DEBUG] [mixin/]: Processing prepare() for PlatformAgent[MixinPlatformAgentDefault:SecureJarResource(sittingplus)]
[12Jul2025 20:10:25.999] [main/DEBUG] [mixin/]: Registering mixin config: sittingplus.mixins.json
[12Jul2025 20:10:26.001] [main/DEBUG] [mixin/]: Compatibility level JAVA_8 specified by sittingplus.mixins.json is lower than the default level supported by the current mixin service (JAVA_16).
[12Jul2025 20:10:26.002] [main/DEBUG] [mixin/]: Adding mixin platform agents for container SecureJarResource(fabric_rendering_fluids_v1)
[12Jul2025 20:10:26.002] [main/DEBUG] [mixin/]: Instancing new MixinPlatformAgentMinecraftForge for SecureJarResource(fabric_rendering_fluids_v1)
[12Jul2025 20:10:26.002] [main/DEBUG] [mixin/]: MixinPlatformAgentMinecraftForge rejected container SecureJarResource(fabric_rendering_fluids_v1)
[12Jul2025 20:10:26.002] [main/DEBUG] [mixin/]: Instancing new MixinPlatformAgentDefault for SecureJarResource(fabric_rendering_fluids_v1)
[12Jul2025 20:10:26.002] [main/DEBUG] [mixin/]: MixinPlatformAgentDefault accepted container SecureJarResource(fabric_rendering_fluids_v1)
[12Jul2025 20:10:26.002] [main/DEBUG] [mixin/]: Processing prepare() for PlatformAgent[MixinPlatformAgentDefault:SecureJarResource(fabric_rendering_fluids_v1)]
[12Jul2025 20:10:26.002] [main/DEBUG] [mixin/]: Registering mixin config: fabric-rendering-fluids-v1.mixins.json
[12Jul2025 20:10:26.003] [main/DEBUG] [mixin/]: Compatibility level JAVA_16 specified by fabric-rendering-fluids-v1.mixins.json is higher than the maximum level supported by this version of mixin (JAVA_13).
[12Jul2025 20:10:26.004] [main/DEBUG] [mixin/]: Adding mixin platform agents for container SecureJarResource(fabric_screen_handler_api_v1)
[12Jul2025 20:10:26.004] [main/DEBUG] [mixin/]: Instancing new MixinPlatformAgentMinecraftForge for SecureJarResource(fabric_screen_handler_api_v1)
[12Jul2025 20:10:26.004] [main/DEBUG] [mixin/]: MixinPlatformAgentMinecraftForge rejected container SecureJarResource(fabric_screen_handler_api_v1)
[12Jul2025 20:10:26.004] [main/DEBUG] [mixin/]: Instancing new MixinPlatformAgentDefault for SecureJarResource(fabric_screen_handler_api_v1)
[12Jul2025 20:10:26.004] [main/DEBUG] [mixin/]: MixinPlatformAgentDefault accepted container SecureJarResource(fabric_screen_handler_api_v1)
[12Jul2025 20:10:26.004] [main/DEBUG] [mixin/]: Processing prepare() for PlatformAgent[MixinPlatformAgentDefault:SecureJarResource(fabric_screen_handler_api_v1)]
[12Jul2025 20:10:26.004] [main/DEBUG] [mixin/]: Registering mixin config: fabric-screen-handler-api-v1.mixins.json
[12Jul2025 20:10:26.006] [main/DEBUG] [mixin/]: Compatibility level JAVA_16 specified by fabric-screen-handler-api-v1.mixins.json is higher than the maximum level supported by this version of mixin (JAVA_13).
[12Jul2025 20:10:26.006] [main/DEBUG] [mixin/]: Adding mixin platform agents for container SecureJarResource(fabric_models_v0)
[12Jul2025 20:10:26.006] [main/DEBUG] [mixin/]: Instancing new MixinPlatformAgentMinecraftForge for SecureJarResource(fabric_models_v0)
[12Jul2025 20:10:26.006] [main/DEBUG] [mixin/]: MixinPlatformAgentMinecraftForge rejected container SecureJarResource(fabric_models_v0)
[12Jul2025 20:10:26.006] [main/DEBUG] [mixin/]: Instancing new MixinPlatformAgentDefault for SecureJarResource(fabric_models_v0)
[12Jul2025 20:10:26.007] [main/DEBUG] [mixin/]: MixinPlatformAgentDefault accepted container SecureJarResource(fabric_models_v0)
[12Jul2025 20:10:26.007] [main/DEBUG] [mixin/]: Processing prepare() for PlatformAgent[MixinPlatformAgentDefault:SecureJarResource(fabric_models_v0)]
[12Jul2025 20:10:26.007] [main/DEBUG] [mixin/]: Adding mixin platform agents for container SecureJarResource(fabric_resource_loader_v0)
[12Jul2025 20:10:26.007] [main/DEBUG] [mixin/]: Instancing new MixinPlatformAgentMinecraftForge for SecureJarResource(fabric_resource_loader_v0)
[12Jul2025 20:10:26.007] [main/DEBUG] [mixin/]: MixinPlatformAgentMinecraftForge rejected container SecureJarResource(fabric_resource_loader_v0)
[12Jul2025 20:10:26.007] [main/DEBUG] [mixin/]: Instancing new MixinPlatformAgentDefault for SecureJarResource(fabric_resource_loader_v0)
[12Jul2025 20:10:26.007] [main/DEBUG] [mixin/]: MixinPlatformAgentDefault accepted container SecureJarResource(fabric_resource_loader_v0)
[12Jul2025 20:10:26.007] [main/DEBUG] [mixin/]: Processing prepare() for PlatformAgent[MixinPlatformAgentDefault:SecureJarResource(fabric_resource_loader_v0)]
[12Jul2025 20:10:26.007] [main/DEBUG] [mixin/]: Registering mixin config: fabric-resource-loader-v0.mixins.json
[12Jul2025 20:10:26.009] [main/DEBUG] [mixin/]: Compatibility level JAVA_16 specified by fabric-resource-loader-v0.mixins.json is higher than the maximum level supported by this version of mixin (JAVA_13).
[12Jul2025 20:10:26.010] [main/DEBUG] [mixin/]: Registering mixin config: fabric-resource-loader-v0.client.mixins.json
[12Jul2025 20:10:26.012] [main/DEBUG] [mixin/]: Compatibility level JAVA_16 specified by fabric-resource-loader-v0.client.mixins.json is higher than the maximum level supported by this version of mixin (JAVA_13).
[12Jul2025 20:10:26.012] [main/DEBUG] [mixin/]: Adding mixin platform agents for container SecureJarResource(fabric_rendering_v1)
[12Jul2025 20:10:26.012] [main/DEBUG] [mixin/]: Instancing new MixinPlatformAgentMinecraftForge for SecureJarResource(fabric_rendering_v1)
[12Jul2025 20:10:26.012] [main/DEBUG] [mixin/]: MixinPlatformAgentMinecraftForge rejected container SecureJarResource(fabric_rendering_v1)
[12Jul2025 20:10:26.012] [main/DEBUG] [mixin/]: Instancing new MixinPlatformAgentDefault for SecureJarResource(fabric_rendering_v1)
[12Jul2025 20:10:26.012] [main/DEBUG] [mixin/]: MixinPlatformAgentDefault accepted container SecureJarResource(fabric_rendering_v1)
[12Jul2025 20:10:26.012] [main/DEBUG] [mixin/]: Processing prepare() for PlatformAgent[MixinPlatformAgentDefault:SecureJarResource(fabric_rendering_v1)]
[12Jul2025 20:10:26.012] [main/DEBUG] [mixin/]: Registering mixin config: fabric-rendering-v1.mixins.json
[12Jul2025 20:10:26.014] [main/DEBUG] [mixin/]: Compatibility level JAVA_16 specified by fabric-rendering-v1.mixins.json is higher than the maximum level supported by this version of mixin (JAVA_13).
[12Jul2025 20:10:26.014] [main/DEBUG] [mixin/]: Adding mixin platform agents for container SecureJarResource(waystones)
[12Jul2025 20:10:26.014] [main/DEBUG] [mixin/]: Instancing new MixinPlatformAgentMinecraftForge for SecureJarResource(waystones)
[12Jul2025 20:10:26.014] [main/DEBUG] [mixin/]: MixinPlatformAgentMinecraftForge rejected container SecureJarResource(waystones)
[12Jul2025 20:10:26.014] [main/DEBUG] [mixin/]: Instancing new MixinPlatformAgentDefault for SecureJarResource(waystones)
[12Jul2025 20:10:26.014] [main/DEBUG] [mixin/]: MixinPlatformAgentDefault accepted container SecureJarResource(waystones)
[12Jul2025 20:10:26.014] [main/DEBUG] [mixin/]: Processing prepare() for PlatformAgent[MixinPlatformAgentDefault:SecureJarResource(waystones)]
[12Jul2025 20:10:26.014] [main/DEBUG] [mixin/]: Registering mixin config: waystones.mixins.json
[12Jul2025 20:10:26.016] [main/DEBUG] [mixin/]: Adding mixin platform agents for container SecureJarResource(fabric_renderer_indigo)
[12Jul2025 20:10:26.016] [main/DEBUG] [mixin/]: Instancing new MixinPlatformAgentMinecraftForge for SecureJarResource(fabric_renderer_indigo)
[12Jul2025 20:10:26.016] [main/DEBUG] [mixin/]: MixinPlatformAgentMinecraftForge rejected container SecureJarResource(fabric_renderer_indigo)
[12Jul2025 20:10:26.016] [main/DEBUG] [mixin/]: Instancing new MixinPlatformAgentDefault for SecureJarResource(fabric_renderer_indigo)
[12Jul2025 20:10:26.016] [main/DEBUG] [mixin/]: MixinPlatformAgentDefault accepted container SecureJarResource(fabric_renderer_indigo)
[12Jul2025 20:10:26.016] [main/DEBUG] [mixin/]: Processing prepare() for PlatformAgent[MixinPlatformAgentDefault:SecureJarResource(fabric_renderer_indigo)]
[12Jul2025 20:10:26.016] [main/DEBUG] [mixin/]: Registering mixin config: fabric-renderer-indigo.mixins.json
[12Jul2025 20:10:26.018] [main/DEBUG] [mixin/]: Compatibility level JAVA_16 specified by fabric-renderer-indigo.mixins.json is higher than the maximum level supported by this version of mixin (JAVA_13).
[12Jul2025 20:10:26.018] [main/DEBUG] [mixin/]: Adding mixin platform agents for container SecureJarResource(fabric_convention_tags_v1)
[12Jul2025 20:10:26.018] [main/DEBUG] [mixin/]: Instancing new MixinPlatformAgentMinecraftForge for SecureJarResource(fabric_convention_tags_v1)
[12Jul2025 20:10:26.018] [main/DEBUG] [mixin/]: MixinPlatformAgentMinecraftForge rejected container SecureJarResource(fabric_convention_tags_v1)
[12Jul2025 20:10:26.018] [main/DEBUG] [mixin/]: Instancing new MixinPlatformAgentDefault for SecureJarResource(fabric_convention_tags_v1)
[12Jul2025 20:10:26.018] [main/DEBUG] [mixin/]: MixinPlatformAgentDefault accepted container SecureJarResource(fabric_convention_tags_v1)
[12Jul2025 20:10:26.018] [main/DEBUG] [mixin/]: Processing prepare() for PlatformAgent[MixinPlatformAgentDefault:SecureJarResource(fabric_convention_tags_v1)]
[12Jul2025 20:10:26.018] [main/DEBUG] [mixin/]: Adding mixin platform agents for container SecureJarResource(fabric_mining_level_api_v1)
[12Jul2025 20:10:26.018] [main/DEBUG] [mixin/]: Instancing new MixinPlatformAgentMinecraftForge for SecureJarResource(fabric_mining_level_api_v1)
[12Jul2025 20:10:26.018] [main/DEBUG] [mixin/]: MixinPlatformAgentMinecraftForge rejected container SecureJarResource(fabric_mining_level_api_v1)
[12Jul2025 20:10:26.018] [main/DEBUG] [mixin/]: Instancing new MixinPlatformAgentDefault for SecureJarResource(fabric_mining_level_api_v1)
[12Jul2025 20:10:26.018] [main/DEBUG] [mixin/]: MixinPlatformAgentDefault accepted container SecureJarResource(fabric_mining_level_api_v1)
[12Jul2025 20:10:26.018] [main/DEBUG] [mixin/]: Processing prepare() for PlatformAgent[MixinPlatformAgentDefault:SecureJarResource(fabric_mining_level_api_v1)]
[12Jul2025 20:10:26.018] [main/DEBUG] [mixin/]: Registering mixin config: fabric-mining-level-api-v1.mixins.json
[12Jul2025 20:10:26.020] [main/DEBUG] [mixin/]: Compatibility level JAVA_16 specified by fabric-mining-level-api-v1.mixins.json is higher than the maximum level supported by this version of mixin (JAVA_13).
[12Jul2025 20:10:26.020] [main/DEBUG] [mixin/]: Adding mixin platform agents for container SecureJarResource(fabric_command_api_v1)
[12Jul2025 20:10:26.020] [main/DEBUG] [mixin/]: Instancing new MixinPlatformAgentMinecraftForge for SecureJarResource(fabric_command_api_v1)
[12Jul2025 20:10:26.020] [main/DEBUG] [mixin/]: MixinPlatformAgentMinecraftForge rejected container SecureJarResource(fabric_command_api_v1)
[12Jul2025 20:10:26.020] [main/DEBUG] [mixin/]: Instancing new MixinPlatformAgentDefault for SecureJarResource(fabric_command_api_v1)
[12Jul2025 20:10:26.020] [main/DEBUG] [mixin/]: MixinPlatformAgentDefault accepted container SecureJarResource(fabric_command_api_v1)
[12Jul2025 20:10:26.020] [main/DEBUG] [mixin/]: Processing prepare() for PlatformAgent[MixinPlatformAgentDefault:SecureJarResource(fabric_command_api_v1)]
[12Jul2025 20:10:26.020] [main/DEBUG] [mixin/]: Adding mixin platform agents for container SecureJarResource(fromtheshadows)
[12Jul2025 20:10:26.020] [main/DEBUG] [mixin/]: Instancing new MixinPlatformAgentMinecraftForge for SecureJarResource(fromtheshadows)
[12Jul2025 20:10:26.020] [main/DEBUG] [mixin/]: MixinPlatformAgentMinecraftForge rejected container SecureJarResource(fromtheshadows)
[12Jul2025 20:10:26.021] [main/DEBUG] [mixin/]: Instancing new MixinPlatformAgentDefault for SecureJarResource(fromtheshadows)
[12Jul2025 20:10:26.021] [main/DEBUG] [mixin/]: MixinPlatformAgentDefault accepted container SecureJarResource(fromtheshadows)
[12Jul2025 20:10:26.021] [main/DEBUG] [mixin/]: Processing prepare() for PlatformAgent[MixinPlatformAgentDefault:SecureJarResource(fromtheshadows)]
[12Jul2025 20:10:26.021] [main/DEBUG] [mixin/]: Adding mixin platform agents for container SecureJarResource(fabric_block_view_api_v2)
[12Jul2025 20:10:26.021] [main/DEBUG] [mixin/]: Instancing new MixinPlatformAgentMinecraftForge for SecureJarResource(fabric_block_view_api_v2)
[12Jul2025 20:10:26.021] [main/DEBUG] [mixin/]: MixinPlatformAgentMinecraftForge rejected container SecureJarResource(fabric_block_view_api_v2)
[12Jul2025 20:10:26.021] [main/DEBUG] [mixin/]: Instancing new MixinPlatformAgentDefault for SecureJarResource(fabric_block_view_api_v2)
[12Jul2025 20:10:26.021] [main/DEBUG] [mixin/]: MixinPlatformAgentDefault accepted container SecureJarResource(fabric_block_view_api_v2)
[12Jul2025 20:10:26.021] [main/DEBUG] [mixin/]: Processing prepare() for PlatformAgent[MixinPlatformAgentDefault:SecureJarResource(fabric_block_view_api_v2)]
[12Jul2025 20:10:26.021] [main/DEBUG] [mixin/]: Registering mixin config: fabric-block-view-api-v2.mixins.json
[12Jul2025 20:10:26.023] [main/DEBUG] [mixin/]: Registering mixin config: fabric-block-view-api-v2.client.mixins.json
[12Jul2025 20:10:26.024] [main/DEBUG] [mixin/]: Adding mixin platform agents for container SecureJarResource(fabric_command_api_v2)
[12Jul2025 20:10:26.024] [main/DEBUG] [mixin/]: Instancing new MixinPlatformAgentMinecraftForge for SecureJarResource(fabric_command_api_v2)
[12Jul2025 20:10:26.024] [main/DEBUG] [mixin/]: MixinPlatformAgentMinecraftForge rejected container SecureJarResource(fabric_command_api_v2)
[12Jul2025 20:10:26.024] [main/DEBUG] [mixin/]: Instancing new MixinPlatformAgentDefault for SecureJarResource(fabric_command_api_v2)
[12Jul2025 20:10:26.024] [main/DEBUG] [mixin/]: MixinPlatformAgentDefault accepted container SecureJarResource(fabric_command_api_v2)
[12Jul2025 20:10:26.024] [main/DEBUG] [mixin/]: Processing prepare() for PlatformAgent[MixinPlatformAgentDefault:SecureJarResource(fabric_command_api_v2)]
[12Jul2025 20:10:26.024] [main/DEBUG] [mixin/]: Registering mixin config: fabric-command-api-v2.mixins.json
[12Jul2025 20:10:26.026] [main/DEBUG] [mixin/]: Compatibility level JAVA_16 specified by fabric-command-api-v2.mixins.json is higher than the maximum level supported by this version of mixin (JAVA_13).
[12Jul2025 20:10:26.026] [main/DEBUG] [mixin/]: Registering mixin config: fabric-command-api-v2.client.mixins.json
[12Jul2025 20:10:26.028] [main/DEBUG] [mixin/]: Compatibility level JAVA_16 specified by fabric-command-api-v2.client.mixins.json is higher than the maximum level supported by this version of mixin (JAVA_13).
[12Jul2025 20:10:26.028] [main/DEBUG] [mixin/]: Adding mixin platform agents for container SecureJarResource(configured)
[12Jul2025 20:10:26.028] [main/DEBUG] [mixin/]: Instancing new MixinPlatformAgentMinecraftForge for SecureJarResource(configured)
[12Jul2025 20:10:26.028] [main/DEBUG] [mixin/]: MixinPlatformAgentMinecraftForge rejected container SecureJarResource(configured)
[12Jul2025 20:10:26.028] [main/DEBUG] [mixin/]: Instancing new MixinPlatformAgentDefault for SecureJarResource(configured)
[12Jul2025 20:10:26.028] [main/DEBUG] [mixin/]: MixinPlatformAgentDefault accepted container SecureJarResource(configured)
[12Jul2025 20:10:26.028] [main/DEBUG] [mixin/]: Processing prepare() for PlatformAgent[MixinPlatformAgentDefault:SecureJarResource(configured)]
[12Jul2025 20:10:26.028] [main/DEBUG] [mixin/]: Registering mixin config: configured.common.mixins.json
[12Jul2025 20:10:26.030] [main/DEBUG] [mixin/]: Adding mixin platform agents for container SecureJarResource(fabric_data_attachment_api_v1)
[12Jul2025 20:10:26.030] [main/DEBUG] [mixin/]: Instancing new MixinPlatformAgentMinecraftForge for SecureJarResource(fabric_data_attachment_api_v1)
[12Jul2025 20:10:26.030] [main/DEBUG] [mixin/]: MixinPlatformAgentMinecraftForge rejected container SecureJarResource(fabric_data_attachment_api_v1)
[12Jul2025 20:10:26.030] [main/DEBUG] [mixin/]: Instancing new MixinPlatformAgentDefault for SecureJarResource(fabric_data_attachment_api_v1)
[12Jul2025 20:10:26.030] [main/DEBUG] [mixin/]: MixinPlatformAgentDefault accepted container SecureJarResource(fabric_data_attachment_api_v1)
[12Jul2025 20:10:26.030] [main/DEBUG] [mixin/]: Processing prepare() for PlatformAgent[MixinPlatformAgentDefault:SecureJarResource(fabric_data_attachment_api_v1)]
[12Jul2025 20:10:26.030] [main/DEBUG] [mixin/]: Registering mixin config: fabric-data-attachment-api-v1.mixins.json
[12Jul2025 20:10:26.031] [main/DEBUG] [mixin/]: Mixin config fabric-data-attachment-api-v1.mixins.json does not specify "minVersion" property
[12Jul2025 20:10:26.031] [main/DEBUG] [mixin/]: Registering mixin config: fabric-data-attachment-api-v1.client.mixins.json
[12Jul2025 20:10:26.033] [main/DEBUG] [mixin/]: Mixin config fabric-data-attachment-api-v1.client.mixins.json does not specify "minVersion" property
[12Jul2025 20:10:26.033] [main/DEBUG] [mixin/]: Adding mixin platform agents for container SecureJarResource(mixinextras)
[12Jul2025 20:10:26.033] [main/DEBUG] [mixin/]: Instancing new MixinPlatformAgentMinecraftForge for SecureJarResource(mixinextras)
[12Jul2025 20:10:26.033] [main/DEBUG] [mixin/]: MixinPlatformAgentMinecraftForge rejected container SecureJarResource(mixinextras)
[12Jul2025 20:10:26.033] [main/DEBUG] [mixin/]: Instancing new MixinPlatformAgentDefault for SecureJarResource(mixinextras)
[12Jul2025 20:10:26.034] [main/DEBUG] [mixin/]: MixinPlatformAgentDefault accepted container SecureJarResource(mixinextras)
[12Jul2025 20:10:26.034] [main/DEBUG] [mixin/]: Processing prepare() for PlatformAgent[MixinPlatformAgentDefault:SecureJarResource(mixinextras)]
[12Jul2025 20:10:26.034] [main/DEBUG] [mixin/]: Registering mixin config: mixinextras.init.mixins.json
[12Jul2025 20:10:26.035] [main/DEBUG] [mixin/]: Adding mixin platform agents for container SecureJarResource(surveyor)
[12Jul2025 20:10:26.035] [main/DEBUG] [mixin/]: Instancing new MixinPlatformAgentMinecraftForge for SecureJarResource(surveyor)
[12Jul2025 20:10:26.035] [main/DEBUG] [mixin/]: MixinPlatformAgentMinecraftForge rejected container SecureJarResource(surveyor)
[12Jul2025 20:10:26.035] [main/DEBUG] [mixin/]: Instancing new MixinPlatformAgentDefault for SecureJarResource(surveyor)
[12Jul2025 20:10:26.035] [main/DEBUG] [mixin/]: MixinPlatformAgentDefault accepted container SecureJarResource(surveyor)
[12Jul2025 20:10:26.035] [main/DEBUG] [mixin/]: Processing prepare() for PlatformAgent[MixinPlatformAgentDefault:SecureJarResource(surveyor)]
[12Jul2025 20:10:26.035] [main/DEBUG] [mixin/]: Registering mixin config: surveyor.mixins.json
[12Jul2025 20:10:26.037] [main/DEBUG] [mixin/]: Adding mixin platform agents for container SecureJarResource(balm)
[12Jul2025 20:10:26.037] [main/DEBUG] [mixin/]: Instancing new MixinPlatformAgentMinecraftForge for SecureJarResource(balm)
[12Jul2025 20:10:26.038] [main/DEBUG] [mixin/]: MixinPlatformAgentMinecraftForge rejected container SecureJarResource(balm)
[12Jul2025 20:10:26.038] [main/DEBUG] [mixin/]: Instancing new MixinPlatformAgentDefault for SecureJarResource(balm)
[12Jul2025 20:10:26.038] [main/DEBUG] [mixin/]: MixinPlatformAgentDefault accepted container SecureJarResource(balm)
[12Jul2025 20:10:26.038] [main/DEBUG] [mixin/]: Processing prepare() for PlatformAgent[MixinPlatformAgentDefault:SecureJarResource(balm)]
[12Jul2025 20:10:26.038] [main/DEBUG] [mixin/]: Registering mixin config: balm.mixins.json
[12Jul2025 20:10:26.039] [main/DEBUG] [mixin/]: Adding mixin platform agents for container SecureJarResource(fabric_screen_api_v1)
[12Jul2025 20:10:26.040] [main/DEBUG] [mixin/]: Instancing new MixinPlatformAgentMinecraftForge for SecureJarResource(fabric_screen_api_v1)
[12Jul2025 20:10:26.040] [main/DEBUG] [mixin/]: MixinPlatformAgentMinecraftForge rejected container SecureJarResource(fabric_screen_api_v1)
[12Jul2025 20:10:26.040] [main/DEBUG] [mixin/]: Instancing new MixinPlatformAgentDefault for SecureJarResource(fabric_screen_api_v1)
[12Jul2025 20:10:26.040] [main/DEBUG] [mixin/]: MixinPlatformAgentDefault accepted container SecureJarResource(fabric_screen_api_v1)
[12Jul2025 20:10:26.040] [main/DEBUG] [mixin/]: Processing prepare() for PlatformAgent[MixinPlatformAgentDefault:SecureJarResource(fabric_screen_api_v1)]
[12Jul2025 20:10:26.040] [main/DEBUG] [mixin/]: Registering mixin config: fabric-screen-api-v1.mixins.json
[12Jul2025 20:10:26.041] [main/DEBUG] [mixin/]: Compatibility level JAVA_16 specified by fabric-screen-api-v1.mixins.json is higher than the maximum level supported by this version of mixin (JAVA_13).
[12Jul2025 20:10:26.042] [main/DEBUG] [mixin/]: Adding mixin platform agents for container SecureJarResource(antique_atlas)
[12Jul2025 20:10:26.042] [main/DEBUG] [mixin/]: Instancing new MixinPlatformAgentMinecraftForge for SecureJarResource(antique_atlas)
[12Jul2025 20:10:26.042] [main/DEBUG] [mixin/]: MixinPlatformAgentMinecraftForge rejected container SecureJarResource(antique_atlas)
[12Jul2025 20:10:26.042] [main/DEBUG] [mixin/]: Instancing new MixinPlatformAgentDefault for SecureJarResource(antique_atlas)
[12Jul2025 20:10:26.042] [main/DEBUG] [mixin/]: MixinPlatformAgentDefault accepted container SecureJarResource(antique_atlas)
[12Jul2025 20:10:26.043] [main/DEBUG] [mixin/]: Processing prepare() for PlatformAgent[MixinPlatformAgentDefault:SecureJarResource(antique_atlas)]
[12Jul2025 20:10:26.043] [main/DEBUG] [mixin/]: Adding mixin platform agents for container SecureJarResource(cameraoverhaul)
[12Jul2025 20:10:26.043] [main/DEBUG] [mixin/]: Instancing new MixinPlatformAgentMinecraftForge for SecureJarResource(cameraoverhaul)
[12Jul2025 20:10:26.043] [main/DEBUG] [mixin/]: MixinPlatformAgentMinecraftForge rejected container SecureJarResource(cameraoverhaul)
[12Jul2025 20:10:26.043] [main/DEBUG] [mixin/]: Instancing new MixinPlatformAgentDefault for SecureJarResource(cameraoverhaul)
[12Jul2025 20:10:26.043] [main/DEBUG] [mixin/]: MixinPlatformAgentDefault accepted container SecureJarResource(cameraoverhaul)
[12Jul2025 20:10:26.043] [main/DEBUG] [mixin/]: Processing prepare() for PlatformAgent[MixinPlatformAgentDefault:SecureJarResource(cameraoverhaul)]
[12Jul2025 20:10:26.043] [main/DEBUG] [mixin/]: Registering mixin config: cameraoverhaul.mixins.json
[12Jul2025 20:10:26.045] [main/DEBUG] [mixin/]: Compatibility level JAVA_16 specified by cameraoverhaul.mixins.json is higher than the maximum level supported by this version of mixin (JAVA_13).
[12Jul2025 20:10:26.046] [main/DEBUG] [mixin/]: Adding mixin platform agents for container SecureJarResource(fabric_particles_v1)
[12Jul2025 20:10:26.046] [main/DEBUG] [mixin/]: Instancing new MixinPlatformAgentMinecraftForge for SecureJarResource(fabric_particles_v1)
[12Jul2025 20:10:26.046] [main/DEBUG] [mixin/]: MixinPlatformAgentMinecraftForge rejected container SecureJarResource(fabric_particles_v1)
[12Jul2025 20:10:26.046] [main/DEBUG] [mixin/]: Instancing new MixinPlatformAgentDefault for SecureJarResource(fabric_particles_v1)
[12Jul2025 20:10:26.046] [main/DEBUG] [mixin/]: MixinPlatformAgentDefault accepted container SecureJarResource(fabric_particles_v1)
[12Jul2025 20:10:26.046] [main/DEBUG] [mixin/]: Processing prepare() for PlatformAgent[MixinPlatformAgentDefault:SecureJarResource(fabric_particles_v1)]
[12Jul2025 20:10:26.046] [main/DEBUG] [mixin/]: Registering mixin config: fabric-particles-v1.client.mixins.json
[12Jul2025 20:10:26.048] [main/DEBUG] [mixin/]: Compatibility level JAVA_16 specified by fabric-particles-v1.client.mixins.json is higher than the maximum level supported by this version of mixin (JAVA_13).
[12Jul2025 20:10:26.048] [main/DEBUG] [mixin/]: Adding mixin platform agents for container SecureJarResource(forge)
[12Jul2025 20:10:26.048] [main/DEBUG] [mixin/]: Instancing new MixinPlatformAgentMinecraftForge for SecureJarResource(forge)
[12Jul2025 20:10:26.048] [main/DEBUG] [mixin/]: MixinPlatformAgentMinecraftForge rejected container SecureJarResource(forge)
[12Jul2025 20:10:26.048] [main/DEBUG] [mixin/]: Instancing new MixinPlatformAgentDefault for SecureJarResource(forge)
[12Jul2025 20:10:26.048] [main/DEBUG] [mixin/]: MixinPlatformAgentDefault accepted container SecureJarResource(forge)
[12Jul2025 20:10:26.048] [main/DEBUG] [mixin/]: Processing prepare() for PlatformAgent[MixinPlatformAgentDefault:SecureJarResource(forge)]
[12Jul2025 20:10:26.048] [main/DEBUG] [mixin/]: Adding mixin platform agents for container SecureJarResource(fabric_api)
[12Jul2025 20:10:26.048] [main/DEBUG] [mixin/]: Instancing new MixinPlatformAgentMinecraftForge for SecureJarResource(fabric_api)
[12Jul2025 20:10:26.048] [main/DEBUG] [mixin/]: MixinPlatformAgentMinecraftForge rejected container SecureJarResource(fabric_api)
[12Jul2025 20:10:26.048] [main/DEBUG] [mixin/]: Instancing new MixinPlatformAgentDefault for SecureJarResource(fabric_api)
[12Jul2025 20:10:26.048] [main/DEBUG] [mixin/]: MixinPlatformAgentDefault accepted container SecureJarResource(fabric_api)
[12Jul2025 20:10:26.048] [main/DEBUG] [mixin/]: Processing prepare() for PlatformAgent[MixinPlatformAgentDefault:SecureJarResource(fabric_api)]
[12Jul2025 20:10:26.048] [main/DEBUG] [mixin/]: Adding mixin platform agents for container SecureJarResource(fabric_content_registries_v0)
[12Jul2025 20:10:26.048] [main/DEBUG] [mixin/]: Instancing new MixinPlatformAgentMinecraftForge for SecureJarResource(fabric_content_registries_v0)
[12Jul2025 20:10:26.048] [main/DEBUG] [mixin/]: MixinPlatformAgentMinecraftForge rejected container SecureJarResource(fabric_content_registries_v0)
[12Jul2025 20:10:26.048] [main/DEBUG] [mixin/]: Instancing new MixinPlatformAgentDefault for SecureJarResource(fabric_content_registries_v0)
[12Jul2025 20:10:26.048] [main/DEBUG] [mixin/]: MixinPlatformAgentDefault accepted container SecureJarResource(fabric_content_registries_v0)
[12Jul2025 20:10:26.049] [main/DEBUG] [mixin/]: Processing prepare() for PlatformAgent[MixinPlatformAgentDefault:SecureJarResource(fabric_content_registries_v0)]
[12Jul2025 20:10:26.049] [main/DEBUG] [mixin/]: Registering mixin config: fabric-content-registries-v0.mixins.json
[12Jul2025 20:10:26.051] [main/DEBUG] [mixin/]: Compatibility level JAVA_16 specified by fabric-content-registries-v0.mixins.json is higher than the maximum level supported by this version of mixin (JAVA_13).
[12Jul2025 20:10:26.051] [main/DEBUG] [mixin/]: Adding mixin platform agents for container SecureJarResource(fabric_transitive_access_wideners_v1)
[12Jul2025 20:10:26.051] [main/DEBUG] [mixin/]: Instancing new MixinPlatformAgentMinecraftForge for SecureJarResource(fabric_transitive_access_wideners_v1)
[12Jul2025 20:10:26.051] [main/DEBUG] [mixin/]: MixinPlatformAgentMinecraftForge rejected container SecureJarResource(fabric_transitive_access_wideners_v1)
[12Jul2025 20:10:26.051] [main/DEBUG] [mixin/]: Instancing new MixinPlatformAgentDefault for SecureJarResource(fabric_transitive_access_wideners_v1)
[12Jul2025 20:10:26.051] [main/DEBUG] [mixin/]: MixinPlatformAgentDefault accepted container SecureJarResource(fabric_transitive_access_wideners_v1)
[12Jul2025 20:10:26.051] [main/DEBUG] [mixin/]: Processing prepare() for PlatformAgent[MixinPlatformAgentDefault:SecureJarResource(fabric_transitive_access_wideners_v1)]
[12Jul2025 20:10:26.051] [main/DEBUG] [mixin/]: Adding mixin platform agents for container SecureJarResource(nyfsspiders)
[12Jul2025 20:10:26.051] [main/DEBUG] [mixin/]: Instancing new MixinPlatformAgentMinecraftForge for SecureJarResource(nyfsspiders)
[12Jul2025 20:10:26.051] [main/DEBUG] [mixin/]: MixinPlatformAgentMinecraftForge rejected container SecureJarResource(nyfsspiders)
[12Jul2025 20:10:26.051] [main/DEBUG] [mixin/]: Instancing new MixinPlatformAgentDefault for SecureJarResource(nyfsspiders)
[12Jul2025 20:10:26.051] [main/DEBUG] [mixin/]: MixinPlatformAgentDefault accepted container SecureJarResource(nyfsspiders)
[12Jul2025 20:10:26.051] [main/DEBUG] [mixin/]: Processing prepare() for PlatformAgent[MixinPlatformAgentDefault:SecureJarResource(nyfsspiders)]
[12Jul2025 20:10:26.051] [main/DEBUG] [mixin/]: Registering mixin config: nyfsspiders.mixins.json
[12Jul2025 20:10:26.053] [main/DEBUG] [mixin/]: Adding mixin platform agents for container SecureJarResource(minecraft)
[12Jul2025 20:10:26.053] [main/DEBUG] [mixin/]: Instancing new MixinPlatformAgentMinecraftForge for SecureJarResource(minecraft)
[12Jul2025 20:10:26.053] [main/DEBUG] [mixin/]: MixinPlatformAgentMinecraftForge rejected container SecureJarResource(minecraft)
[12Jul2025 20:10:26.053] [main/DEBUG] [mixin/]: Instancing new MixinPlatformAgentDefault for SecureJarResource(minecraft)
[12Jul2025 20:10:26.053] [main/DEBUG] [mixin/]: MixinPlatformAgentDefault accepted container SecureJarResource(minecraft)
[12Jul2025 20:10:26.053] [main/DEBUG] [mixin/]: Processing prepare() for PlatformAgent[MixinPlatformAgentDefault:SecureJarResource(minecraft)]
[12Jul2025 20:10:26.053] [main/DEBUG] [mixin/]: Adding mixin platform agents for container SecureJarResource(death_angels)
[12Jul2025 20:10:26.053] [main/DEBUG] [mixin/]: Instancing new MixinPlatformAgentMinecraftForge for SecureJarResource(death_angels)
[12Jul2025 20:10:26.053] [main/DEBUG] [mixin/]: MixinPlatformAgentMinecraftForge rejected container SecureJarResource(death_angels)
[12Jul2025 20:10:26.053] [main/DEBUG] [mixin/]: Instancing new MixinPlatformAgentDefault for SecureJarResource(death_angels)
[12Jul2025 20:10:26.053] [main/DEBUG] [mixin/]: MixinPlatformAgentDefault accepted container SecureJarResource(death_angels)
[12Jul2025 20:10:26.053] [main/DEBUG] [mixin/]: Processing prepare() for PlatformAgent[MixinPlatformAgentDefault:SecureJarResource(death_angels)]
[12Jul2025 20:10:26.053] [main/DEBUG] [mixin/]: Adding mixin platform agents for container SecureJarResource(befalltwo)
[12Jul2025 20:10:26.053] [main/DEBUG] [mixin/]: Instancing new MixinPlatformAgentMinecraftForge for SecureJarResource(befalltwo)
[12Jul2025 20:10:26.053] [main/DEBUG] [mixin/]: MixinPlatformAgentMinecraftForge rejected container SecureJarResource(befalltwo)
[12Jul2025 20:10:26.053] [main/DEBUG] [mixin/]: Instancing new MixinPlatformAgentDefault for SecureJarResource(befalltwo)
[12Jul2025 20:10:26.053] [main/DEBUG] [mixin/]: MixinPlatformAgentDefault accepted container SecureJarResource(befalltwo)
[12Jul2025 20:10:26.053] [main/DEBUG] [mixin/]: Processing prepare() for PlatformAgent[MixinPlatformAgentDefault:SecureJarResource(befalltwo)]
[12Jul2025 20:10:26.053] [main/DEBUG] [mixin/]: Adding mixin platform agents for container SecureJarResource(midnightlurker)
[12Jul2025 20:10:26.054] [main/DEBUG] [mixin/]: Instancing new MixinPlatformAgentMinecraftForge for SecureJarResource(midnightlurker)
[12Jul2025 20:10:26.054] [main/DEBUG] [mixin/]: MixinPlatformAgentMinecraftForge rejected container SecureJarResource(midnightlurker)
[12Jul2025 20:10:26.054] [main/DEBUG] [mixin/]: Instancing new MixinPlatformAgentDefault for SecureJarResource(midnightlurker)
[12Jul2025 20:10:26.054] [main/DEBUG] [mixin/]: MixinPlatformAgentDefault accepted container SecureJarResource(midnightlurker)
[12Jul2025 20:10:26.054] [main/DEBUG] [mixin/]: Processing prepare() for PlatformAgent[MixinPlatformAgentDefault:SecureJarResource(midnightlurker)]
[12Jul2025 20:10:26.054] [main/DEBUG] [mixin/]: Adding mixin platform agents for container SecureJarResource(fabric_game_rule_api_v1)
[12Jul2025 20:10:26.054] [main/DEBUG] [mixin/]: Instancing new MixinPlatformAgentMinecraftForge for SecureJarResource(fabric_game_rule_api_v1)
[12Jul2025 20:10:26.054] [main/DEBUG] [mixin/]: MixinPlatformAgentMinecraftForge rejected container SecureJarResource(fabric_game_rule_api_v1)
[12Jul2025 20:10:26.054] [main/DEBUG] [mixin/]: Instancing new MixinPlatformAgentDefault for SecureJarResource(fabric_game_rule_api_v1)
[12Jul2025 20:10:26.054] [main/DEBUG] [mixin/]: MixinPlatformAgentDefault accepted container SecureJarResource(fabric_game_rule_api_v1)
[12Jul2025 20:10:26.054] [main/DEBUG] [mixin/]: Processing prepare() for PlatformAgent[MixinPlatformAgentDefault:SecureJarResource(fabric_game_rule_api_v1)]
[12Jul2025 20:10:26.054] [main/DEBUG] [mixin/]: Registering mixin config: fabric-game-rule-api-v1.mixins.json
[12Jul2025 20:10:26.056] [main/DEBUG] [mixin/]: Compatibility level JAVA_16 specified by fabric-game-rule-api-v1.mixins.json is higher than the maximum level supported by this version of mixin (JAVA_13).
[12Jul2025 20:10:26.056] [main/DEBUG] [mixin/]: Registering mixin config: fabric-game-rule-api-v1.client.mixins.json
[12Jul2025 20:10:26.058] [main/DEBUG] [mixin/]: Compatibility level JAVA_16 specified by fabric-game-rule-api-v1.client.mixins.json is higher than the maximum level supported by this version of mixin (JAVA_13).
[12Jul2025 20:10:26.058] [main/DEBUG] [mixin/]: Adding mixin platform agents for container SecureJarResource(fabric_api_base)
[12Jul2025 20:10:26.058] [main/DEBUG] [mixin/]: Instancing new MixinPlatformAgentMinecraftForge for SecureJarResource(fabric_api_base)
[12Jul2025 20:10:26.058] [main/DEBUG] [mixin/]: MixinPlatformAgentMinecraftForge rejected container SecureJarResource(fabric_api_base)
[12Jul2025 20:10:26.058] [main/DEBUG] [mixin/]: Instancing new MixinPlatformAgentDefault for SecureJarResource(fabric_api_base)
[12Jul2025 20:10:26.058] [main/DEBUG] [mixin/]: MixinPlatformAgentDefault accepted container SecureJarResource(fabric_api_base)
[12Jul2025 20:10:26.058] [main/DEBUG] [mixin/]: Processing prepare() for PlatformAgent[MixinPlatformAgentDefault:SecureJarResource(fabric_api_base)]
[12Jul2025 20:10:26.058] [main/DEBUG] [mixin/]: Registering mixin config: fabric-api-base.init.mixins.json
[12Jul2025 20:10:26.060] [main/DEBUG] [mixin/]: Adding mixin platform agents for container SecureJarResource(necronomicon)
[12Jul2025 20:10:26.060] [main/DEBUG] [mixin/]: Instancing new MixinPlatformAgentMinecraftForge for SecureJarResource(necronomicon)
[12Jul2025 20:10:26.060] [main/DEBUG] [mixin/]: MixinPlatformAgentMinecraftForge rejected container SecureJarResource(necronomicon)
[12Jul2025 20:10:26.060] [main/DEBUG] [mixin/]: Instancing new MixinPlatformAgentDefault for SecureJarResource(necronomicon)
[12Jul2025 20:10:26.060] [main/DEBUG] [mixin/]: MixinPlatformAgentDefault accepted container SecureJarResource(necronomicon)
[12Jul2025 20:10:26.060] [main/DEBUG] [mixin/]: Processing prepare() for PlatformAgent[MixinPlatformAgentDefault:SecureJarResource(necronomicon)]
[12Jul2025 20:10:26.060] [main/DEBUG] [mixin/]: Registering mixin config: necronomicon-common.mixins.json
[12Jul2025 20:10:26.062] [main/DEBUG] [mixin/]: Adding mixin platform agents for container SecureJarResource(fabric_api_lookup_api_v1)
[12Jul2025 20:10:26.062] [main/DEBUG] [mixin/]: Instancing new MixinPlatformAgentMinecraftForge for SecureJarResource(fabric_api_lookup_api_v1)
[12Jul2025 20:10:26.062] [main/DEBUG] [mixin/]: MixinPlatformAgentMinecraftForge rejected container SecureJarResource(fabric_api_lookup_api_v1)
[12Jul2025 20:10:26.062] [main/DEBUG] [mixin/]: Instancing new MixinPlatformAgentDefault for SecureJarResource(fabric_api_lookup_api_v1)
[12Jul2025 20:10:26.062] [main/DEBUG] [mixin/]: MixinPlatformAgentDefault accepted container SecureJarResource(fabric_api_lookup_api_v1)
[12Jul2025 20:10:26.062] [main/DEBUG] [mixin/]: Processing prepare() for PlatformAgent[MixinPlatformAgentDefault:SecureJarResource(fabric_api_lookup_api_v1)]
[12Jul2025 20:10:26.062] [main/DEBUG] [mixin/]: Registering mixin config: fabric-api-lookup-api-v1.mixins.json
[12Jul2025 20:10:26.064] [main/DEBUG] [mixin/]: Compatibility level JAVA_16 specified by fabric-api-lookup-api-v1.mixins.json is higher than the maximum level supported by this version of mixin (JAVA_13).
[12Jul2025 20:10:26.064] [main/DEBUG] [mixin/]: Adding mixin platform agents for container SecureJarResource(fabric_blockrenderlayer_v1)
[12Jul2025 20:10:26.064] [main/DEBUG] [mixin/]: Instancing new MixinPlatformAgentMinecraftForge for SecureJarResource(fabric_blockrenderlayer_v1)
[12Jul2025 20:10:26.064] [main/DEBUG] [mixin/]: MixinPlatformAgentMinecraftForge rejected container SecureJarResource(fabric_blockrenderlayer_v1)
[12Jul2025 20:10:26.064] [main/DEBUG] [mixin/]: Instancing new MixinPlatformAgentDefault for SecureJarResource(fabric_blockrenderlayer_v1)
[12Jul2025 20:10:26.064] [main/DEBUG] [mixin/]: MixinPlatformAgentDefault accepted container SecureJarResource(fabric_blockrenderlayer_v1)
[12Jul2025 20:10:26.064] [main/DEBUG] [mixin/]: Processing prepare() for PlatformAgent[MixinPlatformAgentDefault:SecureJarResource(fabric_blockrenderlayer_v1)]
[12Jul2025 20:10:26.064] [main/DEBUG] [mixin/]: Registering mixin config: fabric-blockrenderlayer-v1.mixins.json
[12Jul2025 20:10:26.066] [main/DEBUG] [mixin/]: Adding mixin platform agents for container SecureJarResource(jade)
[12Jul2025 20:10:26.066] [main/DEBUG] [mixin/]: Instancing new MixinPlatformAgentMinecraftForge for SecureJarResource(jade)
[12Jul2025 20:10:26.066] [main/DEBUG] [mixin/]: MixinPlatformAgentMinecraftForge rejected container SecureJarResource(jade)
[12Jul2025 20:10:26.066] [main/DEBUG] [mixin/]: Instancing new MixinPlatformAgentDefault for SecureJarResource(jade)
[12Jul2025 20:10:26.066] [main/DEBUG] [mixin/]: MixinPlatformAgentDefault accepted container SecureJarResource(jade)
[12Jul2025 20:10:26.066] [main/DEBUG] [mixin/]: Processing prepare() for PlatformAgent[MixinPlatformAgentDefault:SecureJarResource(jade)]
[12Jul2025 20:10:26.066] [main/DEBUG] [mixin/]: Registering mixin config: jade.mixins.json
[12Jul2025 20:10:26.068] [main/DEBUG] [mixin/]: Compatibility level JAVA_16 specified by jade.mixins.json is higher than the maximum level supported by this version of mixin (JAVA_13).
[12Jul2025 20:10:26.068] [main/DEBUG] [mixin/]: Adding mixin platform agents for container SecureJarResource(obscure_tooltips)
[12Jul2025 20:10:26.068] [main/DEBUG] [mixin/]: Instancing new MixinPlatformAgentMinecraftForge for SecureJarResource(obscure_tooltips)
[12Jul2025 20:10:26.069] [main/DEBUG] [mixin/]: MixinPlatformAgentMinecraftForge rejected container SecureJarResource(obscure_tooltips)
[12Jul2025 20:10:26.069] [main/DEBUG] [mixin/]: Instancing new MixinPlatformAgentDefault for SecureJarResource(obscure_tooltips)
[12Jul2025 20:10:26.069] [main/DEBUG] [mixin/]: MixinPlatformAgentDefault accepted container SecureJarResource(obscure_tooltips)
[12Jul2025 20:10:26.069] [main/DEBUG] [mixin/]: Processing prepare() for PlatformAgent[MixinPlatformAgentDefault:SecureJarResource(obscure_tooltips)]
[12Jul2025 20:10:26.069] [main/DEBUG] [mixin/]: Registering mixin config: obscure_tooltips.mixins.json
[12Jul2025 20:10:26.070] [main/DEBUG] [mixin/]: Adding mixin platform agents for container SecureJarResource(creativecore)
[12Jul2025 20:10:26.070] [main/DEBUG] [mixin/]: Instancing new MixinPlatformAgentMinecraftForge for SecureJarResource(creativecore)
[12Jul2025 20:10:26.071] [main/DEBUG] [mixin/]: MixinPlatformAgentMinecraftForge rejected container SecureJarResource(creativecore)
[12Jul2025 20:10:26.071] [main/DEBUG] [mixin/]: Instancing new MixinPlatformAgentDefault for SecureJarResource(creativecore)
[12Jul2025 20:10:26.071] [main/DEBUG] [mixin/]: MixinPlatformAgentDefault accepted container SecureJarResource(creativecore)
[12Jul2025 20:10:26.071] [main/DEBUG] [mixin/]: Processing prepare() for PlatformAgent[MixinPlatformAgentDefault:SecureJarResource(creativecore)]
[12Jul2025 20:10:26.071] [main/DEBUG] [mixin/]: Registering mixin config: creativecore.mixins.json
[12Jul2025 20:10:26.072] [main/DEBUG] [mixin/]: Registering mixin config: creativecore.forge.mixins.json
[12Jul2025 20:10:26.074] [main/DEBUG] [mixin/]: Adding mixin platform agents for container SecureJarResource(chunky)
[12Jul2025 20:10:26.074] [main/DEBUG] [mixin/]: Instancing new MixinPlatformAgentMinecraftForge for SecureJarResource(chunky)
[12Jul2025 20:10:26.074] [main/DEBUG] [mixin/]: MixinPlatformAgentMinecraftForge rejected container SecureJarResource(chunky)
[12Jul2025 20:10:26.074] [main/DEBUG] [mixin/]: Instancing new MixinPlatformAgentDefault for SecureJarResource(chunky)
[12Jul2025 20:10:26.074] [main/DEBUG] [mixin/]: MixinPlatformAgentDefault accepted container SecureJarResource(chunky)
[12Jul2025 20:10:26.074] [main/DEBUG] [mixin/]: Processing prepare() for PlatformAgent[MixinPlatformAgentDefault:SecureJarResource(chunky)]
[12Jul2025 20:10:26.074] [main/DEBUG] [mixin/]: Adding mixin platform agents for container SecureJarResource(fabric_block_api_v1)
[12Jul2025 20:10:26.074] [main/DEBUG] [mixin/]: Instancing new MixinPlatformAgentMinecraftForge for SecureJarResource(fabric_block_api_v1)
[12Jul2025 20:10:26.074] [main/DEBUG] [mixin/]: MixinPlatformAgentMinecraftForge rejected container SecureJarResource(fabric_block_api_v1)
[12Jul2025 20:10:26.074] [main/DEBUG] [mixin/]: Instancing new MixinPlatformAgentDefault for SecureJarResource(fabric_block_api_v1)
[12Jul2025 20:10:26.074] [main/DEBUG] [mixin/]: MixinPlatformAgentDefault accepted container SecureJarResource(fabric_block_api_v1)
[12Jul2025 20:10:26.074] [main/DEBUG] [mixin/]: Processing prepare() for PlatformAgent[MixinPlatformAgentDefault:SecureJarResource(fabric_block_api_v1)]
[12Jul2025 20:10:26.075] [main/DEBUG] [mixin/]: Adding mixin platform agents for container SecureJarResource(fabric_resource_conditions_api_v1)
[12Jul2025 20:10:26.075] [main/DEBUG] [mixin/]: Instancing new MixinPlatformAgentMinecraftForge for SecureJarResource(fabric_resource_conditions_api_v1)
[12Jul2025 20:10:26.075] [main/DEBUG] [mixin/]: MixinPlatformAgentMinecraftForge rejected container SecureJarResource(fabric_resource_conditions_api_v1)
[12Jul2025 20:10:26.075] [main/DEBUG] [mixin/]: Instancing new MixinPlatformAgentDefault for SecureJarResource(fabric_resource_conditions_api_v1)
[12Jul2025 20:10:26.075] [main/DEBUG] [mixin/]: MixinPlatformAgentDefault accepted container SecureJarResource(fabric_resource_conditions_api_v1)
[12Jul2025 20:10:26.075] [main/DEBUG] [mixin/]: Processing prepare() for PlatformAgent[MixinPlatformAgentDefault:SecureJarResource(fabric_resource_conditions_api_v1)]
[12Jul2025 20:10:26.075] [main/DEBUG] [mixin/]: Registering mixin config: fabric-resource-conditions-api-v1.mixins.json
[12Jul2025 20:10:26.076] [main/DEBUG] [mixin/]: Compatibility level JAVA_16 specified by fabric-resource-conditions-api-v1.mixins.json is higher than the maximum level supported by this version of mixin (JAVA_13).
[12Jul2025 20:10:26.077] [main/DEBUG] [mixin/]: Adding mixin platform agents for container SecureJarResource(a_good_place)
[12Jul2025 20:10:26.077] [main/DEBUG] [mixin/]: Instancing new MixinPlatformAgentMinecraftForge for SecureJarResource(a_good_place)
[12Jul2025 20:10:26.077] [main/DEBUG] [mixin/]: MixinPlatformAgentMinecraftForge rejected container SecureJarResource(a_good_place)
[12Jul2025 20:10:26.077] [main/DEBUG] [mixin/]: Instancing new MixinPlatformAgentDefault for SecureJarResource(a_good_place)
[12Jul2025 20:10:26.077] [main/DEBUG] [mixin/]: MixinPlatformAgentDefault accepted container SecureJarResource(a_good_place)
[12Jul2025 20:10:26.077] [main/DEBUG] [mixin/]: Processing prepare() for PlatformAgent[MixinPlatformAgentDefault:SecureJarResource(a_good_place)]
[12Jul2025 20:10:26.077] [main/DEBUG] [mixin/]: Registering mixin config: a_good_place.mixins.json
[12Jul2025 20:10:26.079] [main/DEBUG] [mixin/]: Registering mixin config: a_good_place-common.mixins.json
[12Jul2025 20:10:26.080] [main/DEBUG] [mixin/]: Adding mixin platform agents for container SecureJarResource(man)
[12Jul2025 20:10:26.080] [main/DEBUG] [mixin/]: Instancing new MixinPlatformAgentMinecraftForge for SecureJarResource(man)
[12Jul2025 20:10:26.080] [main/DEBUG] [mixin/]: MixinPlatformAgentMinecraftForge rejected container SecureJarResource(man)
[12Jul2025 20:10:26.080] [main/DEBUG] [mixin/]: Instancing new MixinPlatformAgentDefault for SecureJarResource(man)
[12Jul2025 20:10:26.080] [main/DEBUG] [mixin/]: MixinPlatformAgentDefault accepted container SecureJarResource(man)
[12Jul2025 20:10:26.080] [main/DEBUG] [mixin/]: Processing prepare() for PlatformAgent[MixinPlatformAgentDefault:SecureJarResource(man)]
[12Jul2025 20:10:26.081] [main/DEBUG] [mixin/]: Adding mixin platform agents for container SecureJarResource(fabric_item_group_api_v1)
[12Jul2025 20:10:26.081] [main/DEBUG] [mixin/]: Instancing new MixinPlatformAgentMinecraftForge for SecureJarResource(fabric_item_group_api_v1)
[12Jul2025 20:10:26.081] [main/DEBUG] [mixin/]: MixinPlatformAgentMinecraftForge rejected container SecureJarResource(fabric_item_group_api_v1)
[12Jul2025 20:10:26.081] [main/DEBUG] [mixin/]: Instancing new MixinPlatformAgentDefault for SecureJarResource(fabric_item_group_api_v1)
[12Jul2025 20:10:26.081] [main/DEBUG] [mixin/]: MixinPlatformAgentDefault accepted container SecureJarResource(fabric_item_group_api_v1)
[12Jul2025 20:10:26.081] [main/DEBUG] [mixin/]: Processing prepare() for PlatformAgent[MixinPlatformAgentDefault:SecureJarResource(fabric_item_group_api_v1)]
[12Jul2025 20:10:26.081] [main/DEBUG] [mixin/]: Registering mixin config: fabric-item-group-api-v1.mixins.json
[12Jul2025 20:10:26.082] [main/DEBUG] [mixin/]: Mixin config fabric-item-group-api-v1.mixins.json does not specify "minVersion" property
[12Jul2025 20:10:26.083] [main/DEBUG] [mixin/]: Registering mixin config: fabric-item-group-api-v1.client.mixins.json
[12Jul2025 20:10:26.084] [main/DEBUG] [mixin/]: Mixin config fabric-item-group-api-v1.client.mixins.json does not specify "minVersion" property
[12Jul2025 20:10:26.084] [main/DEBUG] [mixin/]: Adding mixin platform agents for container SecureJarResource(connectormod)
[12Jul2025 20:10:26.084] [main/DEBUG] [mixin/]: Instancing new MixinPlatformAgentMinecraftForge for SecureJarResource(connectormod)
[12Jul2025 20:10:26.085] [main/DEBUG] [mixin/]: MixinPlatformAgentMinecraftForge rejected container SecureJarResource(connectormod)
[12Jul2025 20:10:26.085] [main/DEBUG] [mixin/]: Instancing new MixinPlatformAgentDefault for SecureJarResource(connectormod)
[12Jul2025 20:10:26.085] [main/DEBUG] [mixin/]: MixinPlatformAgentDefault accepted container SecureJarResource(connectormod)
[12Jul2025 20:10:26.085] [main/DEBUG] [mixin/]: Processing prepare() for PlatformAgent[MixinPlatformAgentDefault:SecureJarResource(connectormod)]
[12Jul2025 20:10:26.085] [main/DEBUG] [mixin/]: Registering mixin config: connectormod.mixins.json
[12Jul2025 20:10:26.086] [main/DEBUG] [mixin/]: Adding mixin platform agents for container SecureJarResource(fabric_biome_api_v1)
[12Jul2025 20:10:26.086] [main/DEBUG] [mixin/]: Instancing new MixinPlatformAgentMinecraftForge for SecureJarResource(fabric_biome_api_v1)
[12Jul2025 20:10:26.087] [main/DEBUG] [mixin/]: MixinPlatformAgentMinecraftForge rejected container SecureJarResource(fabric_biome_api_v1)
[12Jul2025 20:10:26.087] [main/DEBUG] [mixin/]: Instancing new MixinPlatformAgentDefault for SecureJarResource(fabric_biome_api_v1)
[12Jul2025 20:10:26.087] [main/DEBUG] [mixin/]: MixinPlatformAgentDefault accepted container SecureJarResource(fabric_biome_api_v1)
[12Jul2025 20:10:26.087] [main/DEBUG] [mixin/]: Processing prepare() for PlatformAgent[MixinPlatformAgentDefault:SecureJarResource(fabric_biome_api_v1)]
[12Jul2025 20:10:26.087] [main/DEBUG] [mixin/]: Registering mixin config: fabric-biome-api-v1.mixins.json
[12Jul2025 20:10:26.088] [main/DEBUG] [mixin/]: Compatibility level JAVA_16 specified by fabric-biome-api-v1.mixins.json is higher than the maximum level supported by this version of mixin (JAVA_13).
[12Jul2025 20:10:26.088] [main/DEBUG] [mixin/]: Adding mixin platform agents for container SecureJarResource(fabric_entity_events_v1)
[12Jul2025 20:10:26.088] [main/DEBUG] [mixin/]: Instancing new MixinPlatformAgentMinecraftForge for SecureJarResource(fabric_entity_events_v1)
[12Jul2025 20:10:26.088] [main/DEBUG] [mixin/]: MixinPlatformAgentMinecraftForge rejected container SecureJarResource(fabric_entity_events_v1)
[12Jul2025 20:10:26.088] [main/DEBUG] [mixin/]: Instancing new MixinPlatformAgentDefault for SecureJarResource(fabric_entity_events_v1)
[12Jul2025 20:10:26.088] [main/DEBUG] [mixin/]: MixinPlatformAgentDefault accepted container SecureJarResource(fabric_entity_events_v1)
[12Jul2025 20:10:26.088] [main/DEBUG] [mixin/]: Processing prepare() for PlatformAgent[MixinPlatformAgentDefault:SecureJarResource(fabric_entity_events_v1)]
[12Jul2025 20:10:26.088] [main/DEBUG] [mixin/]: Registering mixin config: fabric-entity-events-v1.mixins.json
[12Jul2025 20:10:26.089] [main/DEBUG] [mixin/]: Compatibility level JAVA_16 specified by fabric-entity-events-v1.mixins.json is higher than the maximum level supported by this version of mixin (JAVA_13).
[12Jul2025 20:10:26.089] [main/DEBUG] [mixin/]: Registering mixin config: fabric-entity-events-v1.client.mixins.json
[12Jul2025 20:10:26.091] [main/DEBUG] [mixin/]: Compatibility level JAVA_16 specified by fabric-entity-events-v1.client.mixins.json is higher than the maximum level supported by this version of mixin (JAVA_13).
[12Jul2025 20:10:26.091] [main/DEBUG] [mixin/]: Adding mixin platform agents for container SecureJarResource(antlers)
[12Jul2025 20:10:26.091] [main/DEBUG] [mixin/]: Instancing new MixinPlatformAgentMinecraftForge for SecureJarResource(antlers)
[12Jul2025 20:10:26.091] [main/DEBUG] [mixin/]: MixinPlatformAgentMinecraftForge rejected container SecureJarResource(antlers)
[12Jul2025 20:10:26.091] [main/DEBUG] [mixin/]: Instancing new MixinPlatformAgentDefault for SecureJarResource(antlers)
[12Jul2025 20:10:26.091] [main/DEBUG] [mixin/]: MixinPlatformAgentDefault accepted container SecureJarResource(antlers)
[12Jul2025 20:10:26.091] [main/DEBUG] [mixin/]: Processing prepare() for PlatformAgent[MixinPlatformAgentDefault:SecureJarResource(antlers)]
[12Jul2025 20:10:26.091] [main/DEBUG] [mixin/]: Adding mixin platform agents for container SecureJarResource(fabric_registry_sync_v0)
[12Jul2025 20:10:26.091] [main/DEBUG] [mixin/]: Instancing new MixinPlatformAgentMinecraftForge for SecureJarResource(fabric_registry_sync_v0)
[12Jul2025 20:10:26.091] [main/DEBUG] [mixin/]: MixinPlatformAgentMinecraftForge rejected container SecureJarResource(fabric_registry_sync_v0)
[12Jul2025 20:10:26.091] [main/DEBUG] [mixin/]: Instancing new MixinPlatformAgentDefault for SecureJarResource(fabric_registry_sync_v0)
[12Jul2025 20:10:26.091] [main/DEBUG] [mixin/]: MixinPlatformAgentDefault accepted container SecureJarResource(fabric_registry_sync_v0)
[12Jul2025 20:10:26.091] [main/DEBUG] [mixin/]: Processing prepare() for PlatformAgent[MixinPlatformAgentDefault:SecureJarResource(fabric_registry_sync_v0)]
[12Jul2025 20:10:26.091] [main/DEBUG] [mixin/]: Registering mixin config: fabric-registry-sync-v0.mixins.json
[12Jul2025 20:10:26.092] [main/DEBUG] [mixin/]: Compatibility level JAVA_16 specified by fabric-registry-sync-v0.mixins.json is higher than the maximum level supported by this version of mixin (JAVA_13).
[12Jul2025 20:10:26.093] [main/DEBUG] [mixin/]: Registering mixin config: fabric-registry-sync-v0.client.mixins.json
[12Jul2025 20:10:26.094] [main/DEBUG] [mixin/]: Compatibility level JAVA_16 specified by fabric-registry-sync-v0.client.mixins.json is higher than the maximum level supported by this version of mixin (JAVA_13).
[12Jul2025 20:10:26.094] [main/DEBUG] [mixin/]: Adding mixin platform agents for container SecureJarResource(bwrtherain)
[12Jul2025 20:10:26.094] [main/DEBUG] [mixin/]: Instancing new MixinPlatformAgentMinecraftForge for SecureJarResource(bwrtherain)
[12Jul2025 20:10:26.094] [main/DEBUG] [mixin/]: MixinPlatformAgentMinecraftForge rejected container SecureJarResource(bwrtherain)
[12Jul2025 20:10:26.094] [main/DEBUG] [mixin/]: Instancing new MixinPlatformAgentDefault for SecureJarResource(bwrtherain)
[12Jul2025 20:10:26.094] [main/DEBUG] [mixin/]: MixinPlatformAgentDefault accepted container SecureJarResource(bwrtherain)
[12Jul2025 20:10:26.094] [main/DEBUG] [mixin/]: Processing prepare() for PlatformAgent[MixinPlatformAgentDefault:SecureJarResource(bwrtherain)]
[12Jul2025 20:10:26.094] [main/DEBUG] [mixin/]: Adding mixin platform agents for container SecureJarResource(fabric_recipe_api_v1)
[12Jul2025 20:10:26.094] [main/DEBUG] [mixin/]: Instancing new MixinPlatformAgentMinecraftForge for SecureJarResource(fabric_recipe_api_v1)
[12Jul2025 20:10:26.094] [main/DEBUG] [mixin/]: MixinPlatformAgentMinecraftForge rejected container SecureJarResource(fabric_recipe_api_v1)
[12Jul2025 20:10:26.094] [main/DEBUG] [mixin/]: Instancing new MixinPlatformAgentDefault for SecureJarResource(fabric_recipe_api_v1)
[12Jul2025 20:10:26.094] [main/DEBUG] [mixin/]: MixinPlatformAgentDefault accepted container SecureJarResource(fabric_recipe_api_v1)
[12Jul2025 20:10:26.094] [main/DEBUG] [mixin/]: Processing prepare() for PlatformAgent[MixinPlatformAgentDefault:SecureJarResource(fabric_recipe_api_v1)]
[12Jul2025 20:10:26.094] [main/DEBUG] [mixin/]: Registering mixin config: fabric-recipe-api-v1.mixins.json
[12Jul2025 20:10:26.096] [main/DEBUG] [mixin/]: Adding mixin platform agents for container SecureJarResource(fabric_loot_api_v2)
[12Jul2025 20:10:26.096] [main/DEBUG] [mixin/]: Instancing new MixinPlatformAgentMinecraftForge for SecureJarResource(fabric_loot_api_v2)
[12Jul2025 20:10:26.096] [main/DEBUG] [mixin/]: MixinPlatformAgentMinecraftForge rejected container SecureJarResource(fabric_loot_api_v2)
[12Jul2025 20:10:26.096] [main/DEBUG] [mixin/]: Instancing new MixinPlatformAgentDefault for SecureJarResource(fabric_loot_api_v2)
[12Jul2025 20:10:26.096] [main/DEBUG] [mixin/]: MixinPlatformAgentDefault accepted container SecureJarResource(fabric_loot_api_v2)
[12Jul2025 20:10:26.096] [main/DEBUG] [mixin/]: Processing prepare() for PlatformAgent[MixinPlatformAgentDefault:SecureJarResource(fabric_loot_api_v2)]
[12Jul2025 20:10:26.096] [main/DEBUG] [mixin/]: Registering mixin config: fabric-loot-api-v2.mixins.json
[12Jul2025 20:10:26.098] [main/DEBUG] [mixin/]: Compatibility level JAVA_8 specified by fabric-loot-api-v2.mixins.json is lower than the default level supported by the current mixin service (JAVA_16).
[12Jul2025 20:10:26.098] [main/DEBUG] [mixin/]: Adding mixin platform agents for container SecureJarResource(fabric_object_builder_api_v1)
[12Jul2025 20:10:26.098] [main/DEBUG] [mixin/]: Instancing new MixinPlatformAgentMinecraftForge for SecureJarResource(fabric_object_builder_api_v1)
[12Jul2025 20:10:26.098] [main/DEBUG] [mixin/]: MixinPlatformAgentMinecraftForge rejected container SecureJarResource(fabric_object_builder_api_v1)
[12Jul2025 20:10:26.098] [main/DEBUG] [mixin/]: Instancing new MixinPlatformAgentDefault for SecureJarResource(fabric_object_builder_api_v1)
[12Jul2025 20:10:26.098] [main/DEBUG] [mixin/]: MixinPlatformAgentDefault accepted container SecureJarResource(fabric_object_builder_api_v1)
[12Jul2025 20:10:26.098] [main/DEBUG] [mixin/]: Processing prepare() for PlatformAgent[MixinPlatformAgentDefault:SecureJarResource(fabric_object_builder_api_v1)]
[12Jul2025 20:10:26.098] [main/DEBUG] [mixin/]: Registering mixin config: fabric-object-builder-v1.mixins.json
[12Jul2025 20:10:26.099] [main/DEBUG] [mixin/]: Compatibility level JAVA_16 specified by fabric-object-builder-v1.mixins.json is higher than the maximum level supported by this version of mixin (JAVA_13).
[12Jul2025 20:10:26.099] [main/DEBUG] [mixin/]: Adding mixin platform agents for container SecureJarResource(fabric_rendering_data_attachment_v1)
[12Jul2025 20:10:26.099] [main/DEBUG] [mixin/]: Instancing new MixinPlatformAgentMinecraftForge for SecureJarResource(fabric_rendering_data_attachment_v1)
[12Jul2025 20:10:26.099] [main/DEBUG] [mixin/]: MixinPlatformAgentMinecraftForge rejected container SecureJarResource(fabric_rendering_data_attachment_v1)
[12Jul2025 20:10:26.099] [main/DEBUG] [mixin/]: Instancing new MixinPlatformAgentDefault for SecureJarResource(fabric_rendering_data_attachment_v1)
[12Jul2025 20:10:26.099] [main/DEBUG] [mixin/]: MixinPlatformAgentDefault accepted container SecureJarResource(fabric_rendering_data_attachment_v1)
[12Jul2025 20:10:26.099] [main/DEBUG] [mixin/]: Processing prepare() for PlatformAgent[MixinPlatformAgentDefault:SecureJarResource(fabric_rendering_data_attachment_v1)]
[12Jul2025 20:10:26.099] [main/DEBUG] [mixin/]: Registering mixin config: fabric-rendering-data-attachment-v1.mixins.json
[12Jul2025 20:10:26.101] [main/DEBUG] [mixin/]: Registering mixin config: fabric-rendering-data-attachment-v1.client.mixins.json
[12Jul2025 20:10:26.102] [main/DEBUG] [mixin/]: Adding mixin platform agents for container SecureJarResource(itsnotreal)
[12Jul2025 20:10:26.102] [main/DEBUG] [mixin/]: Instancing new MixinPlatformAgentMinecraftForge for SecureJarResource(itsnotreal)
[12Jul2025 20:10:26.102] [main/DEBUG] [mixin/]: MixinPlatformAgentMinecraftForge rejected container SecureJarResource(itsnotreal)
[12Jul2025 20:10:26.102] [main/DEBUG] [mixin/]: Instancing new MixinPlatformAgentDefault for SecureJarResource(itsnotreal)
[12Jul2025 20:10:26.102] [main/DEBUG] [mixin/]: MixinPlatformAgentDefault accepted container SecureJarResource(itsnotreal)
[12Jul2025 20:10:26.102] [main/DEBUG] [mixin/]: Processing prepare() for PlatformAgent[MixinPlatformAgentDefault:SecureJarResource(itsnotreal)]
[12Jul2025 20:10:26.102] [main/DEBUG] [mixin/]: Adding mixin platform agents for container SecureJarResource(the_anomaly)
[12Jul2025 20:10:26.102] [main/DEBUG] [mixin/]: Instancing new MixinPlatformAgentMinecraftForge for SecureJarResource(the_anomaly)
[12Jul2025 20:10:26.102] [main/DEBUG] [mixin/]: MixinPlatformAgentMinecraftForge rejected container SecureJarResource(the_anomaly)
[12Jul2025 20:10:26.102] [main/DEBUG] [mixin/]: Instancing new MixinPlatformAgentDefault for SecureJarResource(the_anomaly)
[12Jul2025 20:10:26.102] [main/DEBUG] [mixin/]: MixinPlatformAgentDefault accepted container SecureJarResource(the_anomaly)
[12Jul2025 20:10:26.102] [main/DEBUG] [mixin/]: Processing prepare() for PlatformAgent[MixinPlatformAgentDefault:SecureJarResource(the_anomaly)]
[12Jul2025 20:10:26.102] [main/DEBUG] [mixin/]: Adding mixin platform agents for container SecureJarResource(fabric_networking_api_v1)
[12Jul2025 20:10:26.102] [main/DEBUG] [mixin/]: Instancing new MixinPlatformAgentMinecraftForge for SecureJarResource(fabric_networking_api_v1)
[12Jul2025 20:10:26.102] [main/DEBUG] [mixin/]: MixinPlatformAgentMinecraftForge rejected container SecureJarResource(fabric_networking_api_v1)
[12Jul2025 20:10:26.102] [main/DEBUG] [mixin/]: Instancing new MixinPlatformAgentDefault for SecureJarResource(fabric_networking_api_v1)
[12Jul2025 20:10:26.102] [main/DEBUG] [mixin/]: MixinPlatformAgentDefault accepted container SecureJarResource(fabric_networking_api_v1)
[12Jul2025 20:10:26.102] [main/DEBUG] [mixin/]: Processing prepare() for PlatformAgent[MixinPlatformAgentDefault:SecureJarResource(fabric_networking_api_v1)]
[12Jul2025 20:10:26.102] [main/DEBUG] [mixin/]: Registering mixin config: fabric-networking-api-v1.mixins.json
[12Jul2025 20:10:26.103] [main/DEBUG] [mixin/]: Compatibility level JAVA_16 specified by fabric-networking-api-v1.mixins.json is higher than the maximum level supported by this version of mixin (JAVA_13).
[12Jul2025 20:10:26.103] [main/DEBUG] [mixin/]: Registering mixin config: fabric-networking-api-v1.client.mixins.json
[12Jul2025 20:10:26.105] [main/DEBUG] [mixin/]: Compatibility level JAVA_16 specified by fabric-networking-api-v1.client.mixins.json is higher than the maximum level supported by this version of mixin (JAVA_13).
[12Jul2025 20:10:26.105] [main/DEBUG] [mixin/]: Adding mixin platform agents for container SecureJarResource(fabric_sound_api_v1)
[12Jul2025 20:10:26.105] [main/DEBUG] [mixin/]: Instancing new MixinPlatformAgentMinecraftForge for SecureJarResource(fabric_sound_api_v1)
[12Jul2025 20:10:26.105] [main/DEBUG] [mixin/]: MixinPlatformAgentMinecraftForge rejected container SecureJarResource(fabric_sound_api_v1)
[12Jul2025 20:10:26.105] [main/DEBUG] [mixin/]: Instancing new MixinPlatformAgentDefault for SecureJarResource(fabric_sound_api_v1)
[12Jul2025 20:10:26.105] [main/DEBUG] [mixin/]: MixinPlatformAgentDefault accepted container SecureJarResource(fabric_sound_api_v1)
[12Jul2025 20:10:26.105] [main/DEBUG] [mixin/]: Processing prepare() for PlatformAgent[MixinPlatformAgentDefault:SecureJarResource(fabric_sound_api_v1)]
[12Jul2025 20:10:26.105] [main/DEBUG] [mixin/]: Registering mixin config: fabric-sound-api-v1.mixins.json
[12Jul2025 20:10:26.107] [main/DEBUG] [mixin/]: Adding mixin platform agents for container SecureJarResource(mr_animated_doors)
[12Jul2025 20:10:26.107] [main/DEBUG] [mixin/]: Instancing new MixinPlatformAgentMinecraftForge for SecureJarResource(mr_animated_doors)
[12Jul2025 20:10:26.107] [main/DEBUG] [mixin/]: MixinPlatformAgentMinecraftForge rejected container SecureJarResource(mr_animated_doors)
[12Jul2025 20:10:26.107] [main/DEBUG] [mixin/]: Instancing new MixinPlatformAgentDefault for SecureJarResource(mr_animated_doors)
[12Jul2025 20:10:26.107] [main/DEBUG] [mixin/]: MixinPlatformAgentDefault accepted container SecureJarResource(mr_animated_doors)
[12Jul2025 20:10:26.107] [main/DEBUG] [mixin/]: Processing prepare() for PlatformAgent[MixinPlatformAgentDefault:SecureJarResource(mr_animated_doors)]
[12Jul2025 20:10:26.107] [main/DEBUG] [mixin/]: Adding mixin platform agents for container SecureJarResource(fabric_message_api_v1)
[12Jul2025 20:10:26.107] [main/DEBUG] [mixin/]: Instancing new MixinPlatformAgentMinecraftForge for SecureJarResource(fabric_message_api_v1)
[12Jul2025 20:10:26.107] [main/DEBUG] [mixin/]: MixinPlatformAgentMinecraftForge rejected container SecureJarResource(fabric_message_api_v1)
[12Jul2025 20:10:26.107] [main/DEBUG] [mixin/]: Instancing new MixinPlatformAgentDefault for SecureJarResource(fabric_message_api_v1)
[12Jul2025 20:10:26.107] [main/DEBUG] [mixin/]: MixinPlatformAgentDefault accepted container SecureJarResource(fabric_message_api_v1)
[12Jul2025 20:10:26.107] [main/DEBUG] [mixin/]: Processing prepare() for PlatformAgent[MixinPlatformAgentDefault:SecureJarResource(fabric_message_api_v1)]
[12Jul2025 20:10:26.107] [main/DEBUG] [mixin/]: Registering mixin config: fabric-message-api-v1.mixins.json
[12Jul2025 20:10:26.109] [main/DEBUG] [mixin/]: Compatibility level JAVA_16 specified by fabric-message-api-v1.mixins.json is higher than the maximum level supported by this version of mixin (JAVA_13).
[12Jul2025 20:10:26.109] [main/DEBUG] [mixin/]: Registering mixin config: fabric-message-api-v1.client.mixins.json
[12Jul2025 20:10:26.111] [main/DEBUG] [mixin/]: Adding mixin platform agents for container SecureJarResource(no_moon)
[12Jul2025 20:10:26.111] [main/DEBUG] [mixin/]: Instancing new MixinPlatformAgentMinecraftForge for SecureJarResource(no_moon)
[12Jul2025 20:10:26.111] [main/DEBUG] [mixin/]: MixinPlatformAgentMinecraftForge rejected container SecureJarResource(no_moon)
[12Jul2025 20:10:26.111] [main/DEBUG] [mixin/]: Instancing new MixinPlatformAgentDefault for SecureJarResource(no_moon)
[12Jul2025 20:10:26.111] [main/DEBUG] [mixin/]: MixinPlatformAgentDefault accepted container SecureJarResource(no_moon)
[12Jul2025 20:10:26.111] [main/DEBUG] [mixin/]: Processing prepare() for PlatformAgent[MixinPlatformAgentDefault:SecureJarResource(no_moon)]
[12Jul2025 20:10:26.111] [main/DEBUG] [mixin/]: Adding mixin platform agents for container SecureJarResource(fabric_lifecycle_events_v1)
[12Jul2025 20:10:26.111] [main/DEBUG] [mixin/]: Instancing new MixinPlatformAgentMinecraftForge for SecureJarResource(fabric_lifecycle_events_v1)
[12Jul2025 20:10:26.111] [main/DEBUG] [mixin/]: MixinPlatformAgentMinecraftForge rejected container SecureJarResource(fabric_lifecycle_events_v1)
[12Jul2025 20:10:26.111] [main/DEBUG] [mixin/]: Instancing new MixinPlatformAgentDefault for SecureJarResource(fabric_lifecycle_events_v1)
[12Jul2025 20:10:26.111] [main/DEBUG] [mixin/]: MixinPlatformAgentDefault accepted container SecureJarResource(fabric_lifecycle_events_v1)
[12Jul2025 20:10:26.111] [main/DEBUG] [mixin/]: Processing prepare() for PlatformAgent[MixinPlatformAgentDefault:SecureJarResource(fabric_lifecycle_events_v1)]
[12Jul2025 20:10:26.111] [main/DEBUG] [mixin/]: Registering mixin config: fabric-lifecycle-events-v1.mixins.json
[12Jul2025 20:10:26.113] [main/DEBUG] [mixin/]: Registering mixin config: fabric-lifecycle-events-v1.client.mixins.json
[12Jul2025 20:10:26.115] [main/DEBUG] [mixin/]: Compatibility level JAVA_16 specified by fabric-lifecycle-events-v1.client.mixins.json is higher than the maximum level supported by this version of mixin (JAVA_13).
[12Jul2025 20:10:26.115] [main/DEBUG] [mixin/]: Adding mixin platform agents for container SecureJarResource(skinrestorer)
[12Jul2025 20:10:26.115] [main/DEBUG] [mixin/]: Instancing new MixinPlatformAgentMinecraftForge for SecureJarResource(skinrestorer)
[12Jul2025 20:10:26.115] [main/DEBUG] [mixin/]: MixinPlatformAgentMinecraftForge rejected container SecureJarResource(skinrestorer)
[12Jul2025 20:10:26.115] [main/DEBUG] [mixin/]: Instancing new MixinPlatformAgentDefault for SecureJarResource(skinrestorer)
[12Jul2025 20:10:26.115] [main/DEBUG] [mixin/]: MixinPlatformAgentDefault accepted container SecureJarResource(skinrestorer)
[12Jul2025 20:10:26.115] [main/DEBUG] [mixin/]: Processing prepare() for PlatformAgent[MixinPlatformAgentDefault:SecureJarResource(skinrestorer)]
[12Jul2025 20:10:26.115] [main/DEBUG] [mixin/]: Registering mixin config: skinrestorer.mixins.json
[12Jul2025 20:10:26.117] [main/DEBUG] [mixin/]: Adding mixin platform agents for container SecureJarResource(fabric_data_generation_api_v1)
[12Jul2025 20:10:26.117] [main/DEBUG] [mixin/]: Instancing new MixinPlatformAgentMinecraftForge for SecureJarResource(fabric_data_generation_api_v1)
[12Jul2025 20:10:26.117] [main/DEBUG] [mixin/]: MixinPlatformAgentMinecraftForge rejected container SecureJarResource(fabric_data_generation_api_v1)
[12Jul2025 20:10:26.117] [main/DEBUG] [mixin/]: Instancing new MixinPlatformAgentDefault for SecureJarResource(fabric_data_generation_api_v1)
[12Jul2025 20:10:26.117] [main/DEBUG] [mixin/]: MixinPlatformAgentDefault accepted container SecureJarResource(fabric_data_generation_api_v1)
[12Jul2025 20:10:26.117] [main/DEBUG] [mixin/]: Processing prepare() for PlatformAgent[MixinPlatformAgentDefault:SecureJarResource(fabric_data_generation_api_v1)]
[12Jul2025 20:10:26.117] [main/DEBUG] [mixin/]: Registering mixin config: fabric-data-generation-api-v1.mixins.json
[12Jul2025 20:10:26.119] [main/DEBUG] [mixin/]: Compatibility level JAVA_16 specified by fabric-data-generation-api-v1.mixins.json is higher than the maximum level supported by this version of mixin (JAVA_13).
[12Jul2025 20:10:26.119] [main/DEBUG] [mixin/]: Adding mixin platform agents for container SecureJarResource(fabric_events_interaction_v0)
[12Jul2025 20:10:26.119] [main/DEBUG] [mixin/]: Instancing new MixinPlatformAgentMinecraftForge for SecureJarResource(fabric_events_interaction_v0)
[12Jul2025 20:10:26.119] [main/DEBUG] [mixin/]: MixinPlatformAgentMinecraftForge rejected container SecureJarResource(fabric_events_interaction_v0)
[12Jul2025 20:10:26.119] [main/DEBUG] [mixin/]: Instancing new MixinPlatformAgentDefault for SecureJarResource(fabric_events_interaction_v0)
[12Jul2025 20:10:26.119] [main/DEBUG] [mixin/]: MixinPlatformAgentDefault accepted container SecureJarResource(fabric_events_interaction_v0)
[12Jul2025 20:10:26.119] [main/DEBUG] [mixin/]: Processing prepare() for PlatformAgent[MixinPlatformAgentDefault:SecureJarResource(fabric_events_interaction_v0)]
[12Jul2025 20:10:26.119] [main/DEBUG] [mixin/]: Registering mixin config: fabric-events-interaction-v0.mixins.json
[12Jul2025 20:10:26.121] [main/DEBUG] [mixin/]: Compatibility level JAVA_16 specified by fabric-events-interaction-v0.mixins.json is higher than the maximum level supported by this version of mixin (JAVA_13).
[12Jul2025 20:10:26.121] [main/DEBUG] [mixin/]: Registering mixin config: fabric-events-interaction-v0.client.mixins.json
[12Jul2025 20:10:26.123] [main/DEBUG] [mixin/]: Compatibility level JAVA_16 specified by fabric-events-interaction-v0.client.mixins.json is higher than the maximum level supported by this version of mixin (JAVA_13).
[12Jul2025 20:10:26.123] [main/DEBUG] [mixin/]: Adding mixin platform agents for container SecureJarResource(god)
[12Jul2025 20:10:26.123] [main/DEBUG] [mixin/]: Instancing new MixinPlatformAgentMinecraftForge for SecureJarResource(god)
[12Jul2025 20:10:26.123] [main/DEBUG] [mixin/]: MixinPlatformAgentMinecraftForge rejected container SecureJarResource(god)
[12Jul2025 20:10:26.123] [main/DEBUG] [mixin/]: Instancing new MixinPlatformAgentDefault for SecureJarResource(god)
[12Jul2025 20:10:26.123] [main/DEBUG] [mixin/]: MixinPlatformAgentDefault accepted container SecureJarResource(god)
[12Jul2025 20:10:26.124] [main/DEBUG] [mixin/]: Processing prepare() for PlatformAgent[MixinPlatformAgentDefault:SecureJarResource(god)]
[12Jul2025 20:10:26.124] [main/DEBUG] [mixin/]: Adding mixin platform agents for container SecureJarResource(fabric_key_binding_api_v1)
[12Jul2025 20:10:26.124] [main/DEBUG] [mixin/]: Instancing new MixinPlatformAgentMinecraftForge for SecureJarResource(fabric_key_binding_api_v1)
[12Jul2025 20:10:26.124] [main/DEBUG] [mixin/]: MixinPlatformAgentMinecraftForge rejected container SecureJarResource(fabric_key_binding_api_v1)
[12Jul2025 20:10:26.124] [main/DEBUG] [mixin/]: Instancing new MixinPlatformAgentDefault for SecureJarResource(fabric_key_binding_api_v1)
[12Jul2025 20:10:26.124] [main/DEBUG] [mixin/]: MixinPlatformAgentDefault accepted container SecureJarResource(fabric_key_binding_api_v1)
[12Jul2025 20:10:26.124] [main/DEBUG] [mixin/]: Processing prepare() for PlatformAgent[MixinPlatformAgentDefault:SecureJarResource(fabric_key_binding_api_v1)]
[12Jul2025 20:10:26.124] [main/DEBUG] [mixin/]: Registering mixin config: fabric-key-binding-api-v1.mixins.json
[12Jul2025 20:10:26.125] [main/DEBUG] [mixin/]: Compatibility level JAVA_16 specified by fabric-key-binding-api-v1.mixins.json is higher than the maximum level supported by this version of mixin (JAVA_13).
[12Jul2025 20:10:26.126] [main/DEBUG] [mixin/]: Adding mixin platform agents for container SecureJarResource(fabric_client_tags_api_v1)
[12Jul2025 20:10:26.126] [main/DEBUG] [mixin/]: Instancing new MixinPlatformAgentMinecraftForge for SecureJarResource(fabric_client_tags_api_v1)
[12Jul2025 20:10:26.126] [main/DEBUG] [mixin/]: MixinPlatformAgentMinecraftForge rejected container SecureJarResource(fabric_client_tags_api_v1)
[12Jul2025 20:10:26.126] [main/DEBUG] [mixin/]: Instancing new MixinPlatformAgentDefault for SecureJarResource(fabric_client_tags_api_v1)
[12Jul2025 20:10:26.126] [main/DEBUG] [mixin/]: MixinPlatformAgentDefault accepted container SecureJarResource(fabric_client_tags_api_v1)
[12Jul2025 20:10:26.126] [main/DEBUG] [mixin/]: Processing prepare() for PlatformAgent[MixinPlatformAgentDefault:SecureJarResource(fabric_client_tags_api_v1)]
[12Jul2025 20:10:26.126] [main/DEBUG] [mixin/]: Adding mixin platform agents for container SecureJarResource(mclib)
[12Jul2025 20:10:26.126] [main/DEBUG] [mixin/]: Instancing new MixinPlatformAgentMinecraftForge for SecureJarResource(mclib)
[12Jul2025 20:10:26.126] [main/DEBUG] [mixin/]: MixinPlatformAgentMinecraftForge rejected container SecureJarResource(mclib)
[12Jul2025 20:10:26.126] [main/DEBUG] [mixin/]: Instancing new MixinPlatformAgentDefault for SecureJarResource(mclib)
[12Jul2025 20:10:26.126] [main/DEBUG] [mixin/]: MixinPlatformAgentDefault accepted container SecureJarResource(mclib)
[12Jul2025 20:10:26.126] [main/DEBUG] [mixin/]: Processing prepare() for PlatformAgent[MixinPlatformAgentDefault:SecureJarResource(mclib)]
[12Jul2025 20:10:26.126] [main/DEBUG] [mixin/]: Adding mixin platform agents for container SecureJarResource(java.client.SNAPSHOT)
[12Jul2025 20:10:26.126] [main/DEBUG] [mixin/]: Instancing new MixinPlatformAgentMinecraftForge for SecureJarResource(java.client.SNAPSHOT)
[12Jul2025 20:10:26.126] [main/DEBUG] [mixin/]: MixinPlatformAgentMinecraftForge rejected container SecureJarResource(java.client.SNAPSHOT)
[12Jul2025 20:10:26.126] [main/DEBUG] [mixin/]: Instancing new MixinPlatformAgentDefault for SecureJarResource(java.client.SNAPSHOT)
[12Jul2025 20:10:26.126] [main/DEBUG] [mixin/]: MixinPlatformAgentDefault accepted container SecureJarResource(java.client.SNAPSHOT)
[12Jul2025 20:10:26.126] [main/DEBUG] [mixin/]: Processing prepare() for PlatformAgent[MixinPlatformAgentDefault:SecureJarResource(java.client.SNAPSHOT)]
[12Jul2025 20:10:26.126] [main/DEBUG] [mixin/]: Adding mixin platform agents for container SecureJarResource(runtime._1._20._1)
[12Jul2025 20:10:26.126] [main/DEBUG] [mixin/]: Instancing new MixinPlatformAgentMinecraftForge for SecureJarResource(runtime._1._20._1)
[12Jul2025 20:10:26.126] [main/DEBUG] [mixin/]: MixinPlatformAgentMinecraftForge rejected container SecureJarResource(runtime._1._20._1)
[12Jul2025 20:10:26.126] [main/DEBUG] [mixin/]: Instancing new MixinPlatformAgentDefault for SecureJarResource(runtime._1._20._1)
[12Jul2025 20:10:26.126] [main/DEBUG] [mixin/]: MixinPlatformAgentDefault accepted container SecureJarResource(runtime._1._20._1)
[12Jul2025 20:10:26.126] [main/DEBUG] [mixin/]: Processing prepare() for PlatformAgent[MixinPlatformAgentDefault:SecureJarResource(runtime._1._20._1)]
[12Jul2025 20:10:26.127] [main/DEBUG] [mixin/]: Registering mixin config: adapter.init.mixins.json
[12Jul2025 20:10:26.128] [main/DEBUG] [mixin/]: Adding mixin platform agents for container SecureJarResource(MixinExtras)
[12Jul2025 20:10:26.128] [main/DEBUG] [mixin/]: Instancing new MixinPlatformAgentMinecraftForge for SecureJarResource(MixinExtras)
[12Jul2025 20:10:26.128] [main/DEBUG] [mixin/]: MixinPlatformAgentMinecraftForge rejected container SecureJarResource(MixinExtras)
[12Jul2025 20:10:26.128] [main/DEBUG] [mixin/]: Instancing new MixinPlatformAgentDefault for SecureJarResource(MixinExtras)
[12Jul2025 20:10:26.128] [main/DEBUG] [mixin/]: MixinPlatformAgentDefault accepted container SecureJarResource(MixinExtras)
[12Jul2025 20:10:26.128] [main/DEBUG] [mixin/]: Processing prepare() for PlatformAgent[MixinPlatformAgentDefault:SecureJarResource(MixinExtras)]
[12Jul2025 20:10:26.128] [main/DEBUG] [mixin/]: Adding mixin platform agents for container SecureJarResource(connector$authlib)
[12Jul2025 20:10:26.128] [main/DEBUG] [mixin/]: Instancing new MixinPlatformAgentMinecraftForge for SecureJarResource(connector$authlib)
[12Jul2025 20:10:26.128] [main/DEBUG] [mixin/]: MixinPlatformAgentMinecraftForge rejected container SecureJarResource(connector$authlib)
[12Jul2025 20:10:26.128] [main/DEBUG] [mixin/]: Instancing new MixinPlatformAgentDefault for SecureJarResource(connector$authlib)
[12Jul2025 20:10:26.128] [main/DEBUG] [mixin/]: MixinPlatformAgentDefault accepted container SecureJarResource(connector$authlib)
[12Jul2025 20:10:26.128] [main/DEBUG] [mixin/]: Processing prepare() for PlatformAgent[MixinPlatformAgentDefault:SecureJarResource(connector$authlib)]
[12Jul2025 20:10:26.129] [main/DEBUG] [mixin/]: inject() running with 87 agents
[12Jul2025 20:10:26.129] [main/DEBUG] [mixin/]: Processing inject() for PlatformAgent[MixinPlatformAgentDefault:ModLauncher Root Container(ModLauncher:4f56a0a2)]
[12Jul2025 20:10:26.129] [main/DEBUG] [mixin/]: Processing inject() for PlatformAgent[MixinPlatformAgentDefault:SecureJarResource(mixin_generated_classes)]
[12Jul2025 20:10:26.129] [main/DEBUG] [mixin/]: Processing inject() for PlatformAgent[MixinPlatformAgentDefault:SecureJarResource(fabric_transfer_api_v1)]
[12Jul2025 20:10:26.129] [main/DEBUG] [mixin/]: Processing inject() for PlatformAgent[MixinPlatformAgentDefault:SecureJarResource(fabric_dimensions_v1)]
[12Jul2025 20:10:26.129] [main/DEBUG] [mixin/]: Processing inject() for PlatformAgent[MixinPlatformAgentDefault:SecureJarResource(kuma_api)]
[12Jul2025 20:10:26.129] [main/DEBUG] [mixin/]: Processing inject() for PlatformAgent[MixinPlatformAgentDefault:SecureJarResource(fabric_renderer_api_v1)]
[12Jul2025 20:10:26.129] [main/DEBUG] [mixin/]: Processing inject() for PlatformAgent[MixinPlatformAgentDefault:SecureJarResource(animation_overhaul)]
[12Jul2025 20:10:26.129] [main/DEBUG] [mixin/]: Processing inject() for PlatformAgent[MixinPlatformAgentDefault:SecureJarResource(geckolib)]
[12Jul2025 20:10:26.129] [main/DEBUG] [mixin/]: Processing inject() for PlatformAgent[MixinPlatformAgentDefault:SecureJarResource(folk_sisby_kaleido_config)]
[12Jul2025 20:10:26.129] [main/DEBUG] [mixin/]: Processing inject() for PlatformAgent[MixinPlatformAgentDefault:SecureJarResource(playeranimator)]
[12Jul2025 20:10:26.129] [main/DEBUG] [mixin/]: Processing inject() for PlatformAgent[MixinPlatformAgentDefault:SecureJarResource(fabric_item_api_v1)]
[12Jul2025 20:10:26.129] [main/DEBUG] [mixin/]: Processing inject() for PlatformAgent[MixinPlatformAgentDefault:SecureJarResource(fabric_model_loading_api_v1)]
[12Jul2025 20:10:26.129] [main/DEBUG] [mixin/]: Processing inject() for PlatformAgent[MixinPlatformAgentDefault:SecureJarResource(sittingplus)]
[12Jul2025 20:10:26.129] [main/DEBUG] [mixin/]: Processing inject() for PlatformAgent[MixinPlatformAgentDefault:SecureJarResource(fabric_rendering_fluids_v1)]
[12Jul2025 20:10:26.129] [main/DEBUG] [mixin/]: Processing inject() for PlatformAgent[MixinPlatformAgentDefault:SecureJarResource(fabric_screen_handler_api_v1)]
[12Jul2025 20:10:26.129] [main/DEBUG] [mixin/]: Processing inject() for PlatformAgent[MixinPlatformAgentDefault:SecureJarResource(fabric_models_v0)]
[12Jul2025 20:10:26.129] [main/DEBUG] [mixin/]: Processing inject() for PlatformAgent[MixinPlatformAgentDefault:SecureJarResource(fabric_resource_loader_v0)]
[12Jul2025 20:10:26.129] [main/DEBUG] [mixin/]: Processing inject() for PlatformAgent[MixinPlatformAgentDefault:SecureJarResource(fabric_rendering_v1)]
[12Jul2025 20:10:26.129] [main/DEBUG] [mixin/]: Processing inject() for PlatformAgent[MixinPlatformAgentDefault:SecureJarResource(waystones)]
[12Jul2025 20:10:26.129] [main/DEBUG] [mixin/]: Processing inject() for PlatformAgent[MixinPlatformAgentDefault:SecureJarResource(fabric_renderer_indigo)]
[12Jul2025 20:10:26.129] [main/DEBUG] [mixin/]: Processing inject() for PlatformAgent[MixinPlatformAgentDefault:SecureJarResource(fabric_convention_tags_v1)]
[12Jul2025 20:10:26.130] [main/DEBUG] [mixin/]: Processing inject() for PlatformAgent[MixinPlatformAgentDefault:SecureJarResource(fabric_mining_level_api_v1)]
[12Jul2025 20:10:26.130] [main/DEBUG] [mixin/]: Processing inject() for PlatformAgent[MixinPlatformAgentDefault:SecureJarResource(fabric_command_api_v1)]
[12Jul2025 20:10:26.130] [main/DEBUG] [mixin/]: Processing inject() for PlatformAgent[MixinPlatformAgentDefault:SecureJarResource(fromtheshadows)]
[12Jul2025 20:10:26.130] [main/DEBUG] [mixin/]: Processing inject() for PlatformAgent[MixinPlatformAgentDefault:SecureJarResource(fabric_block_view_api_v2)]
[12Jul2025 20:10:26.130] [main/DEBUG] [mixin/]: Processing inject() for PlatformAgent[MixinPlatformAgentDefault:SecureJarResource(fabric_command_api_v2)]
[12Jul2025 20:10:26.130] [main/DEBUG] [mixin/]: Processing inject() for PlatformAgent[MixinPlatformAgentDefault:SecureJarResource(configured)]
[12Jul2025 20:10:26.130] [main/DEBUG] [mixin/]: Processing inject() for PlatformAgent[MixinPlatformAgentDefault:SecureJarResource(fabric_data_attachment_api_v1)]
[12Jul2025 20:10:26.130] [main/DEBUG] [mixin/]: Processing inject() for PlatformAgent[MixinPlatformAgentDefault:SecureJarResource(mixinextras)]
[12Jul2025 20:10:26.130] [main/DEBUG] [mixin/]: Processing inject() for PlatformAgent[MixinPlatformAgentDefault:SecureJarResource(surveyor)]
[12Jul2025 20:10:26.130] [main/DEBUG] [mixin/]: Processing inject() for PlatformAgent[MixinPlatformAgentDefault:SecureJarResource(balm)]
[12Jul2025 20:10:26.130] [main/DEBUG] [mixin/]: Processing inject() for PlatformAgent[MixinPlatformAgentDefault:SecureJarResource(fabric_screen_api_v1)]
[12Jul2025 20:10:26.130] [main/DEBUG] [mixin/]: Processing inject() for PlatformAgent[MixinPlatformAgentDefault:SecureJarResource(antique_atlas)]
[12Jul2025 20:10:26.130] [main/DEBUG] [mixin/]: Processing inject() for PlatformAgent[MixinPlatformAgentDefault:SecureJarResource(cameraoverhaul)]
[12Jul2025 20:10:26.130] [main/DEBUG] [mixin/]: Processing inject() for PlatformAgent[MixinPlatformAgentDefault:SecureJarResource(fabric_particles_v1)]
[12Jul2025 20:10:26.130] [main/DEBUG] [mixin/]: Processing inject() for PlatformAgent[MixinPlatformAgentDefault:SecureJarResource(forge)]
[12Jul2025 20:10:26.130] [main/DEBUG] [mixin/]: Processing inject() for PlatformAgent[MixinPlatformAgentDefault:SecureJarResource(fabric_api)]
[12Jul2025 20:10:26.130] [main/DEBUG] [mixin/]: Processing inject() for PlatformAgent[MixinPlatformAgentDefault:SecureJarResource(fabric_content_registries_v0)]
[12Jul2025 20:10:26.130] [main/DEBUG] [mixin/]: Processing inject() for PlatformAgent[MixinPlatformAgentDefault:SecureJarResource(fabric_transitive_access_wideners_v1)]
[12Jul2025 20:10:26.130] [main/DEBUG] [mixin/]: Processing inject() for PlatformAgent[MixinPlatformAgentDefault:SecureJarResource(nyfsspiders)]
[12Jul2025 20:10:26.130] [main/DEBUG] [mixin/]: Processing inject() for PlatformAgent[MixinPlatformAgentDefault:SecureJarResource(minecraft)]
[12Jul2025 20:10:26.130] [main/DEBUG] [mixin/]: Processing inject() for PlatformAgent[MixinPlatformAgentDefault:SecureJarResource(death_angels)]
[12Jul2025 20:10:26.130] [main/DEBUG] [mixin/]: Processing inject() for PlatformAgent[MixinPlatformAgentDefault:SecureJarResource(befalltwo)]
[12Jul2025 20:10:26.130] [main/DEBUG] [mixin/]: Processing inject() for PlatformAgent[MixinPlatformAgentDefault:SecureJarResource(midnightlurker)]
[12Jul2025 20:10:26.130] [main/DEBUG] [mixin/]: Processing inject() for PlatformAgent[MixinPlatformAgentDefault:SecureJarResource(fabric_game_rule_api_v1)]
[12Jul2025 20:10:26.130] [main/DEBUG] [mixin/]: Processing inject() for PlatformAgent[MixinPlatformAgentDefault:SecureJarResource(fabric_api_base)]
[12Jul2025 20:10:26.130] [main/DEBUG] [mixin/]: Processing inject() for PlatformAgent[MixinPlatformAgentDefault:SecureJarResource(necronomicon)]
[12Jul2025 20:10:26.130] [main/DEBUG] [mixin/]: Processing inject() for PlatformAgent[MixinPlatformAgentDefault:SecureJarResource(fabric_api_lookup_api_v1)]
[12Jul2025 20:10:26.130] [main/DEBUG] [mixin/]: Processing inject() for PlatformAgent[MixinPlatformAgentDefault:SecureJarResource(fabric_blockrenderlayer_v1)]
[12Jul2025 20:10:26.130] [main/DEBUG] [mixin/]: Processing inject() for PlatformAgent[MixinPlatformAgentDefault:SecureJarResource(jade)]
[12Jul2025 20:10:26.131] [main/DEBUG] [mixin/]: Processing inject() for PlatformAgent[MixinPlatformAgentDefault:SecureJarResource(obscure_tooltips)]
[12Jul2025 20:10:26.131] [main/DEBUG] [mixin/]: Processing inject() for PlatformAgent[MixinPlatformAgentDefault:SecureJarResource(creativecore)]
[12Jul2025 20:10:26.131] [main/DEBUG] [mixin/]: Processing inject() for PlatformAgent[MixinPlatformAgentDefault:SecureJarResource(chunky)]
[12Jul2025 20:10:26.131] [main/DEBUG] [mixin/]: Processing inject() for PlatformAgent[MixinPlatformAgentDefault:SecureJarResource(fabric_block_api_v1)]
[12Jul2025 20:10:26.131] [main/DEBUG] [mixin/]: Processing inject() for PlatformAgent[MixinPlatformAgentDefault:SecureJarResource(fabric_resource_conditions_api_v1)]
[12Jul2025 20:10:26.131] [main/DEBUG] [mixin/]: Processing inject() for PlatformAgent[MixinPlatformAgentDefault:SecureJarResource(a_good_place)]
[12Jul2025 20:10:26.131] [main/DEBUG] [mixin/]: Processing inject() for PlatformAgent[MixinPlatformAgentDefault:SecureJarResource(man)]
[12Jul2025 20:10:26.131] [main/DEBUG] [mixin/]: Processing inject() for PlatformAgent[MixinPlatformAgentDefault:SecureJarResource(fabric_item_group_api_v1)]
[12Jul2025 20:10:26.131] [main/DEBUG] [mixin/]: Processing inject() for PlatformAgent[MixinPlatformAgentDefault:SecureJarResource(connectormod)]
[12Jul2025 20:10:26.131] [main/DEBUG] [mixin/]: Processing inject() for PlatformAgent[MixinPlatformAgentDefault:SecureJarResource(fabric_biome_api_v1)]
[12Jul2025 20:10:26.131] [main/DEBUG] [mixin/]: Processing inject() for PlatformAgent[MixinPlatformAgentDefault:SecureJarResource(fabric_entity_events_v1)]
[12Jul2025 20:10:26.131] [main/DEBUG] [mixin/]: Processing inject() for PlatformAgent[MixinPlatformAgentDefault:SecureJarResource(antlers)]
[12Jul2025 20:10:26.131] [main/DEBUG] [mixin/]: Processing inject() for PlatformAgent[MixinPlatformAgentDefault:SecureJarResource(fabric_registry_sync_v0)]
[12Jul2025 20:10:26.131] [main/DEBUG] [mixin/]: Processing inject() for PlatformAgent[MixinPlatformAgentDefault:SecureJarResource(bwrtherain)]
[12Jul2025 20:10:26.131] [main/DEBUG] [mixin/]: Processing inject() for PlatformAgent[MixinPlatformAgentDefault:SecureJarResource(fabric_recipe_api_v1)]
[12Jul2025 20:10:26.131] [main/DEBUG] [mixin/]: Processing inject() for PlatformAgent[MixinPlatformAgentDefault:SecureJarResource(fabric_loot_api_v2)]
[12Jul2025 20:10:26.131] [main/DEBUG] [mixin/]: Processing inject() for PlatformAgent[MixinPlatformAgentDefault:SecureJarResource(fabric_object_builder_api_v1)]
[12Jul2025 20:10:26.131] [main/DEBUG] [mixin/]: Processing inject() for PlatformAgent[MixinPlatformAgentDefault:SecureJarResource(fabric_rendering_data_attachment_v1)]
[12Jul2025 20:10:26.131] [main/DEBUG] [mixin/]: Processing inject() for PlatformAgent[MixinPlatformAgentDefault:SecureJarResource(itsnotreal)]
[12Jul2025 20:10:26.131] [main/DEBUG] [mixin/]: Processing inject() for PlatformAgent[MixinPlatformAgentDefault:SecureJarResource(the_anomaly)]
[12Jul2025 20:10:26.131] [main/DEBUG] [mixin/]: Processing inject() for PlatformAgent[MixinPlatformAgentDefault:SecureJarResource(fabric_networking_api_v1)]
[12Jul2025 20:10:26.131] [main/DEBUG] [mixin/]: Processing inject() for PlatformAgent[MixinPlatformAgentDefault:SecureJarResource(fabric_sound_api_v1)]
[12Jul2025 20:10:26.131] [main/DEBUG] [mixin/]: Processing inject() for PlatformAgent[MixinPlatformAgentDefault:SecureJarResource(mr_animated_doors)]
[12Jul2025 20:10:26.131] [main/DEBUG] [mixin/]: Processing inject() for PlatformAgent[MixinPlatformAgentDefault:SecureJarResource(fabric_message_api_v1)]
[12Jul2025 20:10:26.131] [main/DEBUG] [mixin/]: Processing inject() for PlatformAgent[MixinPlatformAgentDefault:SecureJarResource(no_moon)]
[12Jul2025 20:10:26.131] [main/DEBUG] [mixin/]: Processing inject() for PlatformAgent[MixinPlatformAgentDefault:SecureJarResource(fabric_lifecycle_events_v1)]
[12Jul2025 20:10:26.132] [main/DEBUG] [mixin/]: Processing inject() for PlatformAgent[MixinPlatformAgentDefault:SecureJarResource(skinrestorer)]
[12Jul2025 20:10:26.132] [main/DEBUG] [mixin/]: Processing inject() for PlatformAgent[MixinPlatformAgentDefault:SecureJarResource(fabric_data_generation_api_v1)]
[12Jul2025 20:10:26.132] [main/DEBUG] [mixin/]: Processing inject() for PlatformAgent[MixinPlatformAgentDefault:SecureJarResource(fabric_events_interaction_v0)]
[12Jul2025 20:10:26.132] [main/DEBUG] [mixin/]: Processing inject() for PlatformAgent[MixinPlatformAgentDefault:SecureJarResource(god)]
[12Jul2025 20:10:26.132] [main/DEBUG] [mixin/]: Processing inject() for PlatformAgent[MixinPlatformAgentDefault:SecureJarResource(fabric_key_binding_api_v1)]
[12Jul2025 20:10:26.132] [main/DEBUG] [mixin/]: Processing inject() for PlatformAgent[MixinPlatformAgentDefault:SecureJarResource(fabric_client_tags_api_v1)]
[12Jul2025 20:10:26.132] [main/DEBUG] [mixin/]: Processing inject() for PlatformAgent[MixinPlatformAgentDefault:SecureJarResource(mclib)]
[12Jul2025 20:10:26.132] [main/DEBUG] [mixin/]: Processing inject() for PlatformAgent[MixinPlatformAgentDefault:SecureJarResource(java.client.SNAPSHOT)]
[12Jul2025 20:10:26.132] [main/DEBUG] [mixin/]: Processing inject() for PlatformAgent[MixinPlatformAgentDefault:SecureJarResource(runtime._1._20._1)]
[12Jul2025 20:10:26.132] [main/DEBUG] [mixin/]: Processing inject() for PlatformAgent[MixinPlatformAgentDefault:SecureJarResource(MixinExtras)]
[12Jul2025 20:10:26.132] [main/DEBUG] [mixin/]: Processing inject() for PlatformAgent[MixinPlatformAgentDefault:SecureJarResource(connector$authlib)]
[12Jul2025 20:10:26.134] [main/DEBUG] [org.sinytra.connector.loader.ConnectorEarlyLoader/]: Starting early connector loader setup
[12Jul2025 20:10:26.143] [main/INFO] [cpw.mods.modlauncher.LaunchServiceHandler/MODLAUNCHER]: Launching target 'forgeserver' with arguments [nogui]
[12Jul2025 20:10:26.166] [main/DEBUG] [mixin/]: Error cleaning class output directory: .mixin.out
[12Jul2025 20:10:26.170] [main/DEBUG] [mixin/]: Preparing mixins for MixinEnvironment[DEFAULT]
[12Jul2025 20:10:26.170] [main/DEBUG] [mixin/]: Selecting config fabric-transfer-api-v1.mixins.json
[12Jul2025 20:10:26.179] [main/DEBUG] [mixin/]: Selecting config kuma_api.mixins.json
[12Jul2025 20:10:26.181] [main/DEBUG] [mixin/]: Selecting config kuma_api.forge.mixins.json
[12Jul2025 20:10:26.183] [main/DEBUG] [mixin/]: Selecting config fabric-renderer-api-v1.mixins.json
[12Jul2025 20:10:26.184] [main/DEBUG] [mixin/]: Selecting config fabric-renderer-api-v1.debughud.mixins.json
[12Jul2025 20:10:26.186] [main/DEBUG] [mixin/]: Selecting config animation_overhaul.mixins.json
[12Jul2025 20:10:26.187] [main/DEBUG] [mixin/]: Selecting config geckolib.mixins.json
[12Jul2025 20:10:26.189] [main/DEBUG] [mixin/]: Selecting config playerAnimator-common.mixins.json
[12Jul2025 20:10:26.200] [main/DEBUG] [mixin/]: Selecting config fabric-item-api-v1.mixins.json
[12Jul2025 20:10:26.202] [main/DEBUG] [mixin/]: Selecting config fabric-item-api-v1.client.mixins.json
[12Jul2025 20:10:26.204] [main/DEBUG] [mixin/]: Selecting config fabric-model-loading-api-v1.mixins.json
[12Jul2025 20:10:26.206] [main/DEBUG] [mixin/]: Selecting config sittingplus.mixins.json
[12Jul2025 20:10:26.208] [main/WARN] [mixin/]: Reference map 'sittingplus.refmap.json' for sittingplus.mixins.json could not be read. If this is a development environment you can ignore this message
[12Jul2025 20:10:26.208] [main/DEBUG] [mixin/]: Selecting config fabric-rendering-fluids-v1.mixins.json
[12Jul2025 20:10:26.210] [main/DEBUG] [mixin/]: Selecting config fabric-screen-handler-api-v1.mixins.json
[12Jul2025 20:10:26.212] [main/DEBUG] [mixin/]: Selecting config fabric-resource-loader-v0.mixins.json
[12Jul2025 20:10:26.214] [main/DEBUG] [mixin/]: Selecting config fabric-resource-loader-v0.client.mixins.json
[12Jul2025 20:10:26.216] [main/DEBUG] [mixin/]: Selecting config fabric-rendering-v1.mixins.json
[12Jul2025 20:10:26.219] [main/DEBUG] [mixin/]: Selecting config waystones.mixins.json
[12Jul2025 20:10:26.220] [main/DEBUG] [mixin/]: Selecting config fabric-renderer-indigo.mixins.json
[12Jul2025 20:10:26.223] [main/DEBUG] [mixin/]: Selecting config fabric-mining-level-api-v1.mixins.json
[12Jul2025 20:10:26.224] [main/DEBUG] [mixin/]: Selecting config fabric-block-view-api-v2.mixins.json
[12Jul2025 20:10:26.226] [main/DEBUG] [mixin/]: Selecting config fabric-block-view-api-v2.client.mixins.json
[12Jul2025 20:10:26.227] [main/DEBUG] [mixin/]: Selecting config fabric-command-api-v2.mixins.json
[12Jul2025 20:10:26.228] [main/DEBUG] [mixin/]: Selecting config fabric-command-api-v2.client.mixins.json
[12Jul2025 20:10:26.230] [main/DEBUG] [mixin/]: Selecting config configured.common.mixins.json
[12Jul2025 20:10:26.231] [main/DEBUG] [mixin/]: Selecting config fabric-data-attachment-api-v1.mixins.json
[12Jul2025 20:10:26.232] [main/DEBUG] [mixin/]: Selecting config fabric-data-attachment-api-v1.client.mixins.json
[12Jul2025 20:10:26.234] [main/DEBUG] [mixin/]: Selecting config mixinextras.init.mixins.json
[12Jul2025 20:10:26.262] [main/DEBUG] [MixinExtras|Service/]: com.llamalad7.mixinextras.service.MixinExtrasServiceImpl(version=0.3.6) is taking over from null
[12Jul2025 20:10:26.293] [main/DEBUG] [mixin/]: Registering new injector for @Inject with org.spongepowered.asm.mixin.injection.struct.CallbackInjectionInfo
[12Jul2025 20:10:26.295] [main/DEBUG] [mixin/]: Registering new injector for @ModifyArg with org.spongepowered.asm.mixin.injection.struct.ModifyArgInjectionInfo
[12Jul2025 20:10:26.296] [main/DEBUG] [mixin/]: Registering new injector for @ModifyArgs with org.spongepowered.asm.mixin.injection.struct.ModifyArgsInjectionInfo
[12Jul2025 20:10:26.298] [main/DEBUG] [mixin/]: Registering new injector for @Redirect with org.spongepowered.asm.mixin.injection.struct.RedirectInjectionInfo
[12Jul2025 20:10:26.299] [main/DEBUG] [mixin/]: Registering new injector for @ModifyVariable with org.spongepowered.asm.mixin.injection.struct.ModifyVariableInjectionInfo
[12Jul2025 20:10:26.300] [main/DEBUG] [mixin/]: Registering new injector for @ModifyConstant with org.spongepowered.asm.mixin.injection.struct.ModifyConstantInjectionInfo
[12Jul2025 20:10:26.314] [main/DEBUG] [mixin/]: Selecting config surveyor.mixins.json
[12Jul2025 20:10:26.317] [main/DEBUG] [mixin/]: Selecting config balm.mixins.json
[12Jul2025 20:10:26.320] [main/DEBUG] [mixin/]: Selecting config fabric-screen-api-v1.mixins.json
[12Jul2025 20:10:26.322] [main/DEBUG] [mixin/]: Selecting config cameraoverhaul.mixins.json
[12Jul2025 20:10:26.325] [main/DEBUG] [mixin/]: Selecting config fabric-particles-v1.client.mixins.json
[12Jul2025 20:10:26.327] [main/DEBUG] [mixin/]: Selecting config fabric-content-registries-v0.mixins.json
[12Jul2025 20:10:26.330] [main/DEBUG] [mixin/]: Selecting config nyfsspiders.mixins.json
[12Jul2025 20:10:26.332] [main/DEBUG] [mixin/]: Selecting config fabric-game-rule-api-v1.mixins.json
[12Jul2025 20:10:26.335] [main/DEBUG] [mixin/]: Selecting config fabric-game-rule-api-v1.client.mixins.json
[12Jul2025 20:10:26.337] [main/DEBUG] [mixin/]: Selecting config fabric-api-base.init.mixins.json
[12Jul2025 20:10:26.346] [main/DEBUG] [mixin/]: Selecting config necronomicon-common.mixins.json
[12Jul2025 20:10:26.348] [main/DEBUG] [mixin/]: Selecting config fabric-api-lookup-api-v1.mixins.json
[12Jul2025 20:10:26.350] [main/DEBUG] [mixin/]: Selecting config fabric-blockrenderlayer-v1.mixins.json
[12Jul2025 20:10:26.352] [main/DEBUG] [mixin/]: Selecting config jade.mixins.json
[12Jul2025 20:10:26.353] [main/DEBUG] [mixin/]: Selecting config obscure_tooltips.mixins.json
[12Jul2025 20:10:26.355] [main/DEBUG] [mixin/]: Selecting config creativecore.mixins.json
[12Jul2025 20:10:26.358] [main/DEBUG] [mixin/]: Selecting config creativecore.forge.mixins.json
[12Jul2025 20:10:26.360] [main/DEBUG] [mixin/]: Selecting config fabric-resource-conditions-api-v1.mixins.json
[12Jul2025 20:10:26.362] [main/DEBUG] [mixin/]: Selecting config a_good_place.mixins.json
[12Jul2025 20:10:26.364] [main/DEBUG] [mixin/]: Selecting config a_good_place-common.mixins.json
[12Jul2025 20:10:26.366] [main/DEBUG] [mixin/]: Selecting config fabric-item-group-api-v1.mixins.json
[12Jul2025 20:10:26.368] [main/DEBUG] [mixin/]: Selecting config fabric-item-group-api-v1.client.mixins.json
[12Jul2025 20:10:26.370] [main/DEBUG] [mixin/]: Selecting config connectormod.mixins.json
[12Jul2025 20:10:26.379] [main/DEBUG] [mixin/]: Selecting config fabric-biome-api-v1.mixins.json
[12Jul2025 20:10:26.381] [main/DEBUG] [mixin/]: Selecting config fabric-entity-events-v1.mixins.json
[12Jul2025 20:10:26.384] [main/DEBUG] [mixin/]: Selecting config fabric-entity-events-v1.client.mixins.json
[12Jul2025 20:10:26.387] [main/DEBUG] [mixin/]: Selecting config fabric-registry-sync-v0.mixins.json
[12Jul2025 20:10:26.389] [main/DEBUG] [mixin/]: Selecting config fabric-registry-sync-v0.client.mixins.json
[12Jul2025 20:10:26.392] [main/DEBUG] [mixin/]: Selecting config fabric-recipe-api-v1.mixins.json
[12Jul2025 20:10:26.395] [main/DEBUG] [mixin/]: Selecting config fabric-loot-api-v2.mixins.json
[12Jul2025 20:10:26.397] [main/DEBUG] [mixin/]: Selecting config fabric-object-builder-v1.mixins.json
[12Jul2025 20:10:26.401] [main/DEBUG] [mixin/]: Selecting config fabric-rendering-data-attachment-v1.mixins.json
[12Jul2025 20:10:26.403] [main/DEBUG] [mixin/]: Selecting config fabric-rendering-data-attachment-v1.client.mixins.json
[12Jul2025 20:10:26.406] [main/DEBUG] [mixin/]: Selecting config fabric-networking-api-v1.mixins.json
[12Jul2025 20:10:26.409] [main/DEBUG] [mixin/]: Selecting config fabric-networking-api-v1.client.mixins.json
[12Jul2025 20:10:26.412] [main/DEBUG] [mixin/]: Selecting config fabric-sound-api-v1.mixins.json
[12Jul2025 20:10:26.413] [main/DEBUG] [mixin/]: Selecting config fabric-message-api-v1.mixins.json
[12Jul2025 20:10:26.415] [main/DEBUG] [mixin/]: Selecting config fabric-message-api-v1.client.mixins.json
[12Jul2025 20:10:26.418] [main/DEBUG] [mixin/]: Selecting config fabric-lifecycle-events-v1.mixins.json
[12Jul2025 20:10:26.422] [main/DEBUG] [mixin/]: Selecting config fabric-lifecycle-events-v1.client.mixins.json
[12Jul2025 20:10:26.424] [main/DEBUG] [mixin/]: Selecting config skinrestorer.mixins.json
[12Jul2025 20:10:26.428] [main/DEBUG] [mixin/]: Selecting config fabric-data-generation-api-v1.mixins.json
[12Jul2025 20:10:26.429] [main/DEBUG] [mixin/]: Selecting config fabric-events-interaction-v0.mixins.json
[12Jul2025 20:10:26.431] [main/DEBUG] [mixin/]: Selecting config fabric-events-interaction-v0.client.mixins.json
[12Jul2025 20:10:26.433] [main/DEBUG] [mixin/]: Selecting config fabric-key-binding-api-v1.mixins.json
[12Jul2025 20:10:26.434] [main/DEBUG] [mixin/]: Selecting config adapter.init.mixins.json
[12Jul2025 20:10:26.438] [main/DEBUG] [mixin/]: Registering new injector for @ModifyInstanceofValue with org.sinytra.adapter.runtime.inject.ModifyInstanceofValueInjectionInfo
[12Jul2025 20:10:26.441] [main/WARN] [mixin/]: Reference map '' for adapter.init.mixins.json could not be read. If this is a development environment you can ignore this message
[12Jul2025 20:10:26.442] [main/DEBUG] [mixin/]: Preparing fabric-transfer-api-v1.mixins.json (9)
[12Jul2025 20:10:26.483] [main/DEBUG] [net.minecraftforge.coremod.transformer.CoreModBaseTransformer/COREMOD]: Transforming net/minecraft/world/item/BucketItem
[12Jul2025 20:10:26.512] [main/DEBUG] [mixin/]: Preparing kuma_api.mixins.json (1)
[12Jul2025 20:10:26.512] [main/DEBUG] [mixin/]: Preparing kuma_api.forge.mixins.json (0)
[12Jul2025 20:10:26.512] [main/DEBUG] [mixin/]: Preparing fabric-renderer-api-v1.mixins.json (5)
[12Jul2025 20:10:26.512] [main/DEBUG] [mixin/]: Preparing fabric-renderer-api-v1.debughud.mixins.json (1)
[12Jul2025 20:10:26.512] [main/DEBUG] [mixin/]: Preparing animation_overhaul.mixins.json (3)
[12Jul2025 20:10:26.512] [main/DEBUG] [mixin/]: Preparing geckolib.mixins.json (1)
[12Jul2025 20:10:26.512] [main/DEBUG] [mixin/]: Preparing playerAnimator-common.mixins.json (14)
[12Jul2025 20:10:26.512] [main/DEBUG] [mixin/]: Preparing fabric-item-api-v1.mixins.json (2)
[12Jul2025 20:10:26.517] [main/DEBUG] [net.minecraftforge.coremod.transformer.CoreModBaseTransformer/COREMOD]: Transforming net/minecraft/world/item/ItemStack
[12Jul2025 20:10:26.546] [main/DEBUG] [mixin/]: Preparing fabric-item-api-v1.client.mixins.json (1)
[12Jul2025 20:10:26.546] [main/DEBUG] [mixin/]: Preparing fabric-model-loading-api-v1.mixins.json (3)
[12Jul2025 20:10:26.546] [main/DEBUG] [mixin/]: Preparing sittingplus.mixins.json (0)
[12Jul2025 20:10:26.546] [main/DEBUG] [mixin/]: Preparing fabric-rendering-fluids-v1.mixins.json (2)
[12Jul2025 20:10:26.546] [main/DEBUG] [mixin/]: Preparing fabric-screen-handler-api-v1.mixins.json (4)
[12Jul2025 20:10:26.568] [main/DEBUG] [mixin/]: Preparing fabric-resource-loader-v0.mixins.json (6)
[12Jul2025 20:10:26.612] [main/DEBUG] [mixin/]: Preparing fabric-resource-loader-v0.client.mixins.json (4)
[12Jul2025 20:10:26.612] [main/DEBUG] [mixin/]: Preparing fabric-rendering-v1.mixins.json (11)
[12Jul2025 20:10:26.612] [main/DEBUG] [mixin/]: Preparing waystones.mixins.json (3)
[12Jul2025 20:10:26.623] [main/DEBUG] [mixin/]: Preparing fabric-renderer-indigo.mixins.json (5)
[12Jul2025 20:10:26.623] [main/DEBUG] [mixin/]: Preparing fabric-mining-level-api-v1.mixins.json (3)
[12Jul2025 20:10:26.629] [main/DEBUG] [mixin/]: Preparing fabric-block-view-api-v2.mixins.json (2)
[12Jul2025 20:10:26.634] [main/DEBUG] [mixin/]: Preparing fabric-block-view-api-v2.client.mixins.json (2)
[12Jul2025 20:10:26.634] [main/DEBUG] [mixin/]: Preparing fabric-command-api-v2.mixins.json (1)
[12Jul2025 20:10:26.640] [main/DEBUG] [mixin/]: Preparing fabric-command-api-v2.client.mixins.json (2)
[12Jul2025 20:10:26.640] [main/DEBUG] [mixin/]: Preparing configured.common.mixins.json (2)
[12Jul2025 20:10:26.640] [main/DEBUG] [mixin/]: Preparing fabric-data-attachment-api-v1.mixins.json (8)
[12Jul2025 20:10:26.708] [main/DEBUG] [mixin/]: Preparing fabric-data-attachment-api-v1.client.mixins.json (1)
[12Jul2025 20:10:26.708] [main/DEBUG] [mixin/]: Preparing mixinextras.init.mixins.json (0)
[12Jul2025 20:10:26.708] [main/DEBUG] [mixin/]: Preparing surveyor.mixins.json (9)
[12Jul2025 20:10:26.722] [main/DEBUG] [mixin/]: Preparing balm.mixins.json (16)
[12Jul2025 20:10:26.739] [main/DEBUG] [mixin/]: Preparing fabric-screen-api-v1.mixins.json (4)
[12Jul2025 20:10:26.741] [main/ERROR] [net.minecraftforge.fml.loading.RuntimeDistCleaner/DISTXFORM]: Attempted to load class net/minecraft/client/MouseHandler for invalid dist DEDICATED_SERVER
[12Jul2025 20:10:26.742] [main/WARN] [mixin/]: Error loading class: net/minecraft/client/MouseHandler (java.lang.RuntimeException: Attempted to load class net/minecraft/client/MouseHandler for invalid dist DEDICATED_SERVER)
[12Jul2025 20:10:26.742] [main/WARN] [mixin/]: @Mixin target net.minecraft.client.MouseHandler was not found fabric-screen-api-v1.mixins.json:MouseMixin from mod fabric_screen_api_v1
[12Jul2025 20:10:26.744] [main/ERROR] [net.minecraftforge.fml.loading.RuntimeDistCleaner/DISTXFORM]: Attempted to load class net/minecraft/client/gui/screens/Screen for invalid dist DEDICATED_SERVER
[12Jul2025 20:10:26.744] [main/WARN] [mixin/]: Error loading class: net/minecraft/client/gui/screens/Screen (java.lang.RuntimeException: Attempted to load class net/minecraft/client/gui/screens/Screen for invalid dist DEDICATED_SERVER)
[12Jul2025 20:10:26.744] [main/WARN] [mixin/]: @Mixin target net.minecraft.client.gui.screens.Screen was not found fabric-screen-api-v1.mixins.json:ScreenAccessor from mod fabric_screen_api_v1
[12Jul2025 20:10:26.745] [main/DEBUG] [mixin/]: Preparing cameraoverhaul.mixins.json (2)
[12Jul2025 20:10:26.745] [main/DEBUG] [mixin/]: Preparing fabric-particles-v1.client.mixins.json (4)
[12Jul2025 20:10:26.745] [main/DEBUG] [mixin/]: Preparing fabric-content-registries-v0.mixins.json (8)
[12Jul2025 20:10:26.773] [main/DEBUG] [net.minecraftforge.coremod.transformer.CoreModBaseTransformer/COREMOD]: Transforming net/minecraft/world/entity/npc/Villager
[12Jul2025 20:10:27.063] [main/DEBUG] [mixin/]: Preparing nyfsspiders.mixins.json (7)
[12Jul2025 20:10:27.075] [main/DEBUG] [net.minecraftforge.coremod.transformer.CoreModBaseTransformer/COREMOD]: Transforming net/minecraft/world/entity/monster/Spider
[12Jul2025 20:10:27.116] [main/DEBUG] [net.minecraftforge.coremod.transformer.CoreModBaseTransformer/COREMOD]: Transforming m_147215_ with desc (Lnet/minecraft/world/effect/MobEffectInstance;Lnet/minecraft/world/entity/Entity;)V
[12Jul2025 20:10:27.134] [main/DEBUG] [net.minecraftforge.coremod.CoreMod.connectormod/COREMODLOG]: Expanded local variable scope for LivingEntity#forceAddEffect index 3
[12Jul2025 20:10:27.136] [main/DEBUG] [net.minecraftforge.coremod.transformer.CoreModBaseTransformer/COREMOD]: Transforming m_6672_ with desc (Lnet/minecraft/world/InteractionHand;)V
[12Jul2025 20:10:27.143] [main/DEBUG] [net.minecraftforge.coremod.CoreMod.connectormod/COREMODLOG]: Updated onItemUseStart duration threshold
[12Jul2025 20:10:27.168] [main/DEBUG] [net.minecraftforge.coremod.transformer.CoreModBaseTransformer/COREMOD]: Transforming m_147215_ with desc (Lnet/minecraft/world/effect/MobEffectInstance;Lnet/minecraft/world/entity/Entity;)V
[12Jul2025 20:10:27.169] [main/DEBUG] [net.minecraftforge.coremod.CoreMod.connectormod/COREMODLOG]: Expanded local variable scope for LivingEntity#forceAddEffect index 3
[12Jul2025 20:10:27.170] [main/DEBUG] [net.minecraftforge.coremod.transformer.CoreModBaseTransformer/COREMOD]: Transforming m_6672_ with desc (Lnet/minecraft/world/InteractionHand;)V
[12Jul2025 20:10:27.170] [main/DEBUG] [net.minecraftforge.coremod.CoreMod.connectormod/COREMODLOG]: Updated onItemUseStart duration threshold
[12Jul2025 20:10:27.200] [main/DEBUG] [mixin/]: Preparing fabric-game-rule-api-v1.mixins.json (6)
[12Jul2025 20:10:27.211] [main/DEBUG] [mixin/]: Preparing fabric-game-rule-api-v1.client.mixins.json (3)
[12Jul2025 20:10:27.211] [main/DEBUG] [mixin/]: Preparing fabric-api-base.init.mixins.json (0)
[12Jul2025 20:10:27.211] [main/DEBUG] [mixin/]: Preparing necronomicon-common.mixins.json (2)
[12Jul2025 20:10:27.212] [main/DEBUG] [mixin/]: Preparing fabric-api-lookup-api-v1.mixins.json (2)
[12Jul2025 20:10:27.215] [main/DEBUG] [mixin/]: Preparing fabric-blockrenderlayer-v1.mixins.json (2)
[12Jul2025 20:10:27.216] [main/DEBUG] [mixin/]: Preparing jade.mixins.json (2)
[12Jul2025 20:10:27.216] [main/DEBUG] [mixin/]: Preparing obscure_tooltips.mixins.json (1)
[12Jul2025 20:10:27.216] [main/DEBUG] [mixin/]: Preparing creativecore.mixins.json (8)
[12Jul2025 20:10:27.224] [main/DEBUG] [mixin/]: Preparing creativecore.forge.mixins.json (3)
[12Jul2025 20:10:27.225] [main/DEBUG] [mixin/]: Preparing fabric-resource-conditions-api-v1.mixins.json (5)
[12Jul2025 20:10:27.228] [main/DEBUG] [mixin/]: Preparing a_good_place.mixins.json (2)
[12Jul2025 20:10:27.228] [main/DEBUG] [mixin/]: Preparing a_good_place-common.mixins.json (5)
[12Jul2025 20:10:27.228] [main/DEBUG] [mixin/]: Preparing fabric-item-group-api-v1.mixins.json (1)
[12Jul2025 20:10:27.230] [main/DEBUG] [net.minecraftforge.coremod.transformer.CoreModBaseTransformer/COREMOD]: Transforming net/minecraft/world/item/CreativeModeTab
[12Jul2025 20:10:27.270] [main/DEBUG] [net.minecraftforge.coremod.CoreMod.connectormod/COREMODLOG]: Injected vanilla CreativeModeTab constructor
[12Jul2025 20:10:27.272] [main/DEBUG] [mixin/]: Preparing fabric-item-group-api-v1.client.mixins.json (1)
[12Jul2025 20:10:27.272] [main/DEBUG] [mixin/]: Preparing connectormod.mixins.json (40)
[12Jul2025 20:10:27.288] [main/DEBUG] [net.minecraftforge.coremod.transformer.CoreModBaseTransformer/COREMOD]: Transforming getAttributeModifiers with desc (Lnet/minecraft/world/entity/EquipmentSlot;Lnet/minecraft/world/item/ItemStack;)Lcom/google/common/collect/Multimap;
[12Jul2025 20:10:27.298] [main/DEBUG] [net.minecraftforge.coremod.transformer.CoreModBaseTransformer/COREMOD]: Transforming getCraftingRemainingItem with desc (Lnet/minecraft/world/item/ItemStack;)Lnet/minecraft/world/item/ItemStack;
[12Jul2025 20:10:27.312] [main/DEBUG] [net.minecraftforge.coremod.transformer.CoreModBaseTransformer/COREMOD]: Transforming hasCraftingRemainingItem with desc (Lnet/minecraft/world/item/ItemStack;)Z
[12Jul2025 20:10:27.321] [main/DEBUG] [net.minecraftforge.coremod.transformer.CoreModBaseTransformer/COREMOD]: Transforming getEquipmentSlot with desc (Lnet/minecraft/world/item/ItemStack;)Lnet/minecraft/world/entity/EquipmentSlot;
[12Jul2025 20:10:27.336] [main/DEBUG] [net.minecraftforge.coremod.transformer.CoreModBaseTransformer/COREMOD]: Transforming isCorrectToolForDrops with desc (Lnet/minecraft/world/item/ItemStack;Lnet/minecraft/world/level/block/state/BlockState;)Z
[12Jul2025 20:10:27.346] [main/DEBUG] [net.minecraftforge.coremod.transformer.CoreModBaseTransformer/COREMOD]: Transforming shouldCauseReequipAnimation with desc (Lnet/minecraft/world/item/ItemStack;Lnet/minecraft/world/item/ItemStack;Z)Z
[12Jul2025 20:10:27.358] [main/DEBUG] [net.minecraftforge.coremod.transformer.CoreModBaseTransformer/COREMOD]: Transforming damageItem with desc (Lnet/minecraft/world/item/ItemStack;ILnet/minecraft/world/entity/LivingEntity;Ljava/util/function/Consumer;)I
[12Jul2025 20:10:27.370] [main/DEBUG] [net.minecraftforge.coremod.transformer.CoreModBaseTransformer/COREMOD]: Transforming net/minecraftforge/common/extensions/IForgeItem
[12Jul2025 20:10:27.397] [main/DEBUG] [mixin/]: Preparing fabric-biome-api-v1.mixins.json (7)
[12Jul2025 20:10:27.408] [main/DEBUG] [mixin/]: Preparing fabric-entity-events-v1.mixins.json (9)
[12Jul2025 20:10:27.423] [main/DEBUG] [net.minecraftforge.coremod.transformer.CoreModBaseTransformer/COREMOD]: Transforming net/minecraft/world/entity/animal/frog/Tadpole
[12Jul2025 20:10:27.463] [main/DEBUG] [mixin/]: Preparing fabric-entity-events-v1.client.mixins.json (1)
[12Jul2025 20:10:27.463] [main/DEBUG] [mixin/]: Preparing fabric-registry-sync-v0.mixins.json (10)
[12Jul2025 20:10:27.474] [main/DEBUG] [mixin/]: Preparing fabric-registry-sync-v0.client.mixins.json (1)
[12Jul2025 20:10:27.474] [main/DEBUG] [mixin/]: Preparing fabric-recipe-api-v1.mixins.json (4)
[12Jul2025 20:10:27.478] [main/DEBUG] [mixin/]: Preparing fabric-loot-api-v2.mixins.json (6)
[12Jul2025 20:10:27.484] [main/DEBUG] [mixin/]: Preparing fabric-object-builder-v1.mixins.json (5)
[12Jul2025 20:10:27.494] [main/DEBUG] [mixin/]: Preparing fabric-rendering-data-attachment-v1.mixins.json (2)
[12Jul2025 20:10:27.496] [main/DEBUG] [mixin/]: Preparing fabric-rendering-data-attachment-v1.client.mixins.json (1)
[12Jul2025 20:10:27.496] [main/DEBUG] [mixin/]: Preparing fabric-networking-api-v1.mixins.json (11)
[12Jul2025 20:10:27.515] [main/DEBUG] [mixin/]: @Mixin target net/minecraft/server/level/ChunkMap$TrackedEntity is public in fabric-networking-api-v1.mixins.json:accessor.EntityTrackerAccessor from mod fabric_networking_api_v1 and should be specified in value
[12Jul2025 20:10:27.516] [main/DEBUG] [mixin/]: Preparing fabric-networking-api-v1.client.mixins.json (5)
[12Jul2025 20:10:27.516] [main/DEBUG] [mixin/]: Preparing fabric-sound-api-v1.mixins.json (1)
[12Jul2025 20:10:27.516] [main/DEBUG] [mixin/]: Preparing fabric-message-api-v1.mixins.json (2)
[12Jul2025 20:10:27.517] [main/DEBUG] [mixin/]: Preparing fabric-message-api-v1.client.mixins.json (2)
[12Jul2025 20:10:27.517] [main/DEBUG] [mixin/]: Preparing fabric-lifecycle-events-v1.mixins.json (9)
[12Jul2025 20:10:27.523] [main/DEBUG] [mixin/]: Preparing fabric-lifecycle-events-v1.client.mixins.json (6)
[12Jul2025 20:10:27.523] [main/DEBUG] [mixin/]: Preparing fabric-data-generation-api-v1.mixins.json (3)
[12Jul2025 20:10:27.530] [main/DEBUG] [mixin/]: Preparing fabric-events-interaction-v0.mixins.json (1)
[12Jul2025 20:10:27.532] [main/DEBUG] [mixin/]: Preparing fabric-events-interaction-v0.client.mixins.json (2)
[12Jul2025 20:10:27.532] [main/DEBUG] [mixin/]: Preparing fabric-key-binding-api-v1.mixins.json (1)
[12Jul2025 20:10:27.532] [main/DEBUG] [mixin/]: Preparing adapter.init.mixins.json (0)
[12Jul2025 20:10:27.532] [main/DEBUG] [mixin/]: Preparing skinrestorer.mixins.json (4)
[12Jul2025 20:10:27.534] [main/DEBUG] [mixin/]: @Mixin target net/minecraft/server/level/ChunkMap$TrackedEntity is public in skinrestorer.mixins.json:TrackedEntityAccessorInvoker from mod skinrestorer and should be specified in value
[12Jul2025 20:10:27.543] [main/DEBUG] [mixin/]: Inner class net/fabricmc/fabric/mixin/transfer/ChiseledBookshelfBlockEntityMixin$1 in net/fabricmc/fabric/mixin/transfer/ChiseledBookshelfBlockEntityMixin on net/minecraft/world/level/block/entity/ChiseledBookShelfBlockEntity gets unique name net/minecraft/world/level/block/entity/ChiseledBookShelfBlockEntity$Anonymous$533d095030134c8dba6549d7cdf13c2b
[12Jul2025 20:10:27.574] [main/DEBUG] [mixin/]: Inner class com/nyfaria/nyfsspiders/mixin/ClimberEntityMixin$1 in com/nyfaria/nyfsspiders/mixin/ClimberEntityMixin on net/minecraft/world/entity/monster/Spider gets unique name net/minecraft/world/entity/monster/Spider$Anonymous$2d2f427e28f54c808740feee8b5e9b4f
[12Jul2025 20:10:27.630] [main/DEBUG] [mixin/]: Prepared 181 mixins in 1.460 sec (8.1ms avg) (0ms load, 0ms transform, 0ms plugin)
[12Jul2025 20:10:27.631] [main/DEBUG] [org.sinytra.connector.loader.ConnectorEarlyLoader/]: Running prelaunch entrypoint
[12Jul2025 20:10:27.635] [main/INFO] [MixinExtras|Service/]: Initializing MixinExtras via com.llamalad7.mixinextras.service.MixinExtrasServiceImpl(version=0.3.6).
[12Jul2025 20:10:27.636] [main/DEBUG] [mixin/]: Registering new injector for @SugarWrapper with com.llamalad7.mixinextras.sugar.impl.SugarWrapperInjectionInfo
[12Jul2025 20:10:27.637] [main/DEBUG] [mixin/]: Registering new injector for @FactoryRedirectWrapper with com.llamalad7.mixinextras.wrapper.factory.FactoryRedirectWrapperInjectionInfo
[12Jul2025 20:10:27.641] [main/DEBUG] [mixin/]: Mixing boot.ServerMainMixin from connectormod.mixins.json into net.minecraft.server.Main
[12Jul2025 20:10:27.665] [main/DEBUG] [mixin/]: connectormod.mixins.json:boot.ServerMainMixin from mod connectormod->@Inject::earlyInit(Lorg/spongepowered/asm/mixin/injection/callback/CallbackInfo;)V doesn't use it's CallbackInfo
[12Jul2025 20:10:27.687] [main/DEBUG] [mixin/]: Mixing MinecraftServerMixin from fabric-resource-loader-v0.mixins.json into net.minecraft.server.MinecraftServer
[12Jul2025 20:10:27.690] [main/DEBUG] [mixin/]: fabric-resource-loader-v0.mixins.json:MinecraftServerMixin from mod fabric_resource_loader_v0: Class version 61 required is higher than the class version supported by the current version of Mixin (JAVA_16 supports class version 60)
[12Jul2025 20:10:27.703] [main/DEBUG] [mixin/]: Mixing MixinMinecraftServer from surveyor.mixins.json into net.minecraft.server.MinecraftServer
[12Jul2025 20:10:27.707] [main/DEBUG] [mixin/]: Mixing MinecraftServerMixin from balm.mixins.json into net.minecraft.server.MinecraftServer
[12Jul2025 20:10:27.708] [main/DEBUG] [mixin/]: Renaming synthetic method lambda$reloadResources$0(Ljava/lang/Void;)V to md54bf2d$balm$lambda$reloadResources$0$0 in balm.mixins.json:MinecraftServerMixin from mod balm
[12Jul2025 20:10:27.717] [main/DEBUG] [mixin/]: Mixing registries.MinecraftServerMixin from connectormod.mixins.json into net.minecraft.server.MinecraftServer
[12Jul2025 20:10:27.722] [main/DEBUG] [mixin/]: Mixing MinecraftServerMixin from fabric-message-api-v1.mixins.json into net.minecraft.server.MinecraftServer
[12Jul2025 20:10:27.722] [main/DEBUG] [mixin/]: fabric-message-api-v1.mixins.json:MinecraftServerMixin from mod fabric_message_api_v1: Class version 61 required is higher than the class version supported by the current version of Mixin (JAVA_16 supports class version 60)
[12Jul2025 20:10:27.723] [main/DEBUG] [mixin/]: Renaming synthetic method lambda$onGetChatDecorator$1(Lnet/minecraft/network/chat/ChatDecorator;Lnet/minecraft/server/level/ServerPlayer;Lnet/minecraft/network/chat/Component;)Ljava/util/concurrent/CompletableFuture; to md54bf2d$fabric_message_api_v1$lambda$onGetChatDecorator$1$1 in fabric-message-api-v1.mixins.json:MinecraftServerMixin from mod fabric_message_api_v1
[12Jul2025 20:10:27.723] [main/DEBUG] [mixin/]: Renaming synthetic method lambda$onGetChatDecorator$0(Lnet/minecraft/server/level/ServerPlayer;Lnet/minecraft/network/chat/Component;)Ljava/util/concurrent/CompletionStage; to md54bf2d$fabric_message_api_v1$lambda$onGetChatDecorator$0$2 in fabric-message-api-v1.mixins.json:MinecraftServerMixin from mod fabric_message_api_v1
[12Jul2025 20:10:27.726] [main/DEBUG] [mixin/]: Mixing MinecraftServerMixin from fabric-lifecycle-events-v1.mixins.json into net.minecraft.server.MinecraftServer
[12Jul2025 20:10:27.726] [main/DEBUG] [mixin/]: Renaming synthetic method lambda$endResourceReload$0(Ljava/lang/Void;Ljava/lang/Throwable;)Ljava/lang/Void; to md54bf2d$fabric_lifecycle_events_v1$lambda$endResourceReload$0$3 in fabric-lifecycle-events-v1.mixins.json:MinecraftServerMixin from mod fabric_lifecycle_events_v1
[12Jul2025 20:10:27.775] [main/DEBUG] [mixin/]: surveyor.mixins.json:MixinMinecraftServer from mod surveyor->@Inject::loadSummary(Lorg/spongepowered/asm/mixin/injection/callback/CallbackInfo;)V doesn't use it's CallbackInfo
[12Jul2025 20:10:27.775] [main/DEBUG] [mixin/]: surveyor.mixins.json:MixinMinecraftServer from mod surveyor->@Inject::loadSummary(Lorg/spongepowered/asm/mixin/injection/callback/CallbackInfo;)V has 0 override(s) in child classes
[12Jul2025 20:10:27.775] [main/DEBUG] [mixin/]: surveyor.mixins.json:MixinMinecraftServer from mod surveyor->@Inject::loadSummary(Lorg/spongepowered/asm/mixin/injection/callback/CallbackInfo;)V won't be passed a CallbackInfo as a result
[12Jul2025 20:10:27.776] [main/DEBUG] [mixin/]: surveyor.mixins.json:MixinMinecraftServer from mod surveyor->@Inject::saveSummary(ZZZLorg/spongepowered/asm/mixin/injection/callback/CallbackInfoReturnable;)V doesn't use it's CallbackInfoReturnable
[12Jul2025 20:10:27.776] [main/DEBUG] [mixin/]: surveyor.mixins.json:MixinMinecraftServer from mod surveyor->@Inject::saveSummary(ZZZLorg/spongepowered/asm/mixin/injection/callback/CallbackInfoReturnable;)V has 0 override(s) in child classes
[12Jul2025 20:10:27.776] [main/DEBUG] [mixin/]: surveyor.mixins.json:MixinMinecraftServer from mod surveyor->@Inject::saveSummary(ZZZLorg/spongepowered/asm/mixin/injection/callback/CallbackInfoReturnable;)V won't be passed a CallbackInfoReturnable as a result
[12Jul2025 20:10:27.776] [main/DEBUG] [mixin/]: balm.mixins.json:MinecraftServerMixin from mod balm->@Inject::reloadResources(Ljava/util/Collection;Lorg/spongepowered/asm/mixin/injection/callback/CallbackInfoReturnable;)V does use it's CallbackInfoReturnable
[12Jul2025 20:10:27.776] [main/DEBUG] [mixin/]: connectormod.mixins.json:registries.MinecraftServerMixin from mod connectormod->@Inject::beforeSetupServer(Lorg/spongepowered/asm/mixin/injection/callback/CallbackInfo;)V doesn't use it's CallbackInfo
[12Jul2025 20:10:27.776] [main/DEBUG] [mixin/]: connectormod.mixins.json:registries.MinecraftServerMixin from mod connectormod->@Inject::beforeSetupServer(Lorg/spongepowered/asm/mixin/injection/callback/CallbackInfo;)V has 0 override(s) in child classes
[12Jul2025 20:10:27.776] [main/DEBUG] [mixin/]: connectormod.mixins.json:registries.MinecraftServerMixin from mod connectormod->@Inject::beforeSetupServer(Lorg/spongepowered/asm/mixin/injection/callback/CallbackInfo;)V won't be passed a CallbackInfo as a result
[12Jul2025 20:10:27.776] [main/DEBUG] [mixin/]: fabric-message-api-v1.mixins.json:MinecraftServerMixin from mod fabric_message_api_v1->@Inject::onGetChatDecorator(Lorg/spongepowered/asm/mixin/injection/callback/CallbackInfoReturnable;)V does use it's CallbackInfoReturnable
[12Jul2025 20:10:27.786] [main/DEBUG] [mixin/]: fabric-lifecycle-events-v1.mixins.json:MinecraftServerMixin from mod fabric_lifecycle_events_v1->@Inject::beforeSetupServer(Lorg/spongepowered/asm/mixin/injection/callback/CallbackInfo;)V doesn't use it's CallbackInfo
[12Jul2025 20:10:27.786] [main/DEBUG] [mixin/]: fabric-lifecycle-events-v1.mixins.json:MinecraftServerMixin from mod fabric_lifecycle_events_v1->@Inject::beforeSetupServer(Lorg/spongepowered/asm/mixin/injection/callback/CallbackInfo;)V has 0 override(s) in child classes
[12Jul2025 20:10:27.786] [main/DEBUG] [mixin/]: fabric-lifecycle-events-v1.mixins.json:MinecraftServerMixin from mod fabric_lifecycle_events_v1->@Inject::beforeSetupServer(Lorg/spongepowered/asm/mixin/injection/callback/CallbackInfo;)V won't be passed a CallbackInfo as a result
[12Jul2025 20:10:27.786] [main/DEBUG] [mixin/]: fabric-lifecycle-events-v1.mixins.json:MinecraftServerMixin from mod fabric_lifecycle_events_v1->@Inject::afterSetupServer(Lorg/spongepowered/asm/mixin/injection/callback/CallbackInfo;)V doesn't use it's CallbackInfo
[12Jul2025 20:10:27.786] [main/DEBUG] [mixin/]: fabric-lifecycle-events-v1.mixins.json:MinecraftServerMixin from mod fabric_lifecycle_events_v1->@Inject::afterSetupServer(Lorg/spongepowered/asm/mixin/injection/callback/CallbackInfo;)V has 0 override(s) in child classes
[12Jul2025 20:10:27.786] [main/DEBUG] [mixin/]: fabric-lifecycle-events-v1.mixins.json:MinecraftServerMixin from mod fabric_lifecycle_events_v1->@Inject::afterSetupServer(Lorg/spongepowered/asm/mixin/injection/callback/CallbackInfo;)V won't be passed a CallbackInfo as a result
[12Jul2025 20:10:27.786] [main/DEBUG] [mixin/]: fabric-lifecycle-events-v1.mixins.json:MinecraftServerMixin from mod fabric_lifecycle_events_v1->@Inject::beforeShutdownServer(Lorg/spongepowered/asm/mixin/injection/callback/CallbackInfo;)V doesn't use it's CallbackInfo
[12Jul2025 20:10:27.786] [main/DEBUG] [mixin/]: fabric-lifecycle-events-v1.mixins.json:MinecraftServerMixin from mod fabric_lifecycle_events_v1->@Inject::beforeShutdownServer(Lorg/spongepowered/asm/mixin/injection/callback/CallbackInfo;)V has 0 override(s) in child classes
[12Jul2025 20:10:27.786] [main/DEBUG] [mixin/]: fabric-lifecycle-events-v1.mixins.json:MinecraftServerMixin from mod fabric_lifecycle_events_v1->@Inject::beforeShutdownServer(Lorg/spongepowered/asm/mixin/injection/callback/CallbackInfo;)V won't be passed a CallbackInfo as a result
[12Jul2025 20:10:27.786] [main/DEBUG] [mixin/]: fabric-lifecycle-events-v1.mixins.json:MinecraftServerMixin from mod fabric_lifecycle_events_v1->@Inject::afterShutdownServer(Lorg/spongepowered/asm/mixin/injection/callback/CallbackInfo;)V doesn't use it's CallbackInfo
[12Jul2025 20:10:27.786] [main/DEBUG] [mixin/]: fabric-lifecycle-events-v1.mixins.json:MinecraftServerMixin from mod fabric_lifecycle_events_v1->@Inject::afterShutdownServer(Lorg/spongepowered/asm/mixin/injection/callback/CallbackInfo;)V has 0 override(s) in child classes
[12Jul2025 20:10:27.786] [main/DEBUG] [mixin/]: fabric-lifecycle-events-v1.mixins.json:MinecraftServerMixin from mod fabric_lifecycle_events_v1->@Inject::afterShutdownServer(Lorg/spongepowered/asm/mixin/injection/callback/CallbackInfo;)V won't be passed a CallbackInfo as a result
[12Jul2025 20:10:27.787] [main/DEBUG] [mixin/]: fabric-lifecycle-events-v1.mixins.json:MinecraftServerMixin from mod fabric_lifecycle_events_v1->@Inject::onStartTick(Ljava/util/function/BooleanSupplier;Lorg/spongepowered/asm/mixin/injection/callback/CallbackInfo;)V doesn't use it's CallbackInfo
[12Jul2025 20:10:27.787] [main/DEBUG] [mixin/]: fabric-lifecycle-events-v1.mixins.json:MinecraftServerMixin from mod fabric_lifecycle_events_v1->@Inject::onStartTick(Ljava/util/function/BooleanSupplier;Lorg/spongepowered/asm/mixin/injection/callback/CallbackInfo;)V has 0 override(s) in child classes
[12Jul2025 20:10:27.787] [main/DEBUG] [mixin/]: fabric-lifecycle-events-v1.mixins.json:MinecraftServerMixin from mod fabric_lifecycle_events_v1->@Inject::onStartTick(Ljava/util/function/BooleanSupplier;Lorg/spongepowered/asm/mixin/injection/callback/CallbackInfo;)V won't be passed a CallbackInfo as a result
[12Jul2025 20:10:27.787] [main/DEBUG] [mixin/]: fabric-lifecycle-events-v1.mixins.json:MinecraftServerMixin from mod fabric_lifecycle_events_v1->@Inject::onEndTick(Ljava/util/function/BooleanSupplier;Lorg/spongepowered/asm/mixin/injection/callback/CallbackInfo;)V doesn't use it's CallbackInfo
[12Jul2025 20:10:27.787] [main/DEBUG] [mixin/]: fabric-lifecycle-events-v1.mixins.json:MinecraftServerMixin from mod fabric_lifecycle_events_v1->@Inject::onEndTick(Ljava/util/function/BooleanSupplier;Lorg/spongepowered/asm/mixin/injection/callback/CallbackInfo;)V has 0 override(s) in child classes
[12Jul2025 20:10:27.787] [main/DEBUG] [mixin/]: fabric-lifecycle-events-v1.mixins.json:MinecraftServerMixin from mod fabric_lifecycle_events_v1->@Inject::onEndTick(Ljava/util/function/BooleanSupplier;Lorg/spongepowered/asm/mixin/injection/callback/CallbackInfo;)V won't be passed a CallbackInfo as a result
[12Jul2025 20:10:27.787] [main/DEBUG] [mixin/]: fabric-lifecycle-events-v1.mixins.json:MinecraftServerMixin from mod fabric_lifecycle_events_v1->@Inject::onUnloadWorldAtShutdown(Lorg/spongepowered/asm/mixin/injection/callback/CallbackInfo;Ljava/util/Iterator;Lnet/minecraft/server/level/ServerLevel;)V doesn't use it's CallbackInfo
[12Jul2025 20:10:27.787] [main/DEBUG] [mixin/]: fabric-lifecycle-events-v1.mixins.json:MinecraftServerMixin from mod fabric_lifecycle_events_v1->@Inject::onUnloadWorldAtShutdown(Lorg/spongepowered/asm/mixin/injection/callback/CallbackInfo;Ljava/util/Iterator;Lnet/minecraft/server/level/ServerLevel;)V has 0 override(s) in child classes
[12Jul2025 20:10:27.787] [main/DEBUG] [mixin/]: fabric-lifecycle-events-v1.mixins.json:MinecraftServerMixin from mod fabric_lifecycle_events_v1->@Inject::onUnloadWorldAtShutdown(Lorg/spongepowered/asm/mixin/injection/callback/CallbackInfo;Ljava/util/Iterator;Lnet/minecraft/server/level/ServerLevel;)V won't be passed a CallbackInfo as a result
[12Jul2025 20:10:27.787] [main/DEBUG] [mixin/]: fabric-lifecycle-events-v1.mixins.json:MinecraftServerMixin from mod fabric_lifecycle_events_v1->@Inject::startResourceReload(Ljava/util/Collection;Lorg/spongepowered/asm/mixin/injection/callback/CallbackInfoReturnable;)V doesn't use it's CallbackInfoReturnable
[12Jul2025 20:10:27.787] [main/DEBUG] [mixin/]: fabric-lifecycle-events-v1.mixins.json:MinecraftServerMixin from mod fabric_lifecycle_events_v1->@Inject::startResourceReload(Ljava/util/Collection;Lorg/spongepowered/asm/mixin/injection/callback/CallbackInfoReturnable;)V has 0 override(s) in child classes
[12Jul2025 20:10:27.788] [main/DEBUG] [mixin/]: fabric-lifecycle-events-v1.mixins.json:MinecraftServerMixin from mod fabric_lifecycle_events_v1->@Inject::startResourceReload(Ljava/util/Collection;Lorg/spongepowered/asm/mixin/injection/callback/CallbackInfoReturnable;)V won't be passed a CallbackInfoReturnable as a result
[12Jul2025 20:10:27.788] [main/DEBUG] [mixin/]: fabric-lifecycle-events-v1.mixins.json:MinecraftServerMixin from mod fabric_lifecycle_events_v1->@Inject::endResourceReload(Ljava/util/Collection;Lorg/spongepowered/asm/mixin/injection/callback/CallbackInfoReturnable;)V does use it's CallbackInfoReturnable
[12Jul2025 20:10:27.825] [main/DEBUG] [io.netty.util.internal.logging.InternalLoggerFactory/]: Using SLF4J as the default logging framework
[12Jul2025 20:10:27.827] [main/DEBUG] [io.netty.util.ResourceLeakDetector/]: -Dio.netty.leakDetection.level: simple
[12Jul2025 20:10:27.827] [main/DEBUG] [io.netty.util.ResourceLeakDetector/]: -Dio.netty.leakDetection.targetRecords: 4
[12Jul2025 20:10:27.969] [main/DEBUG] [oshi.util.FileUtil/]: No oshi.properties file found from ClassLoader cpw.mods.modlauncher.TransformingClassLoader@48ccbb32
[12Jul2025 20:10:27.969] [main/DEBUG] [oshi.util.FileUtil/]: No oshi.properties file found from ClassLoader jdk.internal.loader.ClassLoaders$AppClassLoader@76ed5528
[12Jul2025 20:10:28.021] [main/DEBUG] [oshi.util.FileUtil/]: Reading file /proc/self/auxv
[12Jul2025 20:10:28.022] [main/DEBUG] [oshi.util.FileUtil/]: Reading file /proc/self/auxv
[12Jul2025 20:10:28.026] [main/DEBUG] [oshi.util.FileUtil/]: Reading file /proc/stat
[12Jul2025 20:10:28.035] [main/DEBUG] [oshi.util.FileUtil/]: Reading file /sys/devices/system/cpu/cpu0/topology/core_id
[12Jul2025 20:10:28.035] [main/DEBUG] [oshi.util.FileUtil/]: Reading file /sys/devices/system/cpu/cpu0/topology/core_id
[12Jul2025 20:10:28.035] [main/DEBUG] [oshi.util.FileUtil/]: Reading file /sys/devices/system/cpu/cpu0/topology/physical_package_id
[12Jul2025 20:10:28.035] [main/DEBUG] [oshi.util.FileUtil/]: Reading file /sys/devices/system/cpu/cpu0/topology/physical_package_id
[12Jul2025 20:10:28.035] [main/DEBUG] [oshi.util.FileUtil/]: Reading file /sys/devices/system/cpu/cpu0/cpu_capacity
[12Jul2025 20:10:28.037] [main/DEBUG] [oshi.util.FileUtil/]: Reading file /sys/devices/system/cpu/cpu1/topology/core_id
[12Jul2025 20:10:28.037] [main/DEBUG] [oshi.util.FileUtil/]: Reading file /sys/devices/system/cpu/cpu1/topology/core_id
[12Jul2025 20:10:28.038] [main/DEBUG] [oshi.util.FileUtil/]: Reading file /sys/devices/system/cpu/cpu1/topology/physical_package_id
[12Jul2025 20:10:28.038] [main/DEBUG] [oshi.util.FileUtil/]: Reading file /sys/devices/system/cpu/cpu1/topology/physical_package_id
[12Jul2025 20:10:28.038] [main/DEBUG] [oshi.util.FileUtil/]: Reading file /sys/devices/system/cpu/cpu1/cpu_capacity
[12Jul2025 20:10:28.038] [main/DEBUG] [oshi.util.FileUtil/]: Reading file /sys/devices/system/cpu/cpu2/topology/core_id
[12Jul2025 20:10:28.038] [main/DEBUG] [oshi.util.FileUtil/]: Reading file /sys/devices/system/cpu/cpu2/topology/core_id
[12Jul2025 20:10:28.038] [main/DEBUG] [oshi.util.FileUtil/]: Reading file /sys/devices/system/cpu/cpu2/topology/physical_package_id
[12Jul2025 20:10:28.038] [main/DEBUG] [oshi.util.FileUtil/]: Reading file /sys/devices/system/cpu/cpu2/topology/physical_package_id
[12Jul2025 20:10:28.039] [main/DEBUG] [oshi.util.FileUtil/]: Reading file /sys/devices/system/cpu/cpu2/cpu_capacity
[12Jul2025 20:10:28.039] [main/DEBUG] [oshi.util.FileUtil/]: Reading file /sys/devices/system/cpu/cpu3/topology/core_id
[12Jul2025 20:10:28.039] [main/DEBUG] [oshi.util.FileUtil/]: Reading file /sys/devices/system/cpu/cpu3/topology/core_id
[12Jul2025 20:10:28.039] [main/DEBUG] [oshi.util.FileUtil/]: Reading file /sys/devices/system/cpu/cpu3/topology/physical_package_id
[12Jul2025 20:10:28.039] [main/DEBUG] [oshi.util.FileUtil/]: Reading file /sys/devices/system/cpu/cpu3/topology/physical_package_id
[12Jul2025 20:10:28.039] [main/DEBUG] [oshi.util.FileUtil/]: Reading file /sys/devices/system/cpu/cpu3/cpu_capacity
[12Jul2025 20:10:28.041] [main/DEBUG] [oshi.util.FileUtil/]: Reading file /proc/cpuinfo
[12Jul2025 20:10:28.052] [main/DEBUG] [oshi.util.FileUtil/]: Reading file /proc/self/auxv
[12Jul2025 20:10:28.055] [main/DEBUG] [oshi.util.FileUtil/]: No oshi.architecture.properties file found from ClassLoader cpw.mods.modlauncher.TransformingClassLoader@48ccbb32
[12Jul2025 20:10:28.055] [main/DEBUG] [oshi.util.FileUtil/]: No oshi.architecture.properties file found from ClassLoader jdk.internal.loader.ClassLoaders$AppClassLoader@76ed5528
[12Jul2025 20:10:28.070] [main/DEBUG] [oshi.util.FileUtil/]: Reading file /proc/meminfo
[12Jul2025 20:10:28.070] [main/DEBUG] [oshi.util.FileUtil/]: Reading file /proc/meminfo
[12Jul2025 20:10:28.093] [main/DEBUG] [mixin/]: Mixing CrashReportExtenderMixin from connectormod.mixins.json into net.minecraftforge.logging.CrashReportExtender
[12Jul2025 20:10:28.097] [main/DEBUG] [mixin/]: connectormod.mixins.json:CrashReportExtenderMixin from mod connectormod->@Inject::addConnectorCrashReportHeader(Ljava/lang/StringBuilder;Lnet/minecraft/CrashReport;Lorg/spongepowered/asm/mixin/injection/callback/CallbackInfo;)V doesn't use it's CallbackInfo
[12Jul2025 20:10:28.109] [main/DEBUG] [mixin/]: Mixing registries.BootstrapMixin from connectormod.mixins.json into net.minecraft.server.Bootstrap
[12Jul2025 20:10:28.109] [main/DEBUG] [mixin/]: Mixing BootstrapMixin from fabric-registry-sync-v0.mixins.json into net.minecraft.server.Bootstrap
[12Jul2025 20:10:28.109] [main/DEBUG] [mixin/]: fabric-registry-sync-v0.mixins.json:BootstrapMixin from mod fabric_registry_sync_v0: Class version 61 required is higher than the class version supported by the current version of Mixin (JAVA_16 supports class version 60)
[12Jul2025 20:10:28.114] [main/DEBUG] [mixin/]: fabric-registry-sync-v0.mixins.json:BootstrapMixin from mod fabric_registry_sync_v0->@Inject::afterVanillaSnapshot(Lorg/spongepowered/asm/mixin/injection/callback/CallbackInfo;)V doesn't use it's CallbackInfo
[12Jul2025 20:10:28.118] [main/DEBUG] [mixin/]: Mixing registries.BuiltInRegistriesMixin from connectormod.mixins.json into net.minecraft.core.registries.BuiltInRegistries
[12Jul2025 20:10:28.119] [main/DEBUG] [mixin/]: Mixing RegistriesAccessor from fabric-registry-sync-v0.mixins.json into net.minecraft.core.registries.BuiltInRegistries
[12Jul2025 20:10:28.119] [main/DEBUG] [mixin/]: fabric-registry-sync-v0.mixins.json:RegistriesAccessor from mod fabric_registry_sync_v0: Class version 61 required is higher than the class version supported by the current version of Mixin (JAVA_16 supports class version 60)
[12Jul2025 20:10:28.120] [main/DEBUG] [mixin/]: Renaming @Accessor method getROOT()Lnet/minecraft/core/WritableRegistry; to getROOT$fabric_registry_sync_v0_$md$54bf2d$0 in fabric-registry-sync-v0.mixins.json:RegistriesAccessor from mod fabric_registry_sync_v0
[12Jul2025 20:10:28.143] [main/DEBUG] [mixin/]: Mixing registries.MappedRegistryMixin from connectormod.mixins.json into net.minecraft.core.MappedRegistry
[12Jul2025 20:10:28.144] [main/DEBUG] [mixin/]: Mixing SimpleRegistryMixin from fabric-registry-sync-v0.mixins.json into net.minecraft.core.MappedRegistry
[12Jul2025 20:10:28.145] [main/DEBUG] [mixin/]: fabric-registry-sync-v0.mixins.json:SimpleRegistryMixin from mod fabric_registry_sync_v0: Class version 61 required is higher than the class version supported by the current version of Mixin (JAVA_16 supports class version 60)
[12Jul2025 20:10:28.148] [main/DEBUG] [mixin/]: Renaming synthetic method lambda$new$5([Lnet/fabricmc/fabric/api/event/registry/RegistryIdRemapCallback;)Lnet/fabricmc/fabric/api/event/registry/RegistryIdRemapCallback; to md54bf2d$fabric_registry_sync_v0$lambda$new$5$0 in fabric-registry-sync-v0.mixins.json:SimpleRegistryMixin from mod fabric_registry_sync_v0
[12Jul2025 20:10:28.149] [main/DEBUG] [mixin/]: Renaming synthetic method lambda$new$4([Lnet/fabricmc/fabric/api/event/registry/RegistryIdRemapCallback;Lnet/fabricmc/fabric/api/event/registry/RegistryIdRemapCallback$RemapState;)V to md54bf2d$fabric_registry_sync_v0$lambda$new$4$1 in fabric-registry-sync-v0.mixins.json:SimpleRegistryMixin from mod fabric_registry_sync_v0
[12Jul2025 20:10:28.149] [main/DEBUG] [mixin/]: Renaming synthetic method lambda$new$3([Lnet/fabricmc/fabric/api/event/registry/RegistryEntryRemovedCallback;)Lnet/fabricmc/fabric/api/event/registry/RegistryEntryRemovedCallback; to md54bf2d$fabric_registry_sync_v0$lambda$new$3$2 in fabric-registry-sync-v0.mixins.json:SimpleRegistryMixin from mod fabric_registry_sync_v0
[12Jul2025 20:10:28.149] [main/DEBUG] [mixin/]: Renaming synthetic method lambda$new$2([Lnet/fabricmc/fabric/api/event/registry/RegistryEntryRemovedCallback;ILnet/minecraft/resources/ResourceLocation;Ljava/lang/Object;)V to md54bf2d$fabric_registry_sync_v0$lambda$new$2$3 in fabric-registry-sync-v0.mixins.json:SimpleRegistryMixin from mod fabric_registry_sync_v0
[12Jul2025 20:10:28.149] [main/DEBUG] [mixin/]: Renaming synthetic method lambda$new$1([Lnet/fabricmc/fabric/api/event/registry/RegistryEntryAddedCallback;)Lnet/fabricmc/fabric/api/event/registry/RegistryEntryAddedCallback; to md54bf2d$fabric_registry_sync_v0$lambda$new$1$4 in fabric-registry-sync-v0.mixins.json:SimpleRegistryMixin from mod fabric_registry_sync_v0
[12Jul2025 20:10:28.149] [main/DEBUG] [mixin/]: Renaming synthetic method lambda$new$0([Lnet/fabricmc/fabric/api/event/registry/RegistryEntryAddedCallback;ILnet/minecraft/resources/ResourceLocation;Ljava/lang/Object;)V to md54bf2d$fabric_registry_sync_v0$lambda$new$0$5 in fabric-registry-sync-v0.mixins.json:SimpleRegistryMixin from mod fabric_registry_sync_v0
[12Jul2025 20:10:28.329] [main/DEBUG] [mixin/]: connectormod.mixins.json:registries.MappedRegistryMixin from mod connectormod->@Inject::preventFreeze(Lorg/spongepowered/asm/mixin/injection/callback/CallbackInfoReturnable;)V does use it's CallbackInfoReturnable
[12Jul2025 20:10:28.329] [main/DEBUG] [mixin/]: fabric-registry-sync-v0.mixins.json:SimpleRegistryMixin from mod fabric_registry_sync_v0->@Inject::add(Lnet/minecraft/resources/ResourceKey;Ljava/lang/Object;Lcom/mojang/serialization/Lifecycle;Lorg/spongepowered/asm/mixin/injection/callback/CallbackInfoReturnable;)V doesn't use it's CallbackInfoReturnable
[12Jul2025 20:10:28.329] [main/DEBUG] [mixin/]: fabric-registry-sync-v0.mixins.json:SimpleRegistryMixin from mod fabric_registry_sync_v0->@Inject::add(Lnet/minecraft/resources/ResourceKey;Ljava/lang/Object;Lcom/mojang/serialization/Lifecycle;Lorg/spongepowered/asm/mixin/injection/callback/CallbackInfoReturnable;)V has 0 override(s) in child classes
[12Jul2025 20:10:28.329] [main/DEBUG] [mixin/]: fabric-registry-sync-v0.mixins.json:SimpleRegistryMixin from mod fabric_registry_sync_v0->@Inject::add(Lnet/minecraft/resources/ResourceKey;Ljava/lang/Object;Lcom/mojang/serialization/Lifecycle;Lorg/spongepowered/asm/mixin/injection/callback/CallbackInfoReturnable;)V won't be passed a CallbackInfoReturnable as a result
[12Jul2025 20:10:28.329] [main/DEBUG] [mixin/]: fabric-registry-sync-v0.mixins.json:SimpleRegistryMixin from mod fabric_registry_sync_v0->@Inject::set(ILnet/minecraft/resources/ResourceKey;Ljava/lang/Object;Lcom/mojang/serialization/Lifecycle;Lorg/spongepowered/asm/mixin/injection/callback/CallbackInfoReturnable;)V does use it's CallbackInfoReturnable
[12Jul2025 20:10:28.329] [main/DEBUG] [mixin/]: fabric-registry-sync-v0.mixins.json:SimpleRegistryMixin from mod fabric_registry_sync_v0->@Inject::setPre(ILnet/minecraft/resources/ResourceKey;Ljava/lang/Object;Lcom/mojang/serialization/Lifecycle;Lorg/spongepowered/asm/mixin/injection/callback/CallbackInfoReturnable;)V doesn't use it's CallbackInfoReturnable
[12Jul2025 20:10:28.329] [main/DEBUG] [mixin/]: fabric-registry-sync-v0.mixins.json:SimpleRegistryMixin from mod fabric_registry_sync_v0->@Inject::setPre(ILnet/minecraft/resources/ResourceKey;Ljava/lang/Object;Lcom/mojang/serialization/Lifecycle;Lorg/spongepowered/asm/mixin/injection/callback/CallbackInfoReturnable;)V has 0 override(s) in child classes
[12Jul2025 20:10:28.329] [main/DEBUG] [mixin/]: fabric-registry-sync-v0.mixins.json:SimpleRegistryMixin from mod fabric_registry_sync_v0->@Inject::setPre(ILnet/minecraft/resources/ResourceKey;Ljava/lang/Object;Lcom/mojang/serialization/Lifecycle;Lorg/spongepowered/asm/mixin/injection/callback/CallbackInfoReturnable;)V won't be passed a CallbackInfoReturnable as a result
[12Jul2025 20:10:28.329] [main/DEBUG] [mixin/]: fabric-registry-sync-v0.mixins.json:SimpleRegistryMixin from mod fabric_registry_sync_v0->@Inject::setPost(ILnet/minecraft/resources/ResourceKey;Ljava/lang/Object;Lcom/mojang/serialization/Lifecycle;Lorg/spongepowered/asm/mixin/injection/callback/CallbackInfoReturnable;)V doesn't use it's CallbackInfoReturnable
[12Jul2025 20:10:28.330] [main/DEBUG] [mixin/]: fabric-registry-sync-v0.mixins.json:SimpleRegistryMixin from mod fabric_registry_sync_v0->@Inject::setPost(ILnet/minecraft/resources/ResourceKey;Ljava/lang/Object;Lcom/mojang/serialization/Lifecycle;Lorg/spongepowered/asm/mixin/injection/callback/CallbackInfoReturnable;)V has 0 override(s) in child classes
[12Jul2025 20:10:28.330] [main/DEBUG] [mixin/]: fabric-registry-sync-v0.mixins.json:SimpleRegistryMixin from mod fabric_registry_sync_v0->@Inject::setPost(ILnet/minecraft/resources/ResourceKey;Ljava/lang/Object;Lcom/mojang/serialization/Lifecycle;Lorg/spongepowered/asm/mixin/injection/callback/CallbackInfoReturnable;)V won't be passed a CallbackInfoReturnable as a result
[12Jul2025 20:10:28.417] [main/DEBUG] [mixin/]: Mixing registries.ForgeRegistryMixin from connectormod.mixins.json into net.minecraftforge.registries.ForgeRegistry
[12Jul2025 20:10:28.417] [main/DEBUG] [mixin/]: Renaming synthetic method lambda$getDelegateOrThrow$0(Ljava/lang/Object;)Lnet/minecraft/core/Holder$Reference; to md54bf2d$connectormod$lambda$getDelegateOrThrow$0$0 in connectormod.mixins.json:registries.ForgeRegistryMixin from mod connectormod
[12Jul2025 20:10:28.428] [main/DEBUG] [mixin/]: connectormod.mixins.json:registries.ForgeRegistryMixin from mod connectormod->@Inject::getDelegateOrThrow(Ljava/lang/Object;Lorg/spongepowered/asm/mixin/injection/callback/CallbackInfoReturnable;)V does use it's CallbackInfoReturnable
[12Jul2025 20:10:28.452] [main/DEBUG] [net.minecraftforge.coremod.transformer.CoreModBaseTransformer/COREMOD]: Transforming getAppearance with desc (Lnet/minecraft/world/level/block/state/BlockState;Lnet/minecraft/world/level/BlockAndTintGetter;Lnet/minecraft/core/BlockPos;Lnet/minecraft/core/Direction;Lnet/minecraft/world/level/block/state/BlockState;Lnet/minecraft/core/BlockPos;)Lnet/minecraft/world/level/block/state/BlockState;
[12Jul2025 20:10:28.477] [main/DEBUG] [net.minecraftforge.coremod.transformer.CoreModBaseTransformer/COREMOD]: Transforming net/minecraftforge/common/extensions/IForgeBlock
[12Jul2025 20:10:28.484] [main/DEBUG] [mixin/]: Mixing AbstractBlockAccessor from fabric-object-builder-v1.mixins.json into net.minecraft.world.level.block.state.BlockBehaviour
[12Jul2025 20:10:28.485] [main/DEBUG] [mixin/]: fabric-object-builder-v1.mixins.json:AbstractBlockAccessor from mod fabric_object_builder_api_v1: Class version 61 required is higher than the class version supported by the current version of Mixin (JAVA_16 supports class version 60)
[12Jul2025 20:10:28.499] [main/DEBUG] [net.minecraftforge.coremod.transformer.CoreModBaseTransformer/COREMOD]: Transforming getAppearance with desc (Lnet/minecraft/world/level/BlockAndTintGetter;Lnet/minecraft/core/BlockPos;Lnet/minecraft/core/Direction;Lnet/minecraft/world/level/block/state/BlockState;Lnet/minecraft/core/BlockPos;)Lnet/minecraft/world/level/block/state/BlockState;
[12Jul2025 20:10:28.506] [main/DEBUG] [net.minecraftforge.coremod.transformer.CoreModBaseTransformer/COREMOD]: Transforming net/minecraftforge/common/extensions/IForgeBlockState
[12Jul2025 20:10:28.515] [main/DEBUG] [mixin/]: Mixing AttachmentTargetsMixin from fabric-data-attachment-api-v1.mixins.json into net.minecraft.world.entity.Entity
[12Jul2025 20:10:28.527] [main/DEBUG] [mixin/]: Mixing EntityMixin from fabric-data-attachment-api-v1.mixins.json into net.minecraft.world.entity.Entity
[12Jul2025 20:10:28.527] [main/DEBUG] [mixin/]: Mixing EntityMixin from balm.mixins.json into net.minecraft.world.entity.Entity
[12Jul2025 20:10:28.531] [main/DEBUG] [mixin/]: Mixing EntityMixin from nyfsspiders.mixins.json into net.minecraft.world.entity.Entity
[12Jul2025 20:10:28.532] [main/DEBUG] [mixin/]: Renaming synthetic method lambda$setDimensionsNew$1(Lnet/minecraft/world/entity/EntityDimensions;)V to md54bf2d$nyfsspiders$lambda$setDimensionsNew$1$0 in nyfsspiders.mixins.json:EntityMixin from mod nyfsspiders
[12Jul2025 20:10:28.532] [main/DEBUG] [mixin/]: Renaming synthetic method lambda$setDimensions$0(Lnet/minecraft/world/entity/EntityDimensions;)V to md54bf2d$nyfsspiders$lambda$setDimensions$0$1 in nyfsspiders.mixins.json:EntityMixin from mod nyfsspiders
[12Jul2025 20:10:28.536] [main/DEBUG] [mixin/]: Mixing EntityMixin from fabric-entity-events-v1.mixins.json into net.minecraft.world.entity.Entity
[12Jul2025 20:10:28.536] [main/DEBUG] [mixin/]: fabric-entity-events-v1.mixins.json:EntityMixin from mod fabric_entity_events_v1: Class version 61 required is higher than the class version supported by the current version of Mixin (JAVA_16 supports class version 60)
[12Jul2025 20:10:28.552] [main/DEBUG] [net.minecraftforge.coremod.transformer.CoreModBaseTransformer/COREMOD]: Transforming net/minecraft/world/entity/EntityType
[12Jul2025 20:10:28.652] [main/DEBUG] [mixin/]: fabric-data-attachment-api-v1.mixins.json:EntityMixin from mod fabric_data_attachment_api_v1->@Inject::readEntityAttachments(Lnet/minecraft/nbt/CompoundTag;Lorg/spongepowered/asm/mixin/injection/callback/CallbackInfo;)V doesn't use it's CallbackInfo
[12Jul2025 20:10:28.652] [main/DEBUG] [mixin/]: fabric-data-attachment-api-v1.mixins.json:EntityMixin from mod fabric_data_attachment_api_v1->@Inject::readEntityAttachments(Lnet/minecraft/nbt/CompoundTag;Lorg/spongepowered/asm/mixin/injection/callback/CallbackInfo;)V has 0 override(s) in child classes
[12Jul2025 20:10:28.652] [main/DEBUG] [mixin/]: fabric-data-attachment-api-v1.mixins.json:EntityMixin from mod fabric_data_attachment_api_v1->@Inject::readEntityAttachments(Lnet/minecraft/nbt/CompoundTag;Lorg/spongepowered/asm/mixin/injection/callback/CallbackInfo;)V won't be passed a CallbackInfo as a result
[12Jul2025 20:10:28.652] [main/DEBUG] [mixin/]: fabric-data-attachment-api-v1.mixins.json:EntityMixin from mod fabric_data_attachment_api_v1->@Inject::writeEntityAttachments(Lnet/minecraft/nbt/CompoundTag;Lorg/spongepowered/asm/mixin/injection/callback/CallbackInfoReturnable;)V doesn't use it's CallbackInfoReturnable
[12Jul2025 20:10:28.653] [main/DEBUG] [mixin/]: fabric-data-attachment-api-v1.mixins.json:EntityMixin from mod fabric_data_attachment_api_v1->@Inject::writeEntityAttachments(Lnet/minecraft/nbt/CompoundTag;Lorg/spongepowered/asm/mixin/injection/callback/CallbackInfoReturnable;)V has 0 override(s) in child classes
[12Jul2025 20:10:28.653] [main/DEBUG] [mixin/]: fabric-data-attachment-api-v1.mixins.json:EntityMixin from mod fabric_data_attachment_api_v1->@Inject::writeEntityAttachments(Lnet/minecraft/nbt/CompoundTag;Lorg/spongepowered/asm/mixin/injection/callback/CallbackInfoReturnable;)V won't be passed a CallbackInfoReturnable as a result
[12Jul2025 20:10:28.653] [main/DEBUG] [mixin/]: balm.mixins.json:EntityMixin from mod balm->@Inject::load(Lnet/minecraft/nbt/CompoundTag;Lorg/spongepowered/asm/mixin/injection/callback/CallbackInfo;)V doesn't use it's CallbackInfo
[12Jul2025 20:10:28.653] [main/DEBUG] [mixin/]: balm.mixins.json:EntityMixin from mod balm->@Inject::load(Lnet/minecraft/nbt/CompoundTag;Lorg/spongepowered/asm/mixin/injection/callback/CallbackInfo;)V has 0 override(s) in child classes
[12Jul2025 20:10:28.653] [main/DEBUG] [mixin/]: balm.mixins.json:EntityMixin from mod balm->@Inject::load(Lnet/minecraft/nbt/CompoundTag;Lorg/spongepowered/asm/mixin/injection/callback/CallbackInfo;)V won't be passed a CallbackInfo as a result
[12Jul2025 20:10:28.653] [main/DEBUG] [mixin/]: balm.mixins.json:EntityMixin from mod balm->@Inject::saveWithoutId(Lnet/minecraft/nbt/CompoundTag;Lorg/spongepowered/asm/mixin/injection/callback/CallbackInfoReturnable;)V doesn't use it's CallbackInfoReturnable
[12Jul2025 20:10:28.653] [main/DEBUG] [mixin/]: balm.mixins.json:EntityMixin from mod balm->@Inject::saveWithoutId(Lnet/minecraft/nbt/CompoundTag;Lorg/spongepowered/asm/mixin/injection/callback/CallbackInfoReturnable;)V has 0 override(s) in child classes
[12Jul2025 20:10:28.653] [main/DEBUG] [mixin/]: balm.mixins.json:EntityMixin from mod balm->@Inject::saveWithoutId(Lnet/minecraft/nbt/CompoundTag;Lorg/spongepowered/asm/mixin/injection/callback/CallbackInfoReturnable;)V won't be passed a CallbackInfoReturnable as a result
[12Jul2025 20:10:28.653] [main/DEBUG] [mixin/]: nyfsspiders.mixins.json:EntityMixin from mod nyfsspiders->@Inject::setDimensions(Lnet/minecraft/world/entity/EntityType;Lnet/minecraft/world/level/Level;Lorg/spongepowered/asm/mixin/injection/callback/CallbackInfo;)V doesn't use it's CallbackInfo
[12Jul2025 20:10:28.653] [main/DEBUG] [mixin/]: nyfsspiders.mixins.json:EntityMixin from mod nyfsspiders->@Inject::setDimensions(Lnet/minecraft/world/entity/EntityType;Lnet/minecraft/world/level/Level;Lorg/spongepowered/asm/mixin/injection/callback/CallbackInfo;)V has 0 override(s) in child classes
[12Jul2025 20:10:28.653] [main/DEBUG] [mixin/]: nyfsspiders.mixins.json:EntityMixin from mod nyfsspiders->@Inject::setDimensions(Lnet/minecraft/world/entity/EntityType;Lnet/minecraft/world/level/Level;Lorg/spongepowered/asm/mixin/injection/callback/CallbackInfo;)V won't be passed a CallbackInfo as a result
[12Jul2025 20:10:28.653] [main/DEBUG] [mixin/]: nyfsspiders.mixins.json:EntityMixin from mod nyfsspiders->@Inject::setDimensionsNew(Lorg/spongepowered/asm/mixin/injection/callback/CallbackInfo;)V doesn't use it's CallbackInfo
[12Jul2025 20:10:28.653] [main/DEBUG] [mixin/]: nyfsspiders.mixins.json:EntityMixin from mod nyfsspiders->@Inject::setDimensionsNew(Lorg/spongepowered/asm/mixin/injection/callback/CallbackInfo;)V has 0 override(s) in child classes
[12Jul2025 20:10:28.653] [main/DEBUG] [mixin/]: nyfsspiders.mixins.json:EntityMixin from mod nyfsspiders->@Inject::setDimensionsNew(Lorg/spongepowered/asm/mixin/injection/callback/CallbackInfo;)V won't be passed a CallbackInfo as a result
[12Jul2025 20:10:28.654] [main/DEBUG] [mixin/]: nyfsspiders.mixins.json:EntityMixin from mod nyfsspiders->@Inject::onMovePre(Lnet/minecraft/world/entity/MoverType;Lnet/minecraft/world/phys/Vec3;Lorg/spongepowered/asm/mixin/injection/callback/CallbackInfo;)V does use it's CallbackInfo
[12Jul2025 20:10:28.654] [main/DEBUG] [mixin/]: nyfsspiders.mixins.json:EntityMixin from mod nyfsspiders->@Inject::onMovePost(Lnet/minecraft/world/entity/MoverType;Lnet/minecraft/world/phys/Vec3;Lorg/spongepowered/asm/mixin/injection/callback/CallbackInfo;)V doesn't use it's CallbackInfo
[12Jul2025 20:10:28.654] [main/DEBUG] [mixin/]: nyfsspiders.mixins.json:EntityMixin from mod nyfsspiders->@Inject::onMovePost(Lnet/minecraft/world/entity/MoverType;Lnet/minecraft/world/phys/Vec3;Lorg/spongepowered/asm/mixin/injection/callback/CallbackInfo;)V has 0 override(s) in child classes
[12Jul2025 20:10:28.654] [main/DEBUG] [mixin/]: nyfsspiders.mixins.json:EntityMixin from mod nyfsspiders->@Inject::onMovePost(Lnet/minecraft/world/entity/MoverType;Lnet/minecraft/world/phys/Vec3;Lorg/spongepowered/asm/mixin/injection/callback/CallbackInfo;)V won't be passed a CallbackInfo as a result
[12Jul2025 20:10:28.654] [main/DEBUG] [mixin/]: nyfsspiders.mixins.json:EntityMixin from mod nyfsspiders->@Inject::onMovePost(Lnet/minecraft/world/entity/MoverType;Lnet/minecraft/world/phys/Vec3;Lorg/spongepowered/asm/mixin/injection/callback/CallbackInfo;)V doesn't use it's CallbackInfo
[12Jul2025 20:10:28.654] [main/DEBUG] [mixin/]: nyfsspiders.mixins.json:EntityMixin from mod nyfsspiders->@Inject::onMovePost(Lnet/minecraft/world/entity/MoverType;Lnet/minecraft/world/phys/Vec3;Lorg/spongepowered/asm/mixin/injection/callback/CallbackInfo;)V has 0 override(s) in child classes
[12Jul2025 20:10:28.654] [main/DEBUG] [mixin/]: nyfsspiders.mixins.json:EntityMixin from mod nyfsspiders->@Inject::onMovePost(Lnet/minecraft/world/entity/MoverType;Lnet/minecraft/world/phys/Vec3;Lorg/spongepowered/asm/mixin/injection/callback/CallbackInfo;)V won't be passed a CallbackInfo as a result
[12Jul2025 20:10:28.654] [main/DEBUG] [mixin/]: nyfsspiders.mixins.json:EntityMixin from mod nyfsspiders->@Inject::onGetOnPosition(Lorg/spongepowered/asm/mixin/injection/callback/CallbackInfoReturnable;)V does use it's CallbackInfoReturnable
[12Jul2025 20:10:28.655] [main/DEBUG] [mixin/]: nyfsspiders.mixins.json:EntityMixin from mod nyfsspiders->@Inject::onRead(Lnet/minecraft/nbt/CompoundTag;Lorg/spongepowered/asm/mixin/injection/callback/CallbackInfo;)V doesn't use it's CallbackInfo
[12Jul2025 20:10:28.655] [main/DEBUG] [mixin/]: nyfsspiders.mixins.json:EntityMixin from mod nyfsspiders->@Inject::onRead(Lnet/minecraft/nbt/CompoundTag;Lorg/spongepowered/asm/mixin/injection/callback/CallbackInfo;)V has 0 override(s) in child classes
[12Jul2025 20:10:28.655] [main/DEBUG] [mixin/]: nyfsspiders.mixins.json:EntityMixin from mod nyfsspiders->@Inject::onRead(Lnet/minecraft/nbt/CompoundTag;Lorg/spongepowered/asm/mixin/injection/callback/CallbackInfo;)V won't be passed a CallbackInfo as a result
[12Jul2025 20:10:28.655] [main/DEBUG] [mixin/]: nyfsspiders.mixins.json:EntityMixin from mod nyfsspiders->@Inject::onWrite(Lnet/minecraft/nbt/CompoundTag;Lorg/spongepowered/asm/mixin/injection/callback/CallbackInfoReturnable;)V doesn't use it's CallbackInfoReturnable
[12Jul2025 20:10:28.655] [main/DEBUG] [mixin/]: nyfsspiders.mixins.json:EntityMixin from mod nyfsspiders->@Inject::onWrite(Lnet/minecraft/nbt/CompoundTag;Lorg/spongepowered/asm/mixin/injection/callback/CallbackInfoReturnable;)V has 0 override(s) in child classes
[12Jul2025 20:10:28.655] [main/DEBUG] [mixin/]: nyfsspiders.mixins.json:EntityMixin from mod nyfsspiders->@Inject::onWrite(Lnet/minecraft/nbt/CompoundTag;Lorg/spongepowered/asm/mixin/injection/callback/CallbackInfoReturnable;)V won't be passed a CallbackInfoReturnable as a result
[12Jul2025 20:10:28.655] [main/DEBUG] [mixin/]: fabric-entity-events-v1.mixins.json:EntityMixin from mod fabric_entity_events_v1->@Inject::afterWorldChanged(Lnet/minecraft/server/level/ServerLevel;Lorg/spongepowered/asm/mixin/injection/callback/CallbackInfoReturnable;)V does use it's CallbackInfoReturnable
[12Jul2025 20:10:28.655] [main/DEBUG] [mixin/]: fabric-entity-events-v1.mixins.json:EntityMixin from mod fabric_entity_events_v1->@Inject::afterEntityTeleportedToWorld(Lnet/minecraft/server/level/ServerLevel;DDDLjava/util/Set;FFLorg/spongepowered/asm/mixin/injection/callback/CallbackInfoReturnable;FLnet/minecraft/world/entity/Entity;)V doesn't use it's CallbackInfoReturnable
[12Jul2025 20:10:28.655] [main/DEBUG] [mixin/]: fabric-entity-events-v1.mixins.json:EntityMixin from mod fabric_entity_events_v1->@Inject::afterEntityTeleportedToWorld(Lnet/minecraft/server/level/ServerLevel;DDDLjava/util/Set;FFLorg/spongepowered/asm/mixin/injection/callback/CallbackInfoReturnable;FLnet/minecraft/world/entity/Entity;)V has 0 override(s) in child classes
[12Jul2025 20:10:28.656] [main/DEBUG] [mixin/]: fabric-entity-events-v1.mixins.json:EntityMixin from mod fabric_entity_events_v1->@Inject::afterEntityTeleportedToWorld(Lnet/minecraft/server/level/ServerLevel;DDDLjava/util/Set;FFLorg/spongepowered/asm/mixin/injection/callback/CallbackInfoReturnable;FLnet/minecraft/world/entity/Entity;)V won't be passed a CallbackInfoReturnable as a result
[12Jul2025 20:10:28.693] [main/DEBUG] [net.minecraftforge.coremod.transformer.CoreModBaseTransformer/COREMOD]: Transforming m_147215_ with desc (Lnet/minecraft/world/effect/MobEffectInstance;Lnet/minecraft/world/entity/Entity;)V
[12Jul2025 20:10:28.693] [main/DEBUG] [net.minecraftforge.coremod.CoreMod.connectormod/COREMODLOG]: Expanded local variable scope for LivingEntity#forceAddEffect index 3
[12Jul2025 20:10:28.694] [main/DEBUG] [net.minecraftforge.coremod.transformer.CoreModBaseTransformer/COREMOD]: Transforming m_6672_ with desc (Lnet/minecraft/world/InteractionHand;)V
[12Jul2025 20:10:28.694] [main/DEBUG] [net.minecraftforge.coremod.CoreMod.connectormod/COREMODLOG]: Updated onItemUseStart duration threshold
[12Jul2025 20:10:28.697] [main/DEBUG] [mixin/]: Mixing LivingEntityMixin from nyfsspiders.mixins.json into net.minecraft.world.entity.LivingEntity
[12Jul2025 20:10:28.701] [main/DEBUG] [mixin/]: Mixing LivingEntityMixin from fabric-entity-events-v1.mixins.json into net.minecraft.world.entity.LivingEntity
[12Jul2025 20:10:28.701] [main/DEBUG] [mixin/]: fabric-entity-events-v1.mixins.json:LivingEntityMixin from mod fabric_entity_events_v1: Class version 61 required is higher than the class version supported by the current version of Mixin (JAVA_16 supports class version 60)
[12Jul2025 20:10:28.716] [main/DEBUG] [net.minecraftforge.coremod.transformer.CoreModBaseTransformer/COREMOD]: Transforming getAppearance with desc (Lnet/minecraft/world/level/BlockAndTintGetter;Lnet/minecraft/core/BlockPos;Lnet/minecraft/core/Direction;Lnet/minecraft/world/level/block/state/BlockState;Lnet/minecraft/core/BlockPos;)Lnet/minecraft/world/level/block/state/BlockState;
[12Jul2025 20:10:28.717] [main/DEBUG] [net.minecraftforge.coremod.transformer.CoreModBaseTransformer/COREMOD]: Transforming net/minecraftforge/common/extensions/IForgeBlockState
[12Jul2025 20:10:28.749] [main/DEBUG] [mixin/]: Mixing elytra.LivingEntityMixin from fabric-entity-events-v1.mixins.json into net.minecraft.world.entity.LivingEntity
[12Jul2025 20:10:28.749] [main/DEBUG] [mixin/]: fabric-entity-events-v1.mixins.json:elytra.LivingEntityMixin from mod fabric_entity_events_v1: Class version 61 required is higher than the class version supported by the current version of Mixin (JAVA_16 supports class version 60)
[12Jul2025 20:10:28.753] [main/DEBUG] [mixin/]: Mixing LivingEntityMixin from fabric-lifecycle-events-v1.mixins.json into net.minecraft.world.entity.LivingEntity
[12Jul2025 20:10:28.800] [main/DEBUG] [mixin/]: nyfsspiders.mixins.json:LivingEntityMixin from mod nyfsspiders->@Inject::onNotifyDataManagerChange(Lnet/minecraft/network/syncher/EntityDataAccessor;Lorg/spongepowered/asm/mixin/injection/callback/CallbackInfo;)V doesn't use it's CallbackInfo
[12Jul2025 20:10:28.800] [main/DEBUG] [mixin/]: nyfsspiders.mixins.json:LivingEntityMixin from mod nyfsspiders->@Inject::onNotifyDataManagerChange(Lnet/minecraft/network/syncher/EntityDataAccessor;Lorg/spongepowered/asm/mixin/injection/callback/CallbackInfo;)V has 0 override(s) in child classes
[12Jul2025 20:10:28.800] [main/DEBUG] [mixin/]: nyfsspiders.mixins.json:LivingEntityMixin from mod nyfsspiders->@Inject::onNotifyDataManagerChange(Lnet/minecraft/network/syncher/EntityDataAccessor;Lorg/spongepowered/asm/mixin/injection/callback/CallbackInfo;)V won't be passed a CallbackInfo as a result
[12Jul2025 20:10:28.800] [main/DEBUG] [mixin/]: nyfsspiders.mixins.json:LivingEntityMixin from mod nyfsspiders->@Inject::onTravelPre(Lnet/minecraft/world/phys/Vec3;Lorg/spongepowered/asm/mixin/injection/callback/CallbackInfo;)V does use it's CallbackInfo
[12Jul2025 20:10:28.800] [main/DEBUG] [mixin/]: nyfsspiders.mixins.json:LivingEntityMixin from mod nyfsspiders->@Inject::onTravelPost(Lnet/minecraft/world/phys/Vec3;Lorg/spongepowered/asm/mixin/injection/callback/CallbackInfo;)V doesn't use it's CallbackInfo
[12Jul2025 20:10:28.800] [main/DEBUG] [mixin/]: nyfsspiders.mixins.json:LivingEntityMixin from mod nyfsspiders->@Inject::onTravelPost(Lnet/minecraft/world/phys/Vec3;Lorg/spongepowered/asm/mixin/injection/callback/CallbackInfo;)V has 0 override(s) in child classes
[12Jul2025 20:10:28.800] [main/DEBUG] [mixin/]: nyfsspiders.mixins.json:LivingEntityMixin from mod nyfsspiders->@Inject::onTravelPost(Lnet/minecraft/world/phys/Vec3;Lorg/spongepowered/asm/mixin/injection/callback/CallbackInfo;)V won't be passed a CallbackInfo as a result
[12Jul2025 20:10:28.800] [main/DEBUG] [mixin/]: nyfsspiders.mixins.json:LivingEntityMixin from mod nyfsspiders->@Inject::onJump(Lorg/spongepowered/asm/mixin/injection/callback/CallbackInfo;)V does use it's CallbackInfo
[12Jul2025 20:10:28.802] [main/DEBUG] [mixin/]: fabric-entity-events-v1.mixins.json:LivingEntityMixin from mod fabric_entity_events_v1->@Inject::notifyDeath(Lnet/minecraft/world/damagesource/DamageSource;Lorg/spongepowered/asm/mixin/injection/callback/CallbackInfo;)V doesn't use it's CallbackInfo
[12Jul2025 20:10:28.802] [main/DEBUG] [mixin/]: fabric-entity-events-v1.mixins.json:LivingEntityMixin from mod fabric_entity_events_v1->@Inject::notifyDeath(Lnet/minecraft/world/damagesource/DamageSource;Lorg/spongepowered/asm/mixin/injection/callback/CallbackInfo;)V has 0 override(s) in child classes
[12Jul2025 20:10:28.802] [main/DEBUG] [mixin/]: fabric-entity-events-v1.mixins.json:LivingEntityMixin from mod fabric_entity_events_v1->@Inject::notifyDeath(Lnet/minecraft/world/damagesource/DamageSource;Lorg/spongepowered/asm/mixin/injection/callback/CallbackInfo;)V won't be passed a CallbackInfo as a result
[12Jul2025 20:10:28.802] [main/DEBUG] [mixin/]: fabric-entity-events-v1.mixins.json:LivingEntityMixin from mod fabric_entity_events_v1->@Inject::onSleep(Lnet/minecraft/core/BlockPos;Lorg/spongepowered/asm/mixin/injection/callback/CallbackInfo;)V doesn't use it's CallbackInfo
[12Jul2025 20:10:28.803] [main/DEBUG] [mixin/]: fabric-entity-events-v1.mixins.json:LivingEntityMixin from mod fabric_entity_events_v1->@Inject::onSleep(Lnet/minecraft/core/BlockPos;Lorg/spongepowered/asm/mixin/injection/callback/CallbackInfo;)V has 0 override(s) in child classes
[12Jul2025 20:10:28.803] [main/DEBUG] [mixin/]: fabric-entity-events-v1.mixins.json:LivingEntityMixin from mod fabric_entity_events_v1->@Inject::onSleep(Lnet/minecraft/core/BlockPos;Lorg/spongepowered/asm/mixin/injection/callback/CallbackInfo;)V won't be passed a CallbackInfo as a result
[12Jul2025 20:10:28.803] [main/DEBUG] [mixin/]: fabric-entity-events-v1.mixins.json:LivingEntityMixin from mod fabric_entity_events_v1->@Inject::onWakeUp(Lorg/spongepowered/asm/mixin/injection/callback/CallbackInfo;)V doesn't use it's CallbackInfo
[12Jul2025 20:10:28.803] [main/DEBUG] [mixin/]: fabric-entity-events-v1.mixins.json:LivingEntityMixin from mod fabric_entity_events_v1->@Inject::onWakeUp(Lorg/spongepowered/asm/mixin/injection/callback/CallbackInfo;)V has 0 override(s) in child classes
[12Jul2025 20:10:28.803] [main/DEBUG] [mixin/]: fabric-entity-events-v1.mixins.json:LivingEntityMixin from mod fabric_entity_events_v1->@Inject::onWakeUp(Lorg/spongepowered/asm/mixin/injection/callback/CallbackInfo;)V won't be passed a CallbackInfo as a result
[12Jul2025 20:10:28.803] [main/DEBUG] [mixin/]: fabric-entity-events-v1.mixins.json:LivingEntityMixin from mod fabric_entity_events_v1->@Inject::onGetSleepingDirection(Lorg/spongepowered/asm/mixin/injection/callback/CallbackInfoReturnable;Lnet/minecraft/core/BlockPos;)V does use it's CallbackInfoReturnable
[12Jul2025 20:10:28.803] [main/DEBUG] [mixin/]: fabric-entity-events-v1.mixins.json:LivingEntityMixin from mod fabric_entity_events_v1->@Inject::onGetSleepingDirection(Lorg/spongepowered/asm/mixin/injection/callback/CallbackInfoReturnable;Lnet/minecraft/core/BlockPos;)V does use it's CallbackInfoReturnable
[12Jul2025 20:10:28.804] [main/DEBUG] [mixin/]: fabric-entity-events-v1.mixins.json:elytra.LivingEntityMixin from mod fabric_entity_events_v1->@Inject::injectElytraTick(Lorg/spongepowered/asm/mixin/injection/callback/CallbackInfo;)V does use it's CallbackInfo
[12Jul2025 20:10:28.809] [main/DEBUG] [mixin/]: fabric-lifecycle-events-v1.mixins.json:LivingEntityMixin from mod fabric_lifecycle_events_v1->@Inject::getEquipmentChanges(Lorg/spongepowered/asm/mixin/injection/callback/CallbackInfoReturnable;Ljava/util/Map;[Lnet/minecraft/world/entity/EquipmentSlot;IILnet/minecraft/world/entity/EquipmentSlot;Lnet/minecraft/world/item/ItemStack;Lnet/minecraft/world/item/ItemStack;)V doesn't use it's CallbackInfoReturnable
[12Jul2025 20:10:28.809] [main/DEBUG] [mixin/]: fabric-lifecycle-events-v1.mixins.json:LivingEntityMixin from mod fabric_lifecycle_events_v1->@Inject::getEquipmentChanges(Lorg/spongepowered/asm/mixin/injection/callback/CallbackInfoReturnable;Ljava/util/Map;[Lnet/minecraft/world/entity/EquipmentSlot;IILnet/minecraft/world/entity/EquipmentSlot;Lnet/minecraft/world/item/ItemStack;Lnet/minecraft/world/item/ItemStack;)V has 0 override(s) in child classes
[12Jul2025 20:10:28.809] [main/DEBUG] [mixin/]: fabric-lifecycle-events-v1.mixins.json:LivingEntityMixin from mod fabric_lifecycle_events_v1->@Inject::getEquipmentChanges(Lorg/spongepowered/asm/mixin/injection/callback/CallbackInfoReturnable;Ljava/util/Map;[Lnet/minecraft/world/entity/EquipmentSlot;IILnet/minecraft/world/entity/EquipmentSlot;Lnet/minecraft/world/item/ItemStack;Lnet/minecraft/world/item/ItemStack;)V won't be passed a CallbackInfoReturnable as a result
[12Jul2025 20:10:28.852] [main/DEBUG] [mixin/]: Mixing BlockViewMixin from fabric-block-view-api-v2.mixins.json into net.minecraft.world.level.BlockGetter
[12Jul2025 20:10:28.868] [main/DEBUG] [mixin/]: Mixing AttachmentTargetsMixin from fabric-data-attachment-api-v1.mixins.json into net.minecraft.world.level.Level
[12Jul2025 20:10:28.877] [main/DEBUG] [mixin/]: Mixing WorldMixin from fabric-lifecycle-events-v1.mixins.json into net.minecraft.world.level.Level
[12Jul2025 20:10:28.913] [main/DEBUG] [mixin/]: Mixing WorldViewMixin from fabric-rendering-data-attachment-v1.mixins.json into net.minecraft.world.level.LevelReader
[12Jul2025 20:10:28.928] [main/DEBUG] [mixin/]: Mixing ServerWorldMixin from fabric-data-attachment-api-v1.mixins.json into net.minecraft.server.level.ServerLevel
[12Jul2025 20:10:28.929] [main/DEBUG] [mixin/]: Renaming synthetic method lambda$createAttachmentsPersistentState$1(Lnet/minecraft/server/level/ServerLevel;)Lnet/fabricmc/fabric/impl/attachment/AttachmentPersistentState; to md54bf2d$fabric_data_attachment_api_v1$lambda$createAttachmentsPersistentState$1$0 in fabric-data-attachment-api-v1.mixins.json:ServerWorldMixin from mod fabric_data_attachment_api_v1
[12Jul2025 20:10:28.929] [main/DEBUG] [mixin/]: Renaming synthetic method lambda$createAttachmentsPersistentState$0(Lnet/minecraft/server/level/ServerLevel;Lnet/minecraft/nbt/CompoundTag;)Lnet/fabricmc/fabric/impl/attachment/AttachmentPersistentState; to md54bf2d$fabric_data_attachment_api_v1$lambda$createAttachmentsPersistentState$0$1 in fabric-data-attachment-api-v1.mixins.json:ServerWorldMixin from mod fabric_data_attachment_api_v1
[12Jul2025 20:10:28.961] [main/DEBUG] [mixin/]: Mixing MixinServerWorld from surveyor.mixins.json into net.minecraft.server.level.ServerLevel
[12Jul2025 20:10:28.975] [main/DEBUG] [mixin/]: Mixing ServerWorldMixin from fabric-api-lookup-api-v1.mixins.json into net.minecraft.server.level.ServerLevel
[12Jul2025 20:10:28.976] [main/DEBUG] [mixin/]: fabric-api-lookup-api-v1.mixins.json:ServerWorldMixin from mod fabric_api_lookup_api_v1: Class version 61 required is higher than the class version supported by the current version of Mixin (JAVA_16 supports class version 60)
[12Jul2025 20:10:28.977] [main/DEBUG] [mixin/]: Renaming synthetic method lambda$fabric_invalidateCache$5(Ljava/util/Map$Entry;)Z to md54bf2d$fabric_api_lookup_api_v1$lambda$fabric_invalidateCache$5$2 in fabric-api-lookup-api-v1.mixins.json:ServerWorldMixin from mod fabric_api_lookup_api_v1
[12Jul2025 20:10:28.978] [main/DEBUG] [mixin/]: Renaming synthetic method lambda$fabric_invalidateCache$4(Ljava/lang/ref/WeakReference;)Z to md54bf2d$fabric_api_lookup_api_v1$lambda$fabric_invalidateCache$4$3 in fabric-api-lookup-api-v1.mixins.json:ServerWorldMixin from mod fabric_api_lookup_api_v1
[12Jul2025 20:10:28.978] [main/DEBUG] [mixin/]: Renaming synthetic method lambda$fabric_invalidateCache$3(Ljava/lang/ref/WeakReference;)V to md54bf2d$fabric_api_lookup_api_v1$lambda$fabric_invalidateCache$3$4 in fabric-api-lookup-api-v1.mixins.json:ServerWorldMixin from mod fabric_api_lookup_api_v1
[12Jul2025 20:10:28.978] [main/DEBUG] [mixin/]: Renaming synthetic method lambda$fabric_invalidateCache$2(Ljava/lang/ref/WeakReference;)Z to md54bf2d$fabric_api_lookup_api_v1$lambda$fabric_invalidateCache$2$5 in fabric-api-lookup-api-v1.mixins.json:ServerWorldMixin from mod fabric_api_lookup_api_v1
[12Jul2025 20:10:28.979] [main/DEBUG] [mixin/]: Renaming synthetic method lambda$fabric_registerCache$1(Ljava/lang/ref/WeakReference;)Z to md54bf2d$fabric_api_lookup_api_v1$lambda$fabric_registerCache$1$6 in fabric-api-lookup-api-v1.mixins.json:ServerWorldMixin from mod fabric_api_lookup_api_v1
[12Jul2025 20:10:28.979] [main/DEBUG] [mixin/]: Renaming synthetic method lambda$fabric_registerCache$0(Lnet/minecraft/core/BlockPos;)Ljava/util/List; to md54bf2d$fabric_api_lookup_api_v1$lambda$fabric_registerCache$0$7 in fabric-api-lookup-api-v1.mixins.json:ServerWorldMixin from mod fabric_api_lookup_api_v1
[12Jul2025 20:10:28.995] [main/DEBUG] [mixin/]: Mixing ServerWorldMixin from fabric-lifecycle-events-v1.mixins.json into net.minecraft.server.level.ServerLevel
[12Jul2025 20:10:29.032] [main/DEBUG] [mixin/]: fabric-data-attachment-api-v1.mixins.json:ServerWorldMixin from mod fabric_data_attachment_api_v1->@Inject::createAttachmentsPersistentState(Lorg/spongepowered/asm/mixin/injection/callback/CallbackInfo;)V doesn't use it's CallbackInfo
[12Jul2025 20:10:29.032] [main/DEBUG] [mixin/]: fabric-data-attachment-api-v1.mixins.json:ServerWorldMixin from mod fabric_data_attachment_api_v1->@Inject::createAttachmentsPersistentState(Lorg/spongepowered/asm/mixin/injection/callback/CallbackInfo;)V has 0 override(s) in child classes
[12Jul2025 20:10:29.032] [main/DEBUG] [mixin/]: fabric-data-attachment-api-v1.mixins.json:ServerWorldMixin from mod fabric_data_attachment_api_v1->@Inject::createAttachmentsPersistentState(Lorg/spongepowered/asm/mixin/injection/callback/CallbackInfo;)V won't be passed a CallbackInfo as a result
[12Jul2025 20:10:29.032] [main/DEBUG] [mixin/]: surveyor.mixins.json:MixinServerWorld from mod surveyor->@Inject::loadSummary(Lorg/spongepowered/asm/mixin/injection/callback/CallbackInfo;)V doesn't use it's CallbackInfo
[12Jul2025 20:10:29.032] [main/DEBUG] [mixin/]: surveyor.mixins.json:MixinServerWorld from mod surveyor->@Inject::loadSummary(Lorg/spongepowered/asm/mixin/injection/callback/CallbackInfo;)V has 0 override(s) in child classes
[12Jul2025 20:10:29.033] [main/DEBUG] [mixin/]: surveyor.mixins.json:MixinServerWorld from mod surveyor->@Inject::loadSummary(Lorg/spongepowered/asm/mixin/injection/callback/CallbackInfo;)V won't be passed a CallbackInfo as a result
[12Jul2025 20:10:29.033] [main/DEBUG] [mixin/]: surveyor.mixins.json:MixinServerWorld from mod surveyor->@Inject::onPointOfInterestAdded(Lnet/minecraft/core/BlockPos;Lnet/minecraft/core/Holder;Lorg/spongepowered/asm/mixin/injection/callback/CallbackInfo;)V doesn't use it's CallbackInfo
[12Jul2025 20:10:29.033] [main/DEBUG] [mixin/]: surveyor.mixins.json:MixinServerWorld from mod surveyor->@Inject::onPointOfInterestAdded(Lnet/minecraft/core/BlockPos;Lnet/minecraft/core/Holder;Lorg/spongepowered/asm/mixin/injection/callback/CallbackInfo;)V has 0 override(s) in child classes
[12Jul2025 20:10:29.033] [main/DEBUG] [mixin/]: surveyor.mixins.json:MixinServerWorld from mod surveyor->@Inject::onPointOfInterestAdded(Lnet/minecraft/core/BlockPos;Lnet/minecraft/core/Holder;Lorg/spongepowered/asm/mixin/injection/callback/CallbackInfo;)V won't be passed a CallbackInfo as a result
[12Jul2025 20:10:29.033] [main/DEBUG] [mixin/]: surveyor.mixins.json:MixinServerWorld from mod surveyor->@Inject::onPointOfInterestRemoved(Lnet/minecraft/core/BlockPos;Lorg/spongepowered/asm/mixin/injection/callback/CallbackInfo;)V doesn't use it's CallbackInfo
[12Jul2025 20:10:29.033] [main/DEBUG] [mixin/]: surveyor.mixins.json:MixinServerWorld from mod surveyor->@Inject::onPointOfInterestRemoved(Lnet/minecraft/core/BlockPos;Lorg/spongepowered/asm/mixin/injection/callback/CallbackInfo;)V has 0 override(s) in child classes
[12Jul2025 20:10:29.033] [main/DEBUG] [mixin/]: surveyor.mixins.json:MixinServerWorld from mod surveyor->@Inject::onPointOfInterestRemoved(Lnet/minecraft/core/BlockPos;Lorg/spongepowered/asm/mixin/injection/callback/CallbackInfo;)V won't be passed a CallbackInfo as a result
[12Jul2025 20:10:29.033] [main/DEBUG] [mixin/]: fabric-lifecycle-events-v1.mixins.json:ServerWorldMixin from mod fabric_lifecycle_events_v1->@Inject::startWorldTick(Ljava/util/function/BooleanSupplier;Lorg/spongepowered/asm/mixin/injection/callback/CallbackInfo;)V doesn't use it's CallbackInfo
[12Jul2025 20:10:29.033] [main/DEBUG] [mixin/]: fabric-lifecycle-events-v1.mixins.json:ServerWorldMixin from mod fabric_lifecycle_events_v1->@Inject::startWorldTick(Ljava/util/function/BooleanSupplier;Lorg/spongepowered/asm/mixin/injection/callback/CallbackInfo;)V has 0 override(s) in child classes
[12Jul2025 20:10:29.033] [main/DEBUG] [mixin/]: fabric-lifecycle-events-v1.mixins.json:ServerWorldMixin from mod fabric_lifecycle_events_v1->@Inject::startWorldTick(Ljava/util/function/BooleanSupplier;Lorg/spongepowered/asm/mixin/injection/callback/CallbackInfo;)V won't be passed a CallbackInfo as a result
[12Jul2025 20:10:29.033] [main/DEBUG] [mixin/]: fabric-lifecycle-events-v1.mixins.json:ServerWorldMixin from mod fabric_lifecycle_events_v1->@Inject::endWorldTick(Ljava/util/function/BooleanSupplier;Lorg/spongepowered/asm/mixin/injection/callback/CallbackInfo;)V doesn't use it's CallbackInfo
[12Jul2025 20:10:29.033] [main/DEBUG] [mixin/]: fabric-lifecycle-events-v1.mixins.json:ServerWorldMixin from mod fabric_lifecycle_events_v1->@Inject::endWorldTick(Ljava/util/function/BooleanSupplier;Lorg/spongepowered/asm/mixin/injection/callback/CallbackInfo;)V has 0 override(s) in child classes
[12Jul2025 20:10:29.034] [main/DEBUG] [mixin/]: fabric-lifecycle-events-v1.mixins.json:ServerWorldMixin from mod fabric_lifecycle_events_v1->@Inject::endWorldTick(Ljava/util/function/BooleanSupplier;Lorg/spongepowered/asm/mixin/injection/callback/CallbackInfo;)V won't be passed a CallbackInfo as a result
[12Jul2025 20:10:29.066] [main/DEBUG] [mixin/]: Mixing PlayerEntityMixin from fabric-entity-events-v1.mixins.json into net.minecraft.world.entity.player.Player
[12Jul2025 20:10:29.066] [main/DEBUG] [mixin/]: fabric-entity-events-v1.mixins.json:PlayerEntityMixin from mod fabric_entity_events_v1: Class version 61 required is higher than the class version supported by the current version of Mixin (JAVA_16 supports class version 60)
[12Jul2025 20:10:29.067] [main/DEBUG] [mixin/]: Mixing elytra.PlayerEntityMixin from fabric-entity-events-v1.mixins.json into net.minecraft.world.entity.player.Player
[12Jul2025 20:10:29.067] [main/DEBUG] [mixin/]: fabric-entity-events-v1.mixins.json:elytra.PlayerEntityMixin from mod fabric_entity_events_v1: Class version 61 required is higher than the class version supported by the current version of Mixin (JAVA_16 supports class version 60)
[12Jul2025 20:10:29.074] [main/DEBUG] [mixin/]: fabric-entity-events-v1.mixins.json:PlayerEntityMixin from mod fabric_entity_events_v1->@Inject::onIsSleepingLongEnough(Lorg/spongepowered/asm/mixin/injection/callback/CallbackInfoReturnable;)V does use it's CallbackInfoReturnable
[12Jul2025 20:10:29.074] [main/DEBUG] [mixin/]: fabric-entity-events-v1.mixins.json:elytra.PlayerEntityMixin from mod fabric_entity_events_v1->@Inject::injectElytraCheck(Lorg/spongepowered/asm/mixin/injection/callback/CallbackInfoReturnable;)V does use it's CallbackInfoReturnable
[12Jul2025 20:10:29.096] [main/DEBUG] [mixin/]: Mixing RegistryManagerMixin from fabric-registry-sync-v0.mixins.json into net.minecraftforge.registries.RegistryManager
[12Jul2025 20:10:29.096] [main/DEBUG] [mixin/]: fabric-registry-sync-v0.mixins.json:RegistryManagerMixin from mod fabric_registry_sync_v0: Class version 61 required is higher than the class version supported by the current version of Mixin (JAVA_16 supports class version 60)
[12Jul2025 20:10:29.098] [main/DEBUG] [mixin/]: fabric-registry-sync-v0.mixins.json:RegistryManagerMixin from mod fabric_registry_sync_v0->@Inject::beforePostNewRegistryEvent(Lorg/spongepowered/asm/mixin/injection/callback/CallbackInfo;)V doesn't use it's CallbackInfo
[12Jul2025 20:10:29.117] [main/DEBUG] [mixin/]: Mixing registries.NamespacedWrapperMixin from connectormod.mixins.json into net.minecraftforge.registries.NamespacedWrapper
[12Jul2025 20:10:29.118] [main/DEBUG] [mixin/]: Mixing NamespacedWrapperMixin from fabric-registry-sync-v0.mixins.json into net.minecraftforge.registries.NamespacedWrapper
[12Jul2025 20:10:29.118] [main/DEBUG] [mixin/]: fabric-registry-sync-v0.mixins.json:NamespacedWrapperMixin from mod fabric_registry_sync_v0: Class version 61 required is higher than the class version supported by the current version of Mixin (JAVA_16 supports class version 60)
[12Jul2025 20:10:29.121] [main/DEBUG] [mixin/]: fabric-registry-sync-v0.mixins.json:NamespacedWrapperMixin from mod fabric_registry_sync_v0->@Inject::setPost(ILnet/minecraft/resources/ResourceKey;Ljava/lang/Object;Lcom/mojang/serialization/Lifecycle;Lorg/spongepowered/asm/mixin/injection/callback/CallbackInfoReturnable;)V doesn't use it's CallbackInfoReturnable
[12Jul2025 20:10:29.121] [main/DEBUG] [mixin/]: fabric-registry-sync-v0.mixins.json:NamespacedWrapperMixin from mod fabric_registry_sync_v0->@Inject::setPost(ILnet/minecraft/resources/ResourceKey;Ljava/lang/Object;Lcom/mojang/serialization/Lifecycle;Lorg/spongepowered/asm/mixin/injection/callback/CallbackInfoReturnable;)V has 0 override(s) in child classes
[12Jul2025 20:10:29.122] [main/DEBUG] [mixin/]: fabric-registry-sync-v0.mixins.json:NamespacedWrapperMixin from mod fabric_registry_sync_v0->@Inject::setPost(ILnet/minecraft/resources/ResourceKey;Ljava/lang/Object;Lcom/mojang/serialization/Lifecycle;Lorg/spongepowered/asm/mixin/injection/callback/CallbackInfoReturnable;)V won't be passed a CallbackInfoReturnable as a result
[12Jul2025 20:10:29.127] [main/DEBUG] [mixin/]: Mixing FluidMixin from fabric-transfer-api-v1.mixins.json into net.minecraft.world.level.material.Fluid
[12Jul2025 20:10:29.127] [main/DEBUG] [mixin/]: fabric-transfer-api-v1.mixins.json:FluidMixin from mod fabric_transfer_api_v1: Class version 61 required is higher than the class version supported by the current version of Mixin (JAVA_16 supports class version 60)
[12Jul2025 20:10:29.134] [main/DEBUG] [mixin/]: fabric-transfer-api-v1.mixins.json:FluidMixin from mod fabric_transfer_api_v1->@Inject::hookGetBucketFillSound(Lorg/spongepowered/asm/mixin/injection/callback/CallbackInfoReturnable;)V does use it's CallbackInfoReturnable
[12Jul2025 20:10:29.140] [main/DEBUG] [mixin/]: Mixing ItemMixin from fabric-transfer-api-v1.mixins.json into net.minecraft.world.item.Item
[12Jul2025 20:10:29.140] [main/DEBUG] [mixin/]: fabric-transfer-api-v1.mixins.json:ItemMixin from mod fabric_transfer_api_v1: Class version 61 required is higher than the class version supported by the current version of Mixin (JAVA_16 supports class version 60)
[12Jul2025 20:10:29.142] [main/DEBUG] [mixin/]: Mixing ItemMixin from fabric-item-api-v1.mixins.json into net.minecraft.world.item.Item
[12Jul2025 20:10:29.142] [main/DEBUG] [mixin/]: fabric-item-api-v1.mixins.json:ItemMixin from mod fabric_item_api_v1: Class version 61 required is higher than the class version supported by the current version of Mixin (JAVA_16 supports class version 60)
[12Jul2025 20:10:29.149] [main/DEBUG] [mixin/]: fabric-item-api-v1.mixins.json:ItemMixin from mod fabric_item_api_v1->@Inject::onConstruct(Lnet/minecraft/world/item/Item$Properties;Lorg/spongepowered/asm/mixin/injection/callback/CallbackInfo;)V doesn't use it's CallbackInfo
[12Jul2025 20:10:29.149] [main/DEBUG] [mixin/]: fabric-item-api-v1.mixins.json:ItemMixin from mod fabric_item_api_v1->@Inject::onConstruct(Lnet/minecraft/world/item/Item$Properties;Lorg/spongepowered/asm/mixin/injection/callback/CallbackInfo;)V has 0 override(s) in child classes
[12Jul2025 20:10:29.149] [main/DEBUG] [mixin/]: fabric-item-api-v1.mixins.json:ItemMixin from mod fabric_item_api_v1->@Inject::onConstruct(Lnet/minecraft/world/item/Item$Properties;Lorg/spongepowered/asm/mixin/injection/callback/CallbackInfo;)V won't be passed a CallbackInfo as a result
[12Jul2025 20:10:29.152] [main/DEBUG] [net.minecraftforge.coremod.transformer.CoreModBaseTransformer/COREMOD]: Transforming getAttributeModifiers with desc (Lnet/minecraft/world/entity/EquipmentSlot;Lnet/minecraft/world/item/ItemStack;)Lcom/google/common/collect/Multimap;
[12Jul2025 20:10:29.152] [main/DEBUG] [net.minecraftforge.coremod.transformer.CoreModBaseTransformer/COREMOD]: Transforming getCraftingRemainingItem with desc (Lnet/minecraft/world/item/ItemStack;)Lnet/minecraft/world/item/ItemStack;
[12Jul2025 20:10:29.153] [main/DEBUG] [net.minecraftforge.coremod.transformer.CoreModBaseTransformer/COREMOD]: Transforming hasCraftingRemainingItem with desc (Lnet/minecraft/world/item/ItemStack;)Z
[12Jul2025 20:10:29.153] [main/DEBUG] [net.minecraftforge.coremod.transformer.CoreModBaseTransformer/COREMOD]: Transforming getEquipmentSlot with desc (Lnet/minecraft/world/item/ItemStack;)Lnet/minecraft/world/entity/EquipmentSlot;
[12Jul2025 20:10:29.154] [main/DEBUG] [net.minecraftforge.coremod.transformer.CoreModBaseTransformer/COREMOD]: Transforming isCorrectToolForDrops with desc (Lnet/minecraft/world/item/ItemStack;Lnet/minecraft/world/level/block/state/BlockState;)Z
[12Jul2025 20:10:29.154] [main/DEBUG] [net.minecraftforge.coremod.transformer.CoreModBaseTransformer/COREMOD]: Transforming shouldCauseReequipAnimation with desc (Lnet/minecraft/world/item/ItemStack;Lnet/minecraft/world/item/ItemStack;Z)Z
[12Jul2025 20:10:29.154] [main/DEBUG] [net.minecraftforge.coremod.transformer.CoreModBaseTransformer/COREMOD]: Transforming damageItem with desc (Lnet/minecraft/world/item/ItemStack;ILnet/minecraft/world/entity/LivingEntity;Ljava/util/function/Consumer;)I
[12Jul2025 20:10:29.155] [main/DEBUG] [net.minecraftforge.coremod.transformer.CoreModBaseTransformer/COREMOD]: Transforming net/minecraftforge/common/extensions/IForgeItem
[12Jul2025 20:10:29.155] [main/DEBUG] [mixin/]: Mixing IForgeItemMixin from connectormod.mixins.json into net.minecraftforge.common.extensions.IForgeItem
[12Jul2025 20:10:29.160] [main/DEBUG] [mixin/]: connectormod.mixins.json:IForgeItemMixin from mod connectormod->@Inject::redirectIsPiglinCurrency(Lnet/minecraft/world/item/ItemStack;Lorg/spongepowered/asm/mixin/injection/callback/CallbackInfoReturnable;)V does use it's CallbackInfoReturnable
[12Jul2025 20:10:29.168] [main/DEBUG] [net.minecraftforge.coremod.transformer.CoreModBaseTransformer/COREMOD]: Transforming net/minecraft/world/entity/EntityType
[12Jul2025 20:10:29.262] [main/DEBUG] [mixin/]: Mixing BlockEntityTypeAccessor from fabric-api-lookup-api-v1.mixins.json into net.minecraft.world.level.block.entity.BlockEntityType
[12Jul2025 20:10:29.263] [main/DEBUG] [mixin/]: fabric-api-lookup-api-v1.mixins.json:BlockEntityTypeAccessor from mod fabric_api_lookup_api_v1: Class version 61 required is higher than the class version supported by the current version of Mixin (JAVA_16 supports class version 60)
[12Jul2025 20:10:29.288] [main/DEBUG] [mixin/]: Mixing PoiTypesMixin from connectormod.mixins.json into net.minecraft.world.entity.ai.village.poi.PoiTypes
[12Jul2025 20:10:29.291] [main/DEBUG] [mixin/]: connectormod.mixins.json:PoiTypesMixin from mod connectormod->@Inject::handleLegacyTypeHolders(Lnet/minecraft/world/level/block/state/BlockState;Lorg/spongepowered/asm/mixin/injection/callback/CallbackInfoReturnable;)V does use it's CallbackInfoReturnable
[12Jul2025 20:10:29.344] [main/DEBUG] [net.minecraftforge.coremod.transformer.CoreModBaseTransformer/COREMOD]: Transforming net/minecraft/world/item/CreativeModeTab
[12Jul2025 20:10:29.344] [main/DEBUG] [net.minecraftforge.coremod.CoreMod.connectormod/COREMODLOG]: Injected vanilla CreativeModeTab constructor
[12Jul2025 20:10:29.344] [main/DEBUG] [mixin/]: Mixing ItemGroupMixin from fabric-item-group-api-v1.mixins.json into net.minecraft.world.item.CreativeModeTab
[12Jul2025 20:10:29.351] [main/DEBUG] [mixin/]: Mixing FireBlockMixin from fabric-content-registries-v0.mixins.json into net.minecraft.world.level.block.FireBlock
[12Jul2025 20:10:29.352] [main/DEBUG] [mixin/]: fabric-content-registries-v0.mixins.json:FireBlockMixin from mod fabric_content_registries_v0: Class version 61 required is higher than the class version supported by the current version of Mixin (JAVA_16 supports class version 60)
[12Jul2025 20:10:29.362] [main/DEBUG] [net.minecraftforge.coremod.transformer.CoreModBaseTransformer/COREMOD]: Transforming getAppearance with desc (Lnet/minecraft/world/level/block/state/BlockState;Lnet/minecraft/world/level/BlockAndTintGetter;Lnet/minecraft/core/BlockPos;Lnet/minecraft/core/Direction;Lnet/minecraft/world/level/block/state/BlockState;Lnet/minecraft/core/BlockPos;)Lnet/minecraft/world/level/block/state/BlockState;
[12Jul2025 20:10:29.363] [main/DEBUG] [net.minecraftforge.coremod.transformer.CoreModBaseTransformer/COREMOD]: Transforming net/minecraftforge/common/extensions/IForgeBlock
[12Jul2025 20:10:29.372] [main/DEBUG] [mixin/]: fabric-content-registries-v0.mixins.json:FireBlockMixin from mod fabric_content_registries_v0->@Inject::afterConstruct(Lnet/minecraft/world/level/block/state/BlockBehaviour$Properties;Lorg/spongepowered/asm/mixin/injection/callback/CallbackInfo;)V doesn't use it's CallbackInfo
[12Jul2025 20:10:29.372] [main/DEBUG] [mixin/]: fabric-content-registries-v0.mixins.json:FireBlockMixin from mod fabric_content_registries_v0->@Inject::afterConstruct(Lnet/minecraft/world/level/block/state/BlockBehaviour$Properties;Lorg/spongepowered/asm/mixin/injection/callback/CallbackInfo;)V has 0 override(s) in child classes
[12Jul2025 20:10:29.372] [main/DEBUG] [mixin/]: fabric-content-registries-v0.mixins.json:FireBlockMixin from mod fabric_content_registries_v0->@Inject::afterConstruct(Lnet/minecraft/world/level/block/state/BlockBehaviour$Properties;Lorg/spongepowered/asm/mixin/injection/callback/CallbackInfo;)V won't be passed a CallbackInfo as a result
[12Jul2025 20:10:29.372] [main/DEBUG] [mixin/]: fabric-content-registries-v0.mixins.json:FireBlockMixin from mod fabric_content_registries_v0->@Inject::getFabricBurnChance(Lnet/minecraft/world/level/block/state/BlockState;Lorg/spongepowered/asm/mixin/injection/callback/CallbackInfoReturnable;)V does use it's CallbackInfoReturnable
[12Jul2025 20:10:29.372] [main/DEBUG] [mixin/]: fabric-content-registries-v0.mixins.json:FireBlockMixin from mod fabric_content_registries_v0->@Inject::getFabricSpreadChance(Lnet/minecraft/world/level/block/state/BlockState;Lorg/spongepowered/asm/mixin/injection/callback/CallbackInfoReturnable;)V does use it's CallbackInfoReturnable
[12Jul2025 20:10:29.405] [main/DEBUG] [mixin/]: Mixing ShapesMixin from creativecore.mixins.json into net.minecraft.world.phys.shapes.Shapes
[12Jul2025 20:10:29.521] [main/DEBUG] [mixin/]: creativecore.mixins.json:ShapesMixin from mod creativecore->@Inject::joinUnoptimized(Lnet/minecraft/world/phys/shapes/VoxelShape;Lnet/minecraft/world/phys/shapes/VoxelShape;Lnet/minecraft/world/phys/shapes/BooleanOp;Lorg/spongepowered/asm/mixin/injection/callback/CallbackInfoReturnable;)V does use it's CallbackInfoReturnable
[12Jul2025 20:10:29.521] [main/DEBUG] [mixin/]: creativecore.mixins.json:ShapesMixin from mod creativecore->@Inject::joinUnoptimized(Lnet/minecraft/world/phys/shapes/VoxelShape;Lnet/minecraft/world/phys/shapes/VoxelShape;Lnet/minecraft/world/phys/shapes/BooleanOp;Lorg/spongepowered/asm/mixin/injection/callback/CallbackInfoReturnable;)V does use it's CallbackInfoReturnable
[12Jul2025 20:10:29.521] [main/DEBUG] [mixin/]: creativecore.mixins.json:ShapesMixin from mod creativecore->@Inject::joinUnoptimized(Lnet/minecraft/world/phys/shapes/VoxelShape;Lnet/minecraft/world/phys/shapes/VoxelShape;Lnet/minecraft/world/phys/shapes/BooleanOp;Lorg/spongepowered/asm/mixin/injection/callback/CallbackInfoReturnable;)V does use it's CallbackInfoReturnable
[12Jul2025 20:10:29.521] [main/DEBUG] [mixin/]: creativecore.mixins.json:ShapesMixin from mod creativecore->@Inject::joinIsNotEmpty(Lnet/minecraft/world/phys/shapes/VoxelShape;Lnet/minecraft/world/phys/shapes/VoxelShape;Lnet/minecraft/world/phys/shapes/BooleanOp;Lorg/spongepowered/asm/mixin/injection/callback/CallbackInfoReturnable;)V does use it's CallbackInfoReturnable
[12Jul2025 20:10:29.521] [main/DEBUG] [mixin/]: creativecore.mixins.json:ShapesMixin from mod creativecore->@Inject::joinIsNotEmpty(Lnet/minecraft/world/phys/shapes/VoxelShape;Lnet/minecraft/world/phys/shapes/VoxelShape;Lnet/minecraft/world/phys/shapes/BooleanOp;Lorg/spongepowered/asm/mixin/injection/callback/CallbackInfoReturnable;)V does use it's CallbackInfoReturnable
[12Jul2025 20:10:29.522] [main/DEBUG] [mixin/]: creativecore.mixins.json:ShapesMixin from mod creativecore->@Inject::joinIsNotEmpty(Lnet/minecraft/world/phys/shapes/VoxelShape;Lnet/minecraft/world/phys/shapes/VoxelShape;Lnet/minecraft/world/phys/shapes/BooleanOp;Lorg/spongepowered/asm/mixin/injection/callback/CallbackInfoReturnable;)V does use it's CallbackInfoReturnable
[12Jul2025 20:10:29.541] [main/DEBUG] [mixin/]: Mixing VoxelShapeAccessor from creativecore.mixins.json into net.minecraft.world.phys.shapes.VoxelShape
[12Jul2025 20:10:29.705] [main/DEBUG] [net.minecraftforge.coremod.transformer.CoreModBaseTransformer/COREMOD]: Transforming net/minecraft/world/level/block/LiquidBlock
[12Jul2025 20:10:29.731] [main/DEBUG] [mixin/]: Mixing DetectorRailBlockMixin from fabric-object-builder-v1.mixins.json into net.minecraft.world.level.block.DetectorRailBlock
[12Jul2025 20:10:29.732] [main/DEBUG] [mixin/]: fabric-object-builder-v1.mixins.json:DetectorRailBlockMixin from mod fabric_object_builder_api_v1: Class version 61 required is higher than the class version supported by the current version of Mixin (JAVA_16 supports class version 60)
[12Jul2025 20:10:29.733] [main/DEBUG] [mixin/]: Renaming synthetic method lambda$getCustomComparatorOutput$0(Lnet/minecraft/world/entity/Entity;)Z to md54bf2d$fabric_object_builder_api_v1$lambda$getCustomComparatorOutput$0$0 in fabric-object-builder-v1.mixins.json:DetectorRailBlockMixin from mod fabric_object_builder_api_v1
[12Jul2025 20:10:29.741] [main/DEBUG] [mixin/]: fabric-object-builder-v1.mixins.json:DetectorRailBlockMixin from mod fabric_object_builder_api_v1->@Inject::getCustomComparatorOutput(Lnet/minecraft/world/level/block/state/BlockState;Lnet/minecraft/world/level/Level;Lnet/minecraft/core/BlockPos;Lorg/spongepowered/asm/mixin/injection/callback/CallbackInfoReturnable;)V does use it's CallbackInfoReturnable
[12Jul2025 20:10:29.758] [main/DEBUG] [net.minecraftforge.coremod.transformer.CoreModBaseTransformer/COREMOD]: Transforming net/minecraft/world/level/block/StairBlock
[12Jul2025 20:10:29.769] [main/DEBUG] [mixin/]: Mixing CropBlockMixin from balm.mixins.json into net.minecraft.world.level.block.CropBlock
[12Jul2025 20:10:29.773] [main/DEBUG] [mixin/]: balm.mixins.json:CropBlockMixin from mod balm->@Inject::mayPlaceOn(Lnet/minecraft/world/level/block/state/BlockState;Lnet/minecraft/world/level/BlockGetter;Lnet/minecraft/core/BlockPos;Lorg/spongepowered/asm/mixin/injection/callback/CallbackInfoReturnable;)V does use it's CallbackInfoReturnable
[12Jul2025 20:10:29.811] [main/DEBUG] [mixin/]: Mixing StemBlockMixin from balm.mixins.json into net.minecraft.world.level.block.StemBlock
[12Jul2025 20:10:29.813] [main/DEBUG] [mixin/]: balm.mixins.json:StemBlockMixin from mod balm->@Inject::mayPlaceOn(Lnet/minecraft/world/level/block/state/BlockState;Lnet/minecraft/world/level/BlockGetter;Lnet/minecraft/core/BlockPos;Lorg/spongepowered/asm/mixin/injection/callback/CallbackInfoReturnable;)V does use it's CallbackInfoReturnable
[12Jul2025 20:10:29.838] [main/DEBUG] [net.minecraftforge.coremod.transformer.CoreModBaseTransformer/COREMOD]: Transforming net/minecraft/world/level/block/FlowerPotBlock
[12Jul2025 20:10:29.921] [main/DEBUG] [net.minecraftforge.coremod.transformer.CoreModBaseTransformer/COREMOD]: Transforming m_154909_ with desc ()Lcom/google/common/collect/BiMap;
[12Jul2025 20:10:29.925] [main/DEBUG] [net.minecraftforge.coremod.CoreMod.fabric_content_registries_v0/COREMODLOG]: Made net.minecraft.block.Oxidizable.OXIDATION_LEVEL_INCREASES mutable
[12Jul2025 20:10:29.945] [main/DEBUG] [mixin/]: Mixing AbstractBlockSettingsAccessor from fabric-object-builder-v1.mixins.json into net.minecraft.world.level.block.state.BlockBehaviour$Properties
[12Jul2025 20:10:29.945] [main/DEBUG] [mixin/]: fabric-object-builder-v1.mixins.json:AbstractBlockSettingsAccessor from mod fabric_object_builder_api_v1: Class version 61 required is higher than the class version supported by the current version of Mixin (JAVA_16 supports class version 60)
[12Jul2025 20:10:30.096] [main/DEBUG] [mixin/]: Mixing BlockEntityMixin from fabric-block-view-api-v2.mixins.json into net.minecraft.world.level.block.entity.BlockEntity
[12Jul2025 20:10:30.096] [main/DEBUG] [mixin/]: Mixing AttachmentTargetsMixin from fabric-data-attachment-api-v1.mixins.json into net.minecraft.world.level.block.entity.BlockEntity
[12Jul2025 20:10:30.102] [main/DEBUG] [mixin/]: Mixing BlockEntityMixin from fabric-data-attachment-api-v1.mixins.json into net.minecraft.world.level.block.entity.BlockEntity
[12Jul2025 20:10:30.102] [main/DEBUG] [mixin/]: Mixing BlockEntityMixin from fabric-rendering-data-attachment-v1.mixins.json into net.minecraft.world.level.block.entity.BlockEntity
[12Jul2025 20:10:30.111] [main/DEBUG] [mixin/]: fabric-data-attachment-api-v1.mixins.json:BlockEntityMixin from mod fabric_data_attachment_api_v1->@Inject::readBlockEntityAttachments(Lnet/minecraft/nbt/CompoundTag;Ljava/lang/String;Lnet/minecraft/world/level/block/entity/BlockEntity;Lorg/spongepowered/asm/mixin/injection/callback/CallbackInfoReturnable;)V doesn't use it's CallbackInfoReturnable
[12Jul2025 20:10:30.111] [main/DEBUG] [mixin/]: fabric-data-attachment-api-v1.mixins.json:BlockEntityMixin from mod fabric_data_attachment_api_v1->@Inject::writeBlockEntityAttachments(Lorg/spongepowered/asm/mixin/injection/callback/CallbackInfoReturnable;)V does use it's CallbackInfoReturnable
[12Jul2025 20:10:30.158] [main/DEBUG] [mixin/]: Mixing NamedScreenHandlerFactoryMixin from fabric-screen-handler-api-v1.mixins.json into net.minecraft.world.MenuProvider
[12Jul2025 20:10:30.158] [main/DEBUG] [mixin/]: fabric-screen-handler-api-v1.mixins.json:NamedScreenHandlerFactoryMixin from mod fabric_screen_handler_api_v1: Class version 61 required is higher than the class version supported by the current version of Mixin (JAVA_16 supports class version 60)
[12Jul2025 20:10:30.162] [main/DEBUG] [mixin/]: Mixing LootableContainerBlockEntityMixin from fabric-transfer-api-v1.mixins.json into net.minecraft.world.level.block.entity.RandomizableContainerBlockEntity
[12Jul2025 20:10:30.163] [main/DEBUG] [mixin/]: fabric-transfer-api-v1.mixins.json:LootableContainerBlockEntityMixin from mod fabric_transfer_api_v1: Class version 61 required is higher than the class version supported by the current version of Mixin (JAVA_16 supports class version 60)
[12Jul2025 20:10:30.352] [main/DEBUG] [mixin/]: Mixing ChiseledBookshelfBlockEntityMixin from fabric-transfer-api-v1.mixins.json into net.minecraft.world.level.block.entity.ChiseledBookShelfBlockEntity
[12Jul2025 20:10:30.353] [main/DEBUG] [mixin/]: fabric-transfer-api-v1.mixins.json:ChiseledBookshelfBlockEntityMixin from mod fabric_transfer_api_v1: Class version 61 required is higher than the class version supported by the current version of Mixin (JAVA_16 supports class version 60)
[12Jul2025 20:10:30.358] [main/DEBUG] [mixin/]: fabric-transfer-api-v1.mixins.json:ChiseledBookshelfBlockEntityMixin from mod fabric_transfer_api_v1->@Inject::setStackBypass(ILnet/minecraft/world/item/ItemStack;Lorg/spongepowered/asm/mixin/injection/callback/CallbackInfo;)V does use it's CallbackInfo
[12Jul2025 20:10:30.573] [main/DEBUG] [mixin/]: Mixing AbstractFurnaceBlockEntityMixin from fabric-transfer-api-v1.mixins.json into net.minecraft.world.level.block.entity.AbstractFurnaceBlockEntity
[12Jul2025 20:10:30.574] [main/DEBUG] [mixin/]: fabric-transfer-api-v1.mixins.json:AbstractFurnaceBlockEntityMixin from mod fabric_transfer_api_v1: Class version 61 required is higher than the class version supported by the current version of Mixin (JAVA_16 supports class version 60)
[12Jul2025 20:10:30.582] [main/DEBUG] [mixin/]: fabric-transfer-api-v1.mixins.json:AbstractFurnaceBlockEntityMixin from mod fabric_transfer_api_v1->@Inject::setStackSuppressUpdate(ILnet/minecraft/world/item/ItemStack;Lorg/spongepowered/asm/mixin/injection/callback/CallbackInfo;)V does use it's CallbackInfo
[12Jul2025 20:10:30.669] [main/DEBUG] [mixin/]: Mixing JukeboxBlockEntityMixin from fabric-transfer-api-v1.mixins.json into net.minecraft.world.level.block.entity.JukeboxBlockEntity
[12Jul2025 20:10:30.669] [main/DEBUG] [mixin/]: fabric-transfer-api-v1.mixins.json:JukeboxBlockEntityMixin from mod fabric_transfer_api_v1: Class version 61 required is higher than the class version supported by the current version of Mixin (JAVA_16 supports class version 60)
[12Jul2025 20:10:30.673] [main/DEBUG] [mixin/]: fabric-transfer-api-v1.mixins.json:JukeboxBlockEntityMixin from mod fabric_transfer_api_v1->@Inject::setStackBypass(ILnet/minecraft/world/item/ItemStack;Lorg/spongepowered/asm/mixin/injection/callback/CallbackInfo;)V does use it's CallbackInfo
[12Jul2025 20:10:30.688] [main/DEBUG] [mixin/]: Mixing MobEntityMixin from nyfsspiders.mixins.json into net.minecraft.world.entity.Mob
[12Jul2025 20:10:30.690] [main/DEBUG] [mixin/]: Mixing MobEntityMixin from fabric-entity-events-v1.mixins.json into net.minecraft.world.entity.Mob
[12Jul2025 20:10:30.690] [main/DEBUG] [mixin/]: fabric-entity-events-v1.mixins.json:MobEntityMixin from mod fabric_entity_events_v1: Class version 61 required is higher than the class version supported by the current version of Mixin (JAVA_16 supports class version 60)
[12Jul2025 20:10:30.701] [main/DEBUG] [mixin/]: nyfsspiders.mixins.json:MobEntityMixin from mod nyfsspiders->@Inject::onLivingTick(Lorg/spongepowered/asm/mixin/injection/callback/CallbackInfo;)V doesn't use it's CallbackInfo
[12Jul2025 20:10:30.701] [main/DEBUG] [mixin/]: nyfsspiders.mixins.json:MobEntityMixin from mod nyfsspiders->@Inject::onLivingTick(Lorg/spongepowered/asm/mixin/injection/callback/CallbackInfo;)V has 0 override(s) in child classes
[12Jul2025 20:10:30.701] [main/DEBUG] [mixin/]: nyfsspiders.mixins.json:MobEntityMixin from mod nyfsspiders->@Inject::onLivingTick(Lorg/spongepowered/asm/mixin/injection/callback/CallbackInfo;)V won't be passed a CallbackInfo as a result
[12Jul2025 20:10:30.701] [main/DEBUG] [mixin/]: nyfsspiders.mixins.json:MobEntityMixin from mod nyfsspiders->@Inject::onTick(Lorg/spongepowered/asm/mixin/injection/callback/CallbackInfo;)V doesn't use it's CallbackInfo
[12Jul2025 20:10:30.701] [main/DEBUG] [mixin/]: nyfsspiders.mixins.json:MobEntityMixin from mod nyfsspiders->@Inject::onTick(Lorg/spongepowered/asm/mixin/injection/callback/CallbackInfo;)V has 0 override(s) in child classes
[12Jul2025 20:10:30.701] [main/DEBUG] [mixin/]: nyfsspiders.mixins.json:MobEntityMixin from mod nyfsspiders->@Inject::onTick(Lorg/spongepowered/asm/mixin/injection/callback/CallbackInfo;)V won't be passed a CallbackInfo as a result
[12Jul2025 20:10:30.800] [main/DEBUG] [net.minecraftforge.coremod.transformer.CoreModBaseTransformer/COREMOD]: Transforming net/minecraft/world/item/ItemStack
[12Jul2025 20:10:30.801] [main/DEBUG] [mixin/]: Mixing item.ItemStackMixin from connectormod.mixins.json into net.minecraft.world.item.ItemStack
[12Jul2025 20:10:30.804] [main/DEBUG] [mixin/]: Mixing ItemStackMixin from fabric-item-api-v1.mixins.json into net.minecraft.world.item.ItemStack
[12Jul2025 20:10:30.804] [main/DEBUG] [mixin/]: fabric-item-api-v1.mixins.json:ItemStackMixin from mod fabric_item_api_v1: Class version 61 required is higher than the class version supported by the current version of Mixin (JAVA_16 supports class version 60)
[12Jul2025 20:10:30.804] [main/DEBUG] [mixin/]: Mixing item.AnimatedItemNameMixin from necronomicon-common.mixins.json into net.minecraft.world.item.ItemStack
[12Jul2025 20:10:30.807] [main/DEBUG] [mixin/]: Mixing item.LateItemStackMixin from connectormod.mixins.json into net.minecraft.world.item.ItemStack
[12Jul2025 20:10:30.813] [main/DEBUG] [mixin/]: connectormod.mixins.json:item.ItemStackMixin from mod connectormod->@Inject::appyUseOn(Lnet/minecraft/world/item/context/UseOnContext;Lnet/minecraft/world/item/context/UseOnContext;Lorg/spongepowered/asm/mixin/injection/callback/CallbackInfoReturnable;)V does use it's CallbackInfoReturnable
[12Jul2025 20:10:30.813] [main/DEBUG] [mixin/]: necronomicon-common.mixins.json:item.AnimatedItemNameMixin from mod necronomicon->@Inject::getName(Lorg/spongepowered/asm/mixin/injection/callback/CallbackInfoReturnable;)V does use it's CallbackInfoReturnable
[12Jul2025 20:10:31.711] [main/DEBUG] [net.minecraftforge.coremod.transformer.CoreModBaseTransformer/COREMOD]: Transforming net/minecraft/world/entity/animal/frog/Tadpole
[12Jul2025 20:10:31.723] [main/DEBUG] [mixin/]: Mixing TadpoleEntityMixin from fabric-entity-events-v1.mixins.json into net.minecraft.world.entity.animal.frog.Tadpole
[12Jul2025 20:10:31.724] [main/DEBUG] [mixin/]: fabric-entity-events-v1.mixins.json:TadpoleEntityMixin from mod fabric_entity_events_v1: Class version 61 required is higher than the class version supported by the current version of Mixin (JAVA_16 supports class version 60)
[12Jul2025 20:10:31.749] [main/DEBUG] [mixin/]: Mixing SwordItemMixin from fabric-mining-level-api-v1.mixins.json into net.minecraft.world.item.SwordItem
[12Jul2025 20:10:31.749] [main/DEBUG] [mixin/]: fabric-mining-level-api-v1.mixins.json:SwordItemMixin from mod fabric_mining_level_api_v1: Class version 61 required is higher than the class version supported by the current version of Mixin (JAVA_16 supports class version 60)
[12Jul2025 20:10:31.754] [main/DEBUG] [mixin/]: fabric-mining-level-api-v1.mixins.json:SwordItemMixin from mod fabric_mining_level_api_v1->@Inject::fabric$onIsSuitableFor(Lnet/minecraft/world/level/block/state/BlockState;Lorg/spongepowered/asm/mixin/injection/callback/CallbackInfoReturnable;)V does use it's CallbackInfoReturnable
[12Jul2025 20:10:31.755] [main/DEBUG] [mixin/]: fabric-mining-level-api-v1.mixins.json:SwordItemMixin from mod fabric_mining_level_api_v1->@Inject::fabric$onGetMiningSpeedMultiplier(Lnet/minecraft/world/item/ItemStack;Lnet/minecraft/world/level/block/state/BlockState;Lorg/spongepowered/asm/mixin/injection/callback/CallbackInfoReturnable;)V does use it's CallbackInfoReturnable
[12Jul2025 20:10:31.755] [main/DEBUG] [mixin/]: fabric-mining-level-api-v1.mixins.json:SwordItemMixin from mod fabric_mining_level_api_v1->@Inject::fabric$onGetMiningSpeedMultiplier(Lnet/minecraft/world/item/ItemStack;Lnet/minecraft/world/level/block/state/BlockState;Lorg/spongepowered/asm/mixin/injection/callback/CallbackInfoReturnable;)V does use it's CallbackInfoReturnable
[12Jul2025 20:10:31.756] [main/DEBUG] [mixin/]: Mixing ShovelItemAccessor from fabric-content-registries-v0.mixins.json into net.minecraft.world.item.ShovelItem
[12Jul2025 20:10:31.756] [main/DEBUG] [mixin/]: fabric-content-registries-v0.mixins.json:ShovelItemAccessor from mod fabric_content_registries_v0: Class version 61 required is higher than the class version supported by the current version of Mixin (JAVA_16 supports class version 60)
[12Jul2025 20:10:31.757] [main/DEBUG] [mixin/]: Renaming @Accessor method getPathStates()Ljava/util/Map; to getPathStates$fabric_content_registries_v0_$md$54bf2d$0 in fabric-content-registries-v0.mixins.json:ShovelItemAccessor from mod fabric_content_registries_v0
[12Jul2025 20:10:31.758] [main/DEBUG] [mixin/]: Mixing MiningToolItemMixin from fabric-mining-level-api-v1.mixins.json into net.minecraft.world.item.DiggerItem
[12Jul2025 20:10:31.758] [main/DEBUG] [mixin/]: fabric-mining-level-api-v1.mixins.json:MiningToolItemMixin from mod fabric_mining_level_api_v1: Class version 61 required is higher than the class version supported by the current version of Mixin (JAVA_16 supports class version 60)
[12Jul2025 20:10:31.762] [main/DEBUG] [mixin/]: fabric-mining-level-api-v1.mixins.json:MiningToolItemMixin from mod fabric_mining_level_api_v1->@Inject::fabric$onIsSuitableFor(Lnet/minecraft/world/level/block/state/BlockState;Lorg/spongepowered/asm/mixin/injection/callback/CallbackInfoReturnable;)V does use it's CallbackInfoReturnable
[12Jul2025 20:10:31.762] [main/DEBUG] [mixin/]: fabric-mining-level-api-v1.mixins.json:MiningToolItemMixin from mod fabric_mining_level_api_v1->@Inject::fabric$onForgeIsSuitableFor(Lnet/minecraft/world/item/ItemStack;Lnet/minecraft/world/level/block/state/BlockState;Lorg/spongepowered/asm/mixin/injection/callback/CallbackInfoReturnable;)V does use it's CallbackInfoReturnable
[12Jul2025 20:10:31.764] [main/DEBUG] [mixin/]: Mixing AxeItemAccessor from fabric-content-registries-v0.mixins.json into net.minecraft.world.item.AxeItem
[12Jul2025 20:10:31.764] [main/DEBUG] [mixin/]: fabric-content-registries-v0.mixins.json:AxeItemAccessor from mod fabric_content_registries_v0: Class version 61 required is higher than the class version supported by the current version of Mixin (JAVA_16 supports class version 60)
[12Jul2025 20:10:31.764] [main/DEBUG] [mixin/]: Renaming @Accessor method getStrippedBlocks()Ljava/util/Map; to getStrippedBlocks$fabric_content_registries_v0_$md$54bf2d$0 in fabric-content-registries-v0.mixins.json:AxeItemAccessor from mod fabric_content_registries_v0
[12Jul2025 20:10:31.764] [main/DEBUG] [mixin/]: Renaming @Accessor method setStrippedBlocks(Ljava/util/Map;)V to setStrippedBlocks$fabric_content_registries_v0_$md$54bf2d$1 in fabric-content-registries-v0.mixins.json:AxeItemAccessor from mod fabric_content_registries_v0
[12Jul2025 20:10:31.770] [main/DEBUG] [net.minecraftforge.coremod.transformer.CoreModBaseTransformer/COREMOD]: Transforming net/minecraft/world/item/BucketItem
[12Jul2025 20:10:31.770] [main/DEBUG] [mixin/]: Mixing BucketItemMixin from fabric-transfer-api-v1.mixins.json into net.minecraft.world.item.BucketItem
[12Jul2025 20:10:31.771] [main/DEBUG] [mixin/]: fabric-transfer-api-v1.mixins.json:BucketItemMixin from mod fabric_transfer_api_v1: Class version 61 required is higher than the class version supported by the current version of Mixin (JAVA_16 supports class version 60)
[12Jul2025 20:10:31.787] [main/DEBUG] [mixin/]: Mixing ShearsItemMixin from fabric-mining-level-api-v1.mixins.json into net.minecraft.world.item.ShearsItem
[12Jul2025 20:10:31.787] [main/DEBUG] [mixin/]: fabric-mining-level-api-v1.mixins.json:ShearsItemMixin from mod fabric_mining_level_api_v1: Class version 61 required is higher than the class version supported by the current version of Mixin (JAVA_16 supports class version 60)
[12Jul2025 20:10:31.791] [main/DEBUG] [mixin/]: fabric-mining-level-api-v1.mixins.json:ShearsItemMixin from mod fabric_mining_level_api_v1->@Inject::fabric$onIsSuitableFor(Lnet/minecraft/world/level/block/state/BlockState;Lorg/spongepowered/asm/mixin/injection/callback/CallbackInfoReturnable;)V does use it's CallbackInfoReturnable
[12Jul2025 20:10:31.791] [main/DEBUG] [mixin/]: fabric-mining-level-api-v1.mixins.json:ShearsItemMixin from mod fabric_mining_level_api_v1->@Inject::fabric$onGetMiningSpeedMultiplier(Lnet/minecraft/world/item/ItemStack;Lnet/minecraft/world/level/block/state/BlockState;Lorg/spongepowered/asm/mixin/injection/callback/CallbackInfoReturnable;)V does use it's CallbackInfoReturnable
[12Jul2025 20:10:31.791] [main/DEBUG] [mixin/]: fabric-mining-level-api-v1.mixins.json:ShearsItemMixin from mod fabric_mining_level_api_v1->@Inject::fabric$onGetMiningSpeedMultiplier(Lnet/minecraft/world/item/ItemStack;Lnet/minecraft/world/level/block/state/BlockState;Lorg/spongepowered/asm/mixin/injection/callback/CallbackInfoReturnable;)V does use it's CallbackInfoReturnable
[12Jul2025 20:10:31.791] [main/DEBUG] [mixin/]: fabric-mining-level-api-v1.mixins.json:ShearsItemMixin from mod fabric_mining_level_api_v1->@Inject::fabric$onGetMiningSpeedMultiplier(Lnet/minecraft/world/item/ItemStack;Lnet/minecraft/world/level/block/state/BlockState;Lorg/spongepowered/asm/mixin/injection/callback/CallbackInfoReturnable;)V does use it's CallbackInfoReturnable
[12Jul2025 20:10:31.815] [main/DEBUG] [mixin/]: Mixing HoneycombItemMixin from fabric-content-registries-v0.mixins.json into net.minecraft.world.item.HoneycombItem
[12Jul2025 20:10:31.816] [main/DEBUG] [mixin/]: fabric-content-registries-v0.mixins.json:HoneycombItemMixin from mod fabric_content_registries_v0: Class version 61 required is higher than the class version supported by the current version of Mixin (JAVA_16 supports class version 60)
[12Jul2025 20:10:31.817] [main/DEBUG] [mixin/]: fabric-content-registries-v0.mixins.json:HoneycombItemMixin from mod fabric_content_registries_v0->@Inject::createUnwaxedToWaxedMap(Lorg/spongepowered/asm/mixin/injection/callback/CallbackInfoReturnable;)V does use it's CallbackInfoReturnable
[12Jul2025 20:10:32.610] [main/DEBUG] [net.minecraftforge.coremod.transformer.CoreModBaseTransformer/COREMOD]: Transforming net/minecraft/world/entity/monster/Spider
[12Jul2025 20:10:32.628] [main/DEBUG] [mixin/]: Mixing ClimberEntityMixin from nyfsspiders.mixins.json into net.minecraft.world.entity.monster.Spider
[12Jul2025 20:10:32.635] [main/DEBUG] [mixin/]: Renaming synthetic method lambda$updateOffsetsAndOrientation$2(Lnet/minecraft/world/phys/AABB;Lnet/minecraft/world/phys/shapes/Shapes$DoubleLineConsumer;)V to md54bf2d$nyfsspiders$lambda$updateOffsetsAndOrientation$2$0 in nyfsspiders.mixins.json:ClimberEntityMixin from mod nyfsspiders
[12Jul2025 20:10:32.635] [main/DEBUG] [mixin/]: Renaming synthetic method lambda$getCollisionBoxes$1(Ljava/util/List;DDDDDD)V to md54bf2d$nyfsspiders$lambda$getCollisionBoxes$1$1 in nyfsspiders.mixins.json:ClimberEntityMixin from mod nyfsspiders
[12Jul2025 20:10:32.635] [main/DEBUG] [mixin/]: Renaming synthetic method lambda$forEachCollisonBox$0(Lnet/minecraft/world/phys/shapes/Shapes$DoubleLineConsumer;Lnet/minecraft/world/phys/shapes/VoxelShape;)V to md54bf2d$nyfsspiders$lambda$forEachCollisonBox$0$2 in nyfsspiders.mixins.json:ClimberEntityMixin from mod nyfsspiders
[12Jul2025 20:10:32.724] [main/DEBUG] [net.minecraftforge.coremod.transformer.CoreModBaseTransformer/COREMOD]: Transforming net/minecraft/world/effect/MobEffectInstance
[12Jul2025 20:10:32.773] [main/DEBUG] [mixin/]: Mixing BetterSpiderEntityMixin from nyfsspiders.mixins.json into net.minecraft.world.entity.monster.Spider
[12Jul2025 20:10:32.895] [main/DEBUG] [mixin/]: nyfsspiders.mixins.json:ClimberEntityMixin from mod nyfsspiders->@Inject::onConstructed(Lorg/spongepowered/asm/mixin/injection/callback/CallbackInfo;)V doesn't use it's CallbackInfo
[12Jul2025 20:10:32.895] [main/DEBUG] [mixin/]: nyfsspiders.mixins.json:ClimberEntityMixin from mod nyfsspiders->@Inject::onConstructed(Lorg/spongepowered/asm/mixin/injection/callback/CallbackInfo;)V has 0 override(s) in child classes
[12Jul2025 20:10:32.895] [main/DEBUG] [mixin/]: nyfsspiders.mixins.json:ClimberEntityMixin from mod nyfsspiders->@Inject::onConstructed(Lorg/spongepowered/asm/mixin/injection/callback/CallbackInfo;)V won't be passed a CallbackInfo as a result
[12Jul2025 20:10:32.895] [main/DEBUG] [mixin/]: nyfsspiders.mixins.json:ClimberEntityMixin from mod nyfsspiders->@Inject::onCreateNavigator(Lnet/minecraft/world/level/Level;Lorg/spongepowered/asm/mixin/injection/callback/CallbackInfoReturnable;)V does use it's CallbackInfoReturnable
[12Jul2025 20:10:32.895] [main/DEBUG] [mixin/]: nyfsspiders.mixins.json:ClimberEntityMixin from mod nyfsspiders->@Inject::onDefineSynchedData(Lorg/spongepowered/asm/mixin/injection/callback/CallbackInfo;)V doesn't use it's CallbackInfo
[12Jul2025 20:10:32.895] [main/DEBUG] [mixin/]: nyfsspiders.mixins.json:ClimberEntityMixin from mod nyfsspiders->@Inject::onDefineSynchedData(Lorg/spongepowered/asm/mixin/injection/callback/CallbackInfo;)V has 0 override(s) in child classes
[12Jul2025 20:10:32.895] [main/DEBUG] [mixin/]: nyfsspiders.mixins.json:ClimberEntityMixin from mod nyfsspiders->@Inject::onDefineSynchedData(Lorg/spongepowered/asm/mixin/injection/callback/CallbackInfo;)V won't be passed a CallbackInfo as a result
[12Jul2025 20:10:32.896] [main/DEBUG] [mixin/]: nyfsspiders.mixins.json:BetterSpiderEntityMixin from mod nyfsspiders->@Inject::onConstructed(Lorg/spongepowered/asm/mixin/injection/callback/CallbackInfo;)V doesn't use it's CallbackInfo
[12Jul2025 20:10:32.896] [main/DEBUG] [mixin/]: nyfsspiders.mixins.json:BetterSpiderEntityMixin from mod nyfsspiders->@Inject::onConstructed(Lorg/spongepowered/asm/mixin/injection/callback/CallbackInfo;)V has 0 override(s) in child classes
[12Jul2025 20:10:32.896] [main/DEBUG] [mixin/]: nyfsspiders.mixins.json:BetterSpiderEntityMixin from mod nyfsspiders->@Inject::onConstructed(Lorg/spongepowered/asm/mixin/injection/callback/CallbackInfo;)V won't be passed a CallbackInfo as a result
[12Jul2025 20:10:32.896] [main/DEBUG] [mixin/]: nyfsspiders.mixins.json:BetterSpiderEntityMixin from mod nyfsspiders->@Inject::onRegisterData(Lorg/spongepowered/asm/mixin/injection/callback/CallbackInfo;)V doesn't use it's CallbackInfo
[12Jul2025 20:10:32.896] [main/DEBUG] [mixin/]: nyfsspiders.mixins.json:BetterSpiderEntityMixin from mod nyfsspiders->@Inject::onRegisterData(Lorg/spongepowered/asm/mixin/injection/callback/CallbackInfo;)V has 0 override(s) in child classes
[12Jul2025 20:10:32.896] [main/DEBUG] [mixin/]: nyfsspiders.mixins.json:BetterSpiderEntityMixin from mod nyfsspiders->@Inject::onRegisterData(Lorg/spongepowered/asm/mixin/injection/callback/CallbackInfo;)V won't be passed a CallbackInfo as a result
[12Jul2025 20:10:32.940] [main/DEBUG] [net.minecraftforge.coremod.transformer.CoreModBaseTransformer/COREMOD]: Transforming net/minecraft/world/entity/monster/Zombie
[12Jul2025 20:10:32.987] [main/DEBUG] [net.minecraftforge.coremod.transformer.CoreModBaseTransformer/COREMOD]: Transforming net/minecraft/world/entity/monster/ZombieVillager
[12Jul2025 20:10:33.050] [main/DEBUG] [net.minecraftforge.coremod.transformer.CoreModBaseTransformer/COREMOD]: Transforming net/minecraft/world/entity/monster/Evoker$EvokerSummonSpellGoal
[12Jul2025 20:10:33.183] [main/DEBUG] [net.minecraftforge.coremod.transformer.CoreModBaseTransformer/COREMOD]: Transforming net/minecraft/world/entity/animal/horse/SkeletonTrapGoal
[12Jul2025 20:10:33.197] [main/DEBUG] [net.minecraftforge.coremod.transformer.CoreModBaseTransformer/COREMOD]: Transforming m_151311_ with desc (Lnet/minecraft/server/level/ServerLevel;Lnet/minecraft/core/BlockPos;)V
[12Jul2025 20:10:33.208] [main/DEBUG] [net.minecraftforge.coremod.CoreMod.connectormod/COREMODLOG]: Expanded local variable scope for BaseSpawner#serverTick index 3
[12Jul2025 20:10:33.215] [main/DEBUG] [net.minecraftforge.coremod.transformer.CoreModBaseTransformer/COREMOD]: Transforming net/minecraft/world/entity/monster/Strider
[12Jul2025 20:10:33.293] [main/DEBUG] [mixin/]: Mixing ServerPlayerEntityMixin from fabric-screen-handler-api-v1.mixins.json into net.minecraft.server.level.ServerPlayer
[12Jul2025 20:10:33.293] [main/DEBUG] [mixin/]: fabric-screen-handler-api-v1.mixins.json:ServerPlayerEntityMixin from mod fabric_screen_handler_api_v1: Class version 61 required is higher than the class version supported by the current version of Mixin (JAVA_16 supports class version 60)
[12Jul2025 20:10:33.298] [main/DEBUG] [mixin/]: Mixing MixinServerPlayerEntity from surveyor.mixins.json into net.minecraft.server.level.ServerPlayer
[12Jul2025 20:10:33.303] [main/DEBUG] [mixin/]: Mixing ServerPlayerEntityMixin from fabric-entity-events-v1.mixins.json into net.minecraft.server.level.ServerPlayer
[12Jul2025 20:10:33.304] [main/DEBUG] [mixin/]: fabric-entity-events-v1.mixins.json:ServerPlayerEntityMixin from mod fabric_entity_events_v1: Class version 61 required is higher than the class version supported by the current version of Mixin (JAVA_16 supports class version 60)
[12Jul2025 20:10:33.317] [main/DEBUG] [mixin/]: fabric-screen-handler-api-v1.mixins.json:ServerPlayerEntityMixin from mod fabric_screen_handler_api_v1->@Inject::fabric_replaceVanillaScreenPacket(Lnet/minecraft/world/MenuProvider;Lorg/spongepowered/asm/mixin/injection/callback/CallbackInfoReturnable;)V does use it's CallbackInfoReturnable
[12Jul2025 20:10:33.318] [main/DEBUG] [mixin/]: surveyor.mixins.json:MixinServerPlayerEntity from mod surveyor->@Inject::init(Lnet/minecraft/server/MinecraftServer;Lnet/minecraft/server/level/ServerLevel;Lcom/mojang/authlib/GameProfile;Lorg/spongepowered/asm/mixin/injection/callback/CallbackInfo;)V doesn't use it's CallbackInfo
[12Jul2025 20:10:33.318] [main/DEBUG] [mixin/]: surveyor.mixins.json:MixinServerPlayerEntity from mod surveyor->@Inject::init(Lnet/minecraft/server/MinecraftServer;Lnet/minecraft/server/level/ServerLevel;Lcom/mojang/authlib/GameProfile;Lorg/spongepowered/asm/mixin/injection/callback/CallbackInfo;)V has 0 override(s) in child classes
[12Jul2025 20:10:33.318] [main/DEBUG] [mixin/]: surveyor.mixins.json:MixinServerPlayerEntity from mod surveyor->@Inject::init(Lnet/minecraft/server/MinecraftServer;Lnet/minecraft/server/level/ServerLevel;Lcom/mojang/authlib/GameProfile;Lorg/spongepowered/asm/mixin/injection/callback/CallbackInfo;)V won't be passed a CallbackInfo as a result
[12Jul2025 20:10:33.318] [main/DEBUG] [mixin/]: surveyor.mixins.json:MixinServerPlayerEntity from mod surveyor->@Inject::writeSurveyorData(Lnet/minecraft/nbt/CompoundTag;Lorg/spongepowered/asm/mixin/injection/callback/CallbackInfo;)V doesn't use it's CallbackInfo
[12Jul2025 20:10:33.318] [main/DEBUG] [mixin/]: surveyor.mixins.json:MixinServerPlayerEntity from mod surveyor->@Inject::writeSurveyorData(Lnet/minecraft/nbt/CompoundTag;Lorg/spongepowered/asm/mixin/injection/callback/CallbackInfo;)V has 0 override(s) in child classes
[12Jul2025 20:10:33.318] [main/DEBUG] [mixin/]: surveyor.mixins.json:MixinServerPlayerEntity from mod surveyor->@Inject::writeSurveyorData(Lnet/minecraft/nbt/CompoundTag;Lorg/spongepowered/asm/mixin/injection/callback/CallbackInfo;)V won't be passed a CallbackInfo as a result
[12Jul2025 20:10:33.318] [main/DEBUG] [mixin/]: surveyor.mixins.json:MixinServerPlayerEntity from mod surveyor->@Inject::readSurveyorData(Lnet/minecraft/nbt/CompoundTag;Lorg/spongepowered/asm/mixin/injection/callback/CallbackInfo;)V doesn't use it's CallbackInfo
[12Jul2025 20:10:33.318] [main/DEBUG] [mixin/]: surveyor.mixins.json:MixinServerPlayerEntity from mod surveyor->@Inject::readSurveyorData(Lnet/minecraft/nbt/CompoundTag;Lorg/spongepowered/asm/mixin/injection/callback/CallbackInfo;)V has 0 override(s) in child classes
[12Jul2025 20:10:33.318] [main/DEBUG] [mixin/]: surveyor.mixins.json:MixinServerPlayerEntity from mod surveyor->@Inject::readSurveyorData(Lnet/minecraft/nbt/CompoundTag;Lorg/spongepowered/asm/mixin/injection/callback/CallbackInfo;)V won't be passed a CallbackInfo as a result
[12Jul2025 20:10:33.318] [main/DEBUG] [mixin/]: surveyor.mixins.json:MixinServerPlayerEntity from mod surveyor->@Inject::setSurveyorViewDistance(Lnet/minecraft/network/protocol/game/ServerboundClientInformationPacket;Lorg/spongepowered/asm/mixin/injection/callback/CallbackInfo;)V doesn't use it's CallbackInfo
[12Jul2025 20:10:33.319] [main/DEBUG] [mixin/]: surveyor.mixins.json:MixinServerPlayerEntity from mod surveyor->@Inject::setSurveyorViewDistance(Lnet/minecraft/network/protocol/game/ServerboundClientInformationPacket;Lorg/spongepowered/asm/mixin/injection/callback/CallbackInfo;)V has 0 override(s) in child classes
[12Jul2025 20:10:33.319] [main/DEBUG] [mixin/]: surveyor.mixins.json:MixinServerPlayerEntity from mod surveyor->@Inject::setSurveyorViewDistance(Lnet/minecraft/network/protocol/game/ServerboundClientInformationPacket;Lorg/spongepowered/asm/mixin/injection/callback/CallbackInfo;)V won't be passed a CallbackInfo as a result
[12Jul2025 20:10:33.319] [main/DEBUG] [mixin/]: surveyor.mixins.json:MixinServerPlayerEntity from mod surveyor->@Inject::onDeath(Lnet/minecraft/world/damagesource/DamageSource;Lorg/spongepowered/asm/mixin/injection/callback/CallbackInfo;)V doesn't use it's CallbackInfo
[12Jul2025 20:10:33.319] [main/DEBUG] [mixin/]: surveyor.mixins.json:MixinServerPlayerEntity from mod surveyor->@Inject::onDeath(Lnet/minecraft/world/damagesource/DamageSource;Lorg/spongepowered/asm/mixin/injection/callback/CallbackInfo;)V has 0 override(s) in child classes
[12Jul2025 20:10:33.319] [main/DEBUG] [mixin/]: surveyor.mixins.json:MixinServerPlayerEntity from mod surveyor->@Inject::onDeath(Lnet/minecraft/world/damagesource/DamageSource;Lorg/spongepowered/asm/mixin/injection/callback/CallbackInfo;)V won't be passed a CallbackInfo as a result
[12Jul2025 20:10:33.319] [main/DEBUG] [mixin/]: fabric-entity-events-v1.mixins.json:ServerPlayerEntityMixin from mod fabric_entity_events_v1->@Inject::callOnKillForPlayer(Lnet/minecraft/world/damagesource/DamageSource;Lorg/spongepowered/asm/mixin/injection/callback/CallbackInfo;)V doesn't use it's CallbackInfo
[12Jul2025 20:10:33.319] [main/DEBUG] [mixin/]: fabric-entity-events-v1.mixins.json:ServerPlayerEntityMixin from mod fabric_entity_events_v1->@Inject::callOnKillForPlayer(Lnet/minecraft/world/damagesource/DamageSource;Lorg/spongepowered/asm/mixin/injection/callback/CallbackInfo;)V has 0 override(s) in child classes
[12Jul2025 20:10:33.319] [main/DEBUG] [mixin/]: fabric-entity-events-v1.mixins.json:ServerPlayerEntityMixin from mod fabric_entity_events_v1->@Inject::callOnKillForPlayer(Lnet/minecraft/world/damagesource/DamageSource;Lorg/spongepowered/asm/mixin/injection/callback/CallbackInfo;)V won't be passed a CallbackInfo as a result
[12Jul2025 20:10:33.319] [main/DEBUG] [mixin/]: fabric-entity-events-v1.mixins.json:ServerPlayerEntityMixin from mod fabric_entity_events_v1->@Inject::notifyDeath(Lnet/minecraft/world/damagesource/DamageSource;Lorg/spongepowered/asm/mixin/injection/callback/CallbackInfo;)V doesn't use it's CallbackInfo
[12Jul2025 20:10:33.319] [main/DEBUG] [mixin/]: fabric-entity-events-v1.mixins.json:ServerPlayerEntityMixin from mod fabric_entity_events_v1->@Inject::notifyDeath(Lnet/minecraft/world/damagesource/DamageSource;Lorg/spongepowered/asm/mixin/injection/callback/CallbackInfo;)V has 0 override(s) in child classes
[12Jul2025 20:10:33.319] [main/DEBUG] [mixin/]: fabric-entity-events-v1.mixins.json:ServerPlayerEntityMixin from mod fabric_entity_events_v1->@Inject::notifyDeath(Lnet/minecraft/world/damagesource/DamageSource;Lorg/spongepowered/asm/mixin/injection/callback/CallbackInfo;)V won't be passed a CallbackInfo as a result
[12Jul2025 20:10:33.319] [main/DEBUG] [mixin/]: fabric-entity-events-v1.mixins.json:ServerPlayerEntityMixin from mod fabric_entity_events_v1->@Inject::afterWorldChanged(Lnet/minecraft/server/level/ServerLevel;Lorg/spongepowered/asm/mixin/injection/callback/CallbackInfo;)V doesn't use it's CallbackInfo
[12Jul2025 20:10:33.319] [main/DEBUG] [mixin/]: fabric-entity-events-v1.mixins.json:ServerPlayerEntityMixin from mod fabric_entity_events_v1->@Inject::afterWorldChanged(Lnet/minecraft/server/level/ServerLevel;Lorg/spongepowered/asm/mixin/injection/callback/CallbackInfo;)V has 0 override(s) in child classes
[12Jul2025 20:10:33.319] [main/DEBUG] [mixin/]: fabric-entity-events-v1.mixins.json:ServerPlayerEntityMixin from mod fabric_entity_events_v1->@Inject::afterWorldChanged(Lnet/minecraft/server/level/ServerLevel;Lorg/spongepowered/asm/mixin/injection/callback/CallbackInfo;)V won't be passed a CallbackInfo as a result
[12Jul2025 20:10:33.320] [main/DEBUG] [mixin/]: fabric-entity-events-v1.mixins.json:ServerPlayerEntityMixin from mod fabric_entity_events_v1->@Inject::onTrySleepDirectionCheck(Lnet/minecraft/core/BlockPos;Lorg/spongepowered/asm/mixin/injection/callback/CallbackInfoReturnable;Ljava/util/Optional;Lnet/minecraft/world/entity/player/Player$BedSleepingProblem;Lnet/minecraft/core/Direction;)V does use it's CallbackInfoReturnable
[12Jul2025 20:10:33.349] [main/DEBUG] [mixin/]: Mixing AttachmentTargetsMixin from fabric-data-attachment-api-v1.mixins.json into net.minecraft.world.level.chunk.ChunkAccess
[12Jul2025 20:10:33.357] [main/DEBUG] [mixin/]: Mixing WorldChunkMixin from fabric-data-attachment-api-v1.mixins.json into net.minecraft.world.level.chunk.LevelChunk
[12Jul2025 20:10:33.357] [main/DEBUG] [mixin/]: Mixing server.WorldChunkMixin from fabric-lifecycle-events-v1.mixins.json into net.minecraft.world.level.chunk.LevelChunk
[12Jul2025 20:10:33.364] [main/DEBUG] [mixin/]: fabric-data-attachment-api-v1.mixins.json:WorldChunkMixin from mod fabric_data_attachment_api_v1->@Inject::transferProtoChunkAttachement(Lnet/minecraft/server/level/ServerLevel;Lnet/minecraft/world/level/chunk/ProtoChunk;Lnet/minecraft/world/level/chunk/LevelChunk$PostLoadProcessor;Lorg/spongepowered/asm/mixin/injection/callback/CallbackInfo;)V doesn't use it's CallbackInfo
[12Jul2025 20:10:33.364] [main/DEBUG] [mixin/]: fabric-data-attachment-api-v1.mixins.json:WorldChunkMixin from mod fabric_data_attachment_api_v1->@Inject::transferProtoChunkAttachement(Lnet/minecraft/server/level/ServerLevel;Lnet/minecraft/world/level/chunk/ProtoChunk;Lnet/minecraft/world/level/chunk/LevelChunk$PostLoadProcessor;Lorg/spongepowered/asm/mixin/injection/callback/CallbackInfo;)V has 0 override(s) in child classes
[12Jul2025 20:10:33.364] [main/DEBUG] [mixin/]: fabric-data-attachment-api-v1.mixins.json:WorldChunkMixin from mod fabric_data_attachment_api_v1->@Inject::transferProtoChunkAttachement(Lnet/minecraft/server/level/ServerLevel;Lnet/minecraft/world/level/chunk/ProtoChunk;Lnet/minecraft/world/level/chunk/LevelChunk$PostLoadProcessor;Lorg/spongepowered/asm/mixin/injection/callback/CallbackInfo;)V won't be passed a CallbackInfo as a result
[12Jul2025 20:10:33.365] [main/DEBUG] [mixin/]: fabric-lifecycle-events-v1.mixins.json:server.WorldChunkMixin from mod fabric_lifecycle_events_v1->@Inject::onLoadBlockEntity(Lnet/minecraft/world/level/block/entity/BlockEntity;Lorg/spongepowered/asm/mixin/injection/callback/CallbackInfo;Lnet/minecraft/core/BlockPos;Lnet/minecraft/world/level/block/entity/BlockEntity;)V doesn't use it's CallbackInfo
[12Jul2025 20:10:33.365] [main/DEBUG] [mixin/]: fabric-lifecycle-events-v1.mixins.json:server.WorldChunkMixin from mod fabric_lifecycle_events_v1->@Inject::onLoadBlockEntity(Lnet/minecraft/world/level/block/entity/BlockEntity;Lorg/spongepowered/asm/mixin/injection/callback/CallbackInfo;Lnet/minecraft/core/BlockPos;Lnet/minecraft/world/level/block/entity/BlockEntity;)V has 0 override(s) in child classes
[12Jul2025 20:10:33.365] [main/DEBUG] [mixin/]: fabric-lifecycle-events-v1.mixins.json:server.WorldChunkMixin from mod fabric_lifecycle_events_v1->@Inject::onLoadBlockEntity(Lnet/minecraft/world/level/block/entity/BlockEntity;Lorg/spongepowered/asm/mixin/injection/callback/CallbackInfo;Lnet/minecraft/core/BlockPos;Lnet/minecraft/world/level/block/entity/BlockEntity;)V won't be passed a CallbackInfo as a result
[12Jul2025 20:10:33.365] [main/DEBUG] [mixin/]: fabric-lifecycle-events-v1.mixins.json:server.WorldChunkMixin from mod fabric_lifecycle_events_v1->@Inject::onRemoveBlockEntity(Lnet/minecraft/world/level/block/entity/BlockEntity;Lorg/spongepowered/asm/mixin/injection/callback/CallbackInfo;Lnet/minecraft/core/BlockPos;Lnet/minecraft/world/level/block/entity/BlockEntity;)V doesn't use it's CallbackInfo
[12Jul2025 20:10:33.365] [main/DEBUG] [mixin/]: fabric-lifecycle-events-v1.mixins.json:server.WorldChunkMixin from mod fabric_lifecycle_events_v1->@Inject::onRemoveBlockEntity(Lnet/minecraft/world/level/block/entity/BlockEntity;Lorg/spongepowered/asm/mixin/injection/callback/CallbackInfo;Lnet/minecraft/core/BlockPos;Lnet/minecraft/world/level/block/entity/BlockEntity;)V has 0 override(s) in child classes
[12Jul2025 20:10:33.365] [main/DEBUG] [mixin/]: fabric-lifecycle-events-v1.mixins.json:server.WorldChunkMixin from mod fabric_lifecycle_events_v1->@Inject::onRemoveBlockEntity(Lnet/minecraft/world/level/block/entity/BlockEntity;Lorg/spongepowered/asm/mixin/injection/callback/CallbackInfo;Lnet/minecraft/core/BlockPos;Lnet/minecraft/world/level/block/entity/BlockEntity;)V won't be passed a CallbackInfo as a result
[12Jul2025 20:10:33.365] [main/DEBUG] [mixin/]: fabric-lifecycle-events-v1.mixins.json:server.WorldChunkMixin from mod fabric_lifecycle_events_v1->@Inject::onRemoveBlockEntity(Lnet/minecraft/core/BlockPos;Lorg/spongepowered/asm/mixin/injection/callback/CallbackInfo;Lnet/minecraft/world/level/block/entity/BlockEntity;)V doesn't use it's CallbackInfo
[12Jul2025 20:10:33.366] [main/DEBUG] [mixin/]: fabric-lifecycle-events-v1.mixins.json:server.WorldChunkMixin from mod fabric_lifecycle_events_v1->@Inject::onRemoveBlockEntity(Lnet/minecraft/core/BlockPos;Lorg/spongepowered/asm/mixin/injection/callback/CallbackInfo;Lnet/minecraft/world/level/block/entity/BlockEntity;)V has 0 override(s) in child classes
[12Jul2025 20:10:33.366] [main/DEBUG] [mixin/]: fabric-lifecycle-events-v1.mixins.json:server.WorldChunkMixin from mod fabric_lifecycle_events_v1->@Inject::onRemoveBlockEntity(Lnet/minecraft/core/BlockPos;Lorg/spongepowered/asm/mixin/injection/callback/CallbackInfo;Lnet/minecraft/world/level/block/entity/BlockEntity;)V won't be passed a CallbackInfo as a result
[12Jul2025 20:10:33.388] [main/DEBUG] [net.minecraftforge.coremod.transformer.CoreModBaseTransformer/COREMOD]: Transforming net/minecraft/world/entity/npc/Villager
[12Jul2025 20:10:33.509] [main/DEBUG] [mixin/]: Mixing VillagerEntityAccessor from fabric-content-registries-v0.mixins.json into net.minecraft.world.entity.npc.Villager
[12Jul2025 20:10:33.510] [main/DEBUG] [mixin/]: fabric-content-registries-v0.mixins.json:VillagerEntityAccessor from mod fabric_content_registries_v0: Class version 61 required is higher than the class version supported by the current version of Mixin (JAVA_16 supports class version 60)
[12Jul2025 20:10:33.511] [main/DEBUG] [mixin/]: Renaming @Accessor method fabric_setItemFoodValues(Ljava/util/Map;)V to fabric_setItemFoodValues$fabric_content_registries_v0_$md$54bf2d$0 in fabric-content-registries-v0.mixins.json:VillagerEntityAccessor from mod fabric_content_registries_v0
[12Jul2025 20:10:33.511] [main/DEBUG] [mixin/]: Renaming @Accessor method fabric_setGatherableItems(Ljava/util/Set;)V to fabric_setGatherableItems$fabric_content_registries_v0_$md$54bf2d$1 in fabric-content-registries-v0.mixins.json:VillagerEntityAccessor from mod fabric_content_registries_v0
[12Jul2025 20:10:33.511] [main/DEBUG] [mixin/]: Renaming @Accessor method fabric_getGatherableItems()Ljava/util/Set; to fabric_getGatherableItems$fabric_content_registries_v0_$md$54bf2d$2 in fabric-content-registries-v0.mixins.json:VillagerEntityAccessor from mod fabric_content_registries_v0
[12Jul2025 20:10:33.553] [main/DEBUG] [mixin/]: Mixing ingredient.IngredientMixin from fabric-recipe-api-v1.mixins.json into net.minecraft.world.item.crafting.Ingredient
[12Jul2025 20:10:33.560] [main/DEBUG] [net.minecraftforge.coremod.transformer.CoreModBaseTransformer/COREMOD]: Transforming net/minecraft/world/effect/MobEffectInstance
[12Jul2025 20:10:33.586] [main/DEBUG] [mixin/]: Mixing ServerPlayNetworkHandlerMixin from fabric-networking-api-v1.mixins.json into net.minecraft.server.network.ServerGamePacketListenerImpl
[12Jul2025 20:10:33.586] [main/DEBUG] [mixin/]: fabric-networking-api-v1.mixins.json:ServerPlayNetworkHandlerMixin from mod fabric_networking_api_v1: Class version 61 required is higher than the class version supported by the current version of Mixin (JAVA_16 supports class version 60)
[12Jul2025 20:10:33.591] [main/DEBUG] [mixin/]: Mixing accessor.ServerPlayNetworkHandlerAccessor from fabric-networking-api-v1.mixins.json into net.minecraft.server.network.ServerGamePacketListenerImpl
[12Jul2025 20:10:33.591] [main/DEBUG] [mixin/]: fabric-networking-api-v1.mixins.json:accessor.ServerPlayNetworkHandlerAccessor from mod fabric_networking_api_v1: Class version 61 required is higher than the class version supported by the current version of Mixin (JAVA_16 supports class version 60)
[12Jul2025 20:10:33.596] [main/DEBUG] [mixin/]: fabric-networking-api-v1.mixins.json:ServerPlayNetworkHandlerMixin from mod fabric_networking_api_v1->@Inject::initAddon(Lorg/spongepowered/asm/mixin/injection/callback/CallbackInfo;)V doesn't use it's CallbackInfo
[12Jul2025 20:10:33.596] [main/DEBUG] [mixin/]: fabric-networking-api-v1.mixins.json:ServerPlayNetworkHandlerMixin from mod fabric_networking_api_v1->@Inject::initAddon(Lorg/spongepowered/asm/mixin/injection/callback/CallbackInfo;)V has 0 override(s) in child classes
[12Jul2025 20:10:33.596] [main/DEBUG] [mixin/]: fabric-networking-api-v1.mixins.json:ServerPlayNetworkHandlerMixin from mod fabric_networking_api_v1->@Inject::initAddon(Lorg/spongepowered/asm/mixin/injection/callback/CallbackInfo;)V won't be passed a CallbackInfo as a result
[12Jul2025 20:10:33.596] [main/DEBUG] [mixin/]: fabric-networking-api-v1.mixins.json:ServerPlayNetworkHandlerMixin from mod fabric_networking_api_v1->@Inject::handleCustomPayloadReceivedAsync(Lnet/minecraft/network/protocol/game/ServerboundCustomPayloadPacket;Lorg/spongepowered/asm/mixin/injection/callback/CallbackInfo;)V does use it's CallbackInfo
[12Jul2025 20:10:33.596] [main/DEBUG] [mixin/]: fabric-networking-api-v1.mixins.json:ServerPlayNetworkHandlerMixin from mod fabric_networking_api_v1->@Inject::handleDisconnection(Lnet/minecraft/network/chat/Component;Lorg/spongepowered/asm/mixin/injection/callback/CallbackInfo;)V doesn't use it's CallbackInfo
[12Jul2025 20:10:33.596] [main/DEBUG] [mixin/]: fabric-networking-api-v1.mixins.json:ServerPlayNetworkHandlerMixin from mod fabric_networking_api_v1->@Inject::handleDisconnection(Lnet/minecraft/network/chat/Component;Lorg/spongepowered/asm/mixin/injection/callback/CallbackInfo;)V has 0 override(s) in child classes
[12Jul2025 20:10:33.596] [main/DEBUG] [mixin/]: fabric-networking-api-v1.mixins.json:ServerPlayNetworkHandlerMixin from mod fabric_networking_api_v1->@Inject::handleDisconnection(Lnet/minecraft/network/chat/Component;Lorg/spongepowered/asm/mixin/injection/callback/CallbackInfo;)V won't be passed a CallbackInfo as a result
[12Jul2025 20:10:33.633] [main/DEBUG] [mixin/]: Mixing EntitySelectorReaderMixin from fabric-command-api-v2.mixins.json into net.minecraft.commands.arguments.selector.EntitySelectorParser
[12Jul2025 20:10:33.633] [main/DEBUG] [mixin/]: fabric-command-api-v2.mixins.json:EntitySelectorReaderMixin from mod fabric_command_api_v2: Class version 61 required is higher than the class version supported by the current version of Mixin (JAVA_16 supports class version 60)
[12Jul2025 20:10:33.698] [main/DEBUG] [mixin/]: Generating mapped inner class net/minecraft/world/level/block/entity/ChiseledBookShelfBlockEntity$Anonymous$533d095030134c8dba6549d7cdf13c2b (originally net/fabricmc/fabric/mixin/transfer/ChiseledBookshelfBlockEntityMixin$1)
[12Jul2025 20:10:33.744] [main/DEBUG] [mixin/]: Mixing SimpleInventoryMixin from fabric-transfer-api-v1.mixins.json into net.minecraft.world.SimpleContainer
[12Jul2025 20:10:33.744] [main/DEBUG] [mixin/]: fabric-transfer-api-v1.mixins.json:SimpleInventoryMixin from mod fabric_transfer_api_v1: Class version 61 required is higher than the class version supported by the current version of Mixin (JAVA_16 supports class version 60)
[12Jul2025 20:10:33.747] [main/DEBUG] [mixin/]: Mixing SlotAccessor from balm.mixins.json into net.minecraft.world.inventory.Slot
[12Jul2025 20:10:34.119] [main/DEBUG] [net.minecraftforge.coremod.transformer.CoreModBaseTransformer/COREMOD]: Transforming net/minecraft/world/level/levelgen/structure/Structure
[12Jul2025 20:10:34.159] [main/DEBUG] [net.minecraftforge.coremod.transformer.CoreModBaseTransformer/COREMOD]: Transforming net/minecraft/world/level/levelgen/structure/structures/OceanRuinPieces$OceanRuinPiece
[12Jul2025 20:10:34.187] [main/DEBUG] [net.minecraftforge.coremod.transformer.CoreModBaseTransformer/COREMOD]: Transforming net/minecraft/world/level/levelgen/structure/structures/SwampHutPiece
[12Jul2025 20:10:34.214] [main/DEBUG] [net.minecraftforge.coremod.transformer.CoreModBaseTransformer/COREMOD]: Transforming net/minecraft/world/level/levelgen/structure/structures/OceanMonumentPieces$OceanMonumentPiece
[12Jul2025 20:10:34.251] [main/DEBUG] [net.minecraftforge.coremod.transformer.CoreModBaseTransformer/COREMOD]: Transforming net/minecraft/world/level/levelgen/structure/structures/WoodlandMansionPieces$WoodlandMansionPiece
[12Jul2025 20:10:34.296] [main/DEBUG] [mixin/]: Mixing StructureTemplatePoolAccessor from waystones.mixins.json into net.minecraft.world.level.levelgen.structure.pools.StructureTemplatePool
[12Jul2025 20:10:34.378] [main/DEBUG] [mixin/]: Mixing BiomeSourceMixin from fabric-biome-api-v1.mixins.json into net.minecraft.world.level.biome.BiomeSource
[12Jul2025 20:10:34.378] [main/DEBUG] [mixin/]: fabric-biome-api-v1.mixins.json:BiomeSourceMixin from mod fabric_biome_api_v1: Class version 61 required is higher than the class version supported by the current version of Mixin (JAVA_16 supports class version 60)
[12Jul2025 20:10:34.383] [main/DEBUG] [net.minecraftforge.coremod.transformer.CoreModBaseTransformer/COREMOD]: Transforming net/minecraft/world/level/biome/Biome
[12Jul2025 20:10:34.418] [main/DEBUG] [mixin/]: Mixing SpawnSettingsBuilderAccessor from fabric-biome-api-v1.mixins.json into net.minecraft.world.level.biome.MobSpawnSettings$Builder
[12Jul2025 20:10:34.418] [main/DEBUG] [mixin/]: fabric-biome-api-v1.mixins.json:SpawnSettingsBuilderAccessor from mod fabric_biome_api_v1: Class version 61 required is higher than the class version supported by the current version of Mixin (JAVA_16 supports class version 60)
[12Jul2025 20:10:34.441] [main/DEBUG] [mixin/]: Mixing NetherBiomePresetMixin from fabric-biome-api-v1.mixins.json into net.minecraft.world.level.biome.MultiNoiseBiomeSourceParameterList$Preset$1
[12Jul2025 20:10:34.441] [main/DEBUG] [mixin/]: fabric-biome-api-v1.mixins.json:NetherBiomePresetMixin from mod fabric_biome_api_v1: Class version 61 required is higher than the class version supported by the current version of Mixin (JAVA_16 supports class version 60)
[12Jul2025 20:10:34.443] [main/DEBUG] [mixin/]: fabric-biome-api-v1.mixins.json:NetherBiomePresetMixin from mod fabric_biome_api_v1->@Inject::apply(Ljava/util/function/Function;Lorg/spongepowered/asm/mixin/injection/callback/CallbackInfoReturnable;)V does use it's CallbackInfoReturnable
[12Jul2025 20:10:34.449] [main/DEBUG] [mixin/]: Mixing TheEndBiomeSourceMixin from fabric-biome-api-v1.mixins.json into net.minecraft.world.level.biome.TheEndBiomeSource
[12Jul2025 20:10:34.449] [main/DEBUG] [mixin/]: fabric-biome-api-v1.mixins.json:TheEndBiomeSourceMixin from mod fabric_biome_api_v1: Class version 61 required is higher than the class version supported by the current version of Mixin (JAVA_16 supports class version 60)
[12Jul2025 20:10:34.450] [main/DEBUG] [mixin/]: Renaming synthetic method lambda$init$1(Lnet/minecraft/core/HolderGetter;)Lnet/fabricmc/fabric/impl/biome/TheEndBiomeData$Overrides; to md54bf2d$fabric_biome_api_v1$lambda$init$1$0 in fabric-biome-api-v1.mixins.json:TheEndBiomeSourceMixin from mod fabric_biome_api_v1
[12Jul2025 20:10:34.451] [main/DEBUG] [mixin/]: Renaming synthetic method lambda$modifyCodec$0(Lcom/mojang/serialization/codecs/RecordCodecBuilder$Instance;)Lcom/mojang/datafixers/kinds/App; to md54bf2d$fabric_biome_api_v1$lambda$modifyCodec$0$1 in fabric-biome-api-v1.mixins.json:TheEndBiomeSourceMixin from mod fabric_biome_api_v1
[12Jul2025 20:10:34.465] [main/DEBUG] [mixin/]: fabric-biome-api-v1.mixins.json:TheEndBiomeSourceMixin from mod fabric_biome_api_v1->@Inject::modifyCodec(Lorg/spongepowered/asm/mixin/injection/callback/CallbackInfo;)V doesn't use it's CallbackInfo
[12Jul2025 20:10:34.465] [main/DEBUG] [mixin/]: fabric-biome-api-v1.mixins.json:TheEndBiomeSourceMixin from mod fabric_biome_api_v1->@Inject::rememberLookup(Lnet/minecraft/core/HolderGetter;Lorg/spongepowered/asm/mixin/injection/callback/CallbackInfoReturnable;)V doesn't use it's CallbackInfoReturnable
[12Jul2025 20:10:34.465] [main/DEBUG] [mixin/]: fabric-biome-api-v1.mixins.json:TheEndBiomeSourceMixin from mod fabric_biome_api_v1->@Inject::clearLookup(Lnet/minecraft/core/HolderGetter;Lorg/spongepowered/asm/mixin/injection/callback/CallbackInfoReturnable;)V doesn't use it's CallbackInfoReturnable
[12Jul2025 20:10:34.465] [main/DEBUG] [mixin/]: fabric-biome-api-v1.mixins.json:TheEndBiomeSourceMixin from mod fabric_biome_api_v1->@Inject::init(Lnet/minecraft/core/Holder;Lnet/minecraft/core/Holder;Lnet/minecraft/core/Holder;Lnet/minecraft/core/Holder;Lnet/minecraft/core/Holder;Lorg/spongepowered/asm/mixin/injection/callback/CallbackInfo;)V doesn't use it's CallbackInfo
[12Jul2025 20:10:34.465] [main/DEBUG] [mixin/]: fabric-biome-api-v1.mixins.json:TheEndBiomeSourceMixin from mod fabric_biome_api_v1->@Inject::init(Lnet/minecraft/core/Holder;Lnet/minecraft/core/Holder;Lnet/minecraft/core/Holder;Lnet/minecraft/core/Holder;Lnet/minecraft/core/Holder;Lorg/spongepowered/asm/mixin/injection/callback/CallbackInfo;)V has 0 override(s) in child classes
[12Jul2025 20:10:34.465] [main/DEBUG] [mixin/]: fabric-biome-api-v1.mixins.json:TheEndBiomeSourceMixin from mod fabric_biome_api_v1->@Inject::init(Lnet/minecraft/core/Holder;Lnet/minecraft/core/Holder;Lnet/minecraft/core/Holder;Lnet/minecraft/core/Holder;Lnet/minecraft/core/Holder;Lorg/spongepowered/asm/mixin/injection/callback/CallbackInfo;)V won't be passed a CallbackInfo as a result
[12Jul2025 20:10:34.465] [main/DEBUG] [mixin/]: fabric-biome-api-v1.mixins.json:TheEndBiomeSourceMixin from mod fabric_biome_api_v1->@Inject::getWeightedEndBiome(IIILnet/minecraft/world/level/biome/Climate$Sampler;Lorg/spongepowered/asm/mixin/injection/callback/CallbackInfoReturnable;)V does use it's CallbackInfoReturnable
[12Jul2025 20:10:34.465] [main/DEBUG] [mixin/]: fabric-biome-api-v1.mixins.json:TheEndBiomeSourceMixin from mod fabric_biome_api_v1->@Inject::getWeightedEndBiome(IIILnet/minecraft/world/level/biome/Climate$Sampler;Lorg/spongepowered/asm/mixin/injection/callback/CallbackInfoReturnable;)V does use it's CallbackInfoReturnable
[12Jul2025 20:10:34.466] [main/DEBUG] [mixin/]: fabric-biome-api-v1.mixins.json:TheEndBiomeSourceMixin from mod fabric_biome_api_v1->@Inject::getWeightedEndBiome(IIILnet/minecraft/world/level/biome/Climate$Sampler;Lorg/spongepowered/asm/mixin/injection/callback/CallbackInfoReturnable;)V does use it's CallbackInfoReturnable
[12Jul2025 20:10:34.466] [main/DEBUG] [mixin/]: fabric-biome-api-v1.mixins.json:TheEndBiomeSourceMixin from mod fabric_biome_api_v1->@Inject::getWeightedEndBiome(IIILnet/minecraft/world/level/biome/Climate$Sampler;Lorg/spongepowered/asm/mixin/injection/callback/CallbackInfoReturnable;)V does use it's CallbackInfoReturnable
[12Jul2025 20:10:34.466] [main/DEBUG] [mixin/]: fabric-biome-api-v1.mixins.json:TheEndBiomeSourceMixin from mod fabric_biome_api_v1->@Inject::getWeightedEndBiome(IIILnet/minecraft/world/level/biome/Climate$Sampler;Lorg/spongepowered/asm/mixin/injection/callback/CallbackInfoReturnable;)V does use it's CallbackInfoReturnable
[12Jul2025 20:10:34.498] [main/DEBUG] [mixin/]: Mixing DebugChunkGeneratorAccessor from fabric-registry-sync-v0.mixins.json into net.minecraft.world.level.levelgen.DebugLevelSource
[12Jul2025 20:10:34.501] [main/DEBUG] [mixin/]: fabric-registry-sync-v0.mixins.json:DebugChunkGeneratorAccessor from mod fabric_registry_sync_v0: Class version 61 required is higher than the class version supported by the current version of Mixin (JAVA_16 supports class version 60)
[12Jul2025 20:10:34.502] [main/DEBUG] [mixin/]: Renaming @Accessor method setBLOCK_STATES(Ljava/util/List;)V to setBLOCK_STATES$fabric_registry_sync_v0_$md$54bf2d$0 in fabric-registry-sync-v0.mixins.json:DebugChunkGeneratorAccessor from mod fabric_registry_sync_v0
[12Jul2025 20:10:34.502] [main/DEBUG] [mixin/]: Renaming @Accessor method setX_SIDE_LENGTH(I)V to setX_SIDE_LENGTH$fabric_registry_sync_v0_$md$54bf2d$1 in fabric-registry-sync-v0.mixins.json:DebugChunkGeneratorAccessor from mod fabric_registry_sync_v0
[12Jul2025 20:10:34.502] [main/DEBUG] [mixin/]: Renaming @Accessor method setZ_SIDE_LENGTH(I)V to setZ_SIDE_LENGTH$fabric_registry_sync_v0_$md$54bf2d$2 in fabric-registry-sync-v0.mixins.json:DebugChunkGeneratorAccessor from mod fabric_registry_sync_v0
[12Jul2025 20:10:34.581] [main/DEBUG] [mixin/]: Mixing SinglePoolElementMixin from waystones.mixins.json into net.minecraft.world.level.levelgen.structure.pools.SinglePoolElement
[12Jul2025 20:10:34.583] [main/DEBUG] [mixin/]: Renaming synthetic method lambda$waystones$isWaystone$1(Lnet/minecraft/world/level/levelgen/structure/templatesystem/StructureTemplate;)V to md54bf2d$waystones$lambda$waystones$isWaystone$1$0 in waystones.mixins.json:SinglePoolElementMixin from mod waystones
[12Jul2025 20:10:34.584] [main/DEBUG] [mixin/]: Renaming synthetic method lambda$waystones$isWaystone$0(Lnet/minecraft/resources/ResourceLocation;)V to md54bf2d$waystones$lambda$waystones$isWaystone$0$1 in waystones.mixins.json:SinglePoolElementMixin from mod waystones
[12Jul2025 20:10:34.586] [main/DEBUG] [net.minecraftforge.coremod.transformer.CoreModBaseTransformer/COREMOD]: Transforming net/minecraft/world/level/levelgen/structure/templatesystem/StructureTemplate
[12Jul2025 20:10:34.715] [main/DEBUG] [mixin/]: waystones.mixins.json:SinglePoolElementMixin from mod waystones->@Inject::place(Lnet/minecraft/world/level/levelgen/structure/templatesystem/StructureTemplateManager;Lnet/minecraft/world/level/WorldGenLevel;Lnet/minecraft/world/level/StructureManager;Lnet/minecraft/world/level/chunk/ChunkGenerator;Lnet/minecraft/core/BlockPos;Lnet/minecraft/core/BlockPos;Lnet/minecraft/world/level/block/Rotation;Lnet/minecraft/world/level/levelgen/structure/BoundingBox;Lnet/minecraft/util/RandomSource;ZLorg/spongepowered/asm/mixin/injection/callback/CallbackInfoReturnable;)V does use it's CallbackInfoReturnable
[12Jul2025 20:10:34.793] [main/DEBUG] [net.minecraftforge.coremod.transformer.CoreModBaseTransformer/COREMOD]: Transforming m_236069_ with desc (Lit/unimi/dsi/fastutil/objects/Object2IntOpenHashMap;)V
[12Jul2025 20:10:34.800] [main/DEBUG] [net.minecraftforge.coremod.CoreMod.fabric_resource_conditions_api_v1/COREMODLOG]: Injected DataProvider.FIXED_ORDER_FIELDS conditions key priority
[12Jul2025 20:10:34.801] [main/DEBUG] [net.minecraftforge.coremod.transformer.CoreModBaseTransformer/COREMOD]: Transforming m_236069_ with desc (Lit/unimi/dsi/fastutil/objects/Object2IntOpenHashMap;)V
[12Jul2025 20:10:34.807] [main/DEBUG] [net.minecraftforge.coremod.CoreMod.fabric_data_generation_api_v1/COREMODLOG]: Injected fabric key sort orders hook into DataProvider.FIXED_ORDER_FIELDS
[12Jul2025 20:10:34.807] [main/DEBUG] [net.minecraftforge.coremod.CoreMod.fabric_data_generation_api_v1/COREMODLOG]: Injected fabric key sort orders hook into DataProvider.FIXED_ORDER_FIELDS
[12Jul2025 20:10:34.892] [main/INFO] [surveyor/]: [Surveyor] is not a map mod
[12Jul2025 20:10:34.937] [main/DEBUG] [net.minecraftforge.common.ForgeI18n/CORE]: Loading I18N data entries: 6430
[12Jul2025 20:10:34.962] [main/DEBUG] [net.minecraftforge.fml.ModWorkManager/LOADING]: Using 4 threads for parallel mod-loading
[12Jul2025 20:10:34.967] [main/DEBUG] [net.minecraftforge.fml.javafmlmod.FMLJavaModLanguageProvider/LOADING]: Loading FMLModContainer from classloader cpw.mods.modlauncher.TransformingClassLoader@48ccbb32 - got cpw.mods.cl.ModuleClassLoader@70228253
[12Jul2025 20:10:34.968] [main/DEBUG] [net.minecraftforge.fml.javafmlmod.FMLModContainer/LOADING]: Creating FMLModContainer instance for net.fabricmc.fabric.impl.transfer.TransferApiImpl
[12Jul2025 20:10:34.974] [main/DEBUG] [net.minecraftforge.fml.javafmlmod.FMLJavaModLanguageProvider/LOADING]: Loading FMLModContainer from classloader cpw.mods.modlauncher.TransformingClassLoader@48ccbb32 - got cpw.mods.cl.ModuleClassLoader@70228253
[12Jul2025 20:10:34.974] [main/DEBUG] [net.minecraftforge.fml.javafmlmod.FMLModContainer/LOADING]: Creating FMLModContainer instance for net.fabricmc.fabric.impl.dimension.FabricDimensionInternals
[12Jul2025 20:10:34.974] [main/DEBUG] [net.minecraftforge.fml.javafmlmod.FMLJavaModLanguageProvider/LOADING]: Loading FMLModContainer from classloader cpw.mods.modlauncher.TransformingClassLoader@48ccbb32 - got cpw.mods.cl.ModuleClassLoader@70228253
[12Jul2025 20:10:34.974] [main/DEBUG] [net.minecraftforge.fml.javafmlmod.FMLModContainer/LOADING]: Creating FMLModContainer instance for net.blay09.mods.kuma.forge.ForgeKumaAPI
[12Jul2025 20:10:34.975] [main/DEBUG] [net.minecraftforge.fml.javafmlmod.FMLJavaModLanguageProvider/LOADING]: Loading FMLModContainer from classloader cpw.mods.modlauncher.TransformingClassLoader@48ccbb32 - got cpw.mods.cl.ModuleClassLoader@70228253
[12Jul2025 20:10:34.975] [main/DEBUG] [net.minecraftforge.fml.javafmlmod.FMLModContainer/LOADING]: Creating FMLModContainer instance for net.fabricmc.fabric.impl.renderer.RendererImpl
[12Jul2025 20:10:34.975] [main/DEBUG] [net.minecraftforge.fml.javafmlmod.FMLJavaModLanguageProvider/LOADING]: Loading FMLModContainer from classloader cpw.mods.modlauncher.TransformingClassLoader@48ccbb32 - got cpw.mods.cl.ModuleClassLoader@70228253
[12Jul2025 20:10:34.975] [main/DEBUG] [net.minecraftforge.fml.javafmlmod.FMLModContainer/LOADING]: Creating FMLModContainer instance for elocindev.animation_overhaul.AnimationOverhaul
[12Jul2025 20:10:34.976] [main/DEBUG] [net.minecraftforge.fml.javafmlmod.FMLJavaModLanguageProvider/LOADING]: Loading FMLModContainer from classloader cpw.mods.modlauncher.TransformingClassLoader@48ccbb32 - got cpw.mods.cl.ModuleClassLoader@70228253
[12Jul2025 20:10:34.976] [main/DEBUG] [net.minecraftforge.fml.javafmlmod.FMLModContainer/LOADING]: Creating FMLModContainer instance for software.bernie.example.GeckoLibMod
[12Jul2025 20:10:34.977] [main/DEBUG] [net.minecraftforge.fml.lowcodemod.LowCodeModLanguageProvider.LowCodeModTarget/LOADING]: Loading LowCodeModContainer from classloader cpw.mods.modlauncher.TransformingClassLoader@48ccbb32 - got cpw.mods.cl.ModuleClassLoader@70228253
[12Jul2025 20:10:34.977] [main/DEBUG] [net.minecraftforge.fml.lowcodemod.LowCodeModContainer/LOADING]: Creating LowCodeModContainer for folk_sisby_kaleido_config
[12Jul2025 20:10:34.978] [main/DEBUG] [net.minecraftforge.fml.javafmlmod.FMLJavaModLanguageProvider/LOADING]: Loading FMLModContainer from classloader cpw.mods.modlauncher.TransformingClassLoader@48ccbb32 - got cpw.mods.cl.ModuleClassLoader@70228253
[12Jul2025 20:10:34.978] [main/DEBUG] [net.minecraftforge.fml.javafmlmod.FMLModContainer/LOADING]: Creating FMLModContainer instance for dev.kosmx.playerAnim.forge.ForgeModInterface
[12Jul2025 20:10:34.978] [main/DEBUG] [net.minecraftforge.fml.javafmlmod.FMLJavaModLanguageProvider/LOADING]: Loading FMLModContainer from classloader cpw.mods.modlauncher.TransformingClassLoader@48ccbb32 - got cpw.mods.cl.ModuleClassLoader@70228253
[12Jul2025 20:10:34.978] [main/DEBUG] [net.minecraftforge.fml.javafmlmod.FMLModContainer/LOADING]: Creating FMLModContainer instance for net.fabricmc.fabric.impl.item.FabricItemImpl
[12Jul2025 20:10:34.979] [main/DEBUG] [net.minecraftforge.fml.javafmlmod.FMLJavaModLanguageProvider/LOADING]: Loading FMLModContainer from classloader cpw.mods.modlauncher.TransformingClassLoader@48ccbb32 - got cpw.mods.cl.ModuleClassLoader@70228253
[12Jul2025 20:10:34.979] [main/DEBUG] [net.minecraftforge.fml.javafmlmod.FMLModContainer/LOADING]: Creating FMLModContainer instance for net.fabricmc.fabric.impl.client.model.loading.ModelLoadingImpl
[12Jul2025 20:10:34.980] [main/DEBUG] [net.minecraftforge.fml.javafmlmod.FMLJavaModLanguageProvider/LOADING]: Loading FMLModContainer from classloader cpw.mods.modlauncher.TransformingClassLoader@48ccbb32 - got cpw.mods.cl.ModuleClassLoader@70228253
[12Jul2025 20:10:34.980] [main/DEBUG] [net.minecraftforge.fml.javafmlmod.FMLModContainer/LOADING]: Creating FMLModContainer instance for com.saltywater.sittingplus.SittingPlus
[12Jul2025 20:10:34.981] [main/DEBUG] [net.minecraftforge.fml.javafmlmod.FMLJavaModLanguageProvider/LOADING]: Loading FMLModContainer from classloader cpw.mods.modlauncher.TransformingClassLoader@48ccbb32 - got cpw.mods.cl.ModuleClassLoader@70228253
[12Jul2025 20:10:34.981] [main/DEBUG] [net.minecraftforge.fml.javafmlmod.FMLModContainer/LOADING]: Creating FMLModContainer instance for net.fabricmc.fabric.impl.client.rendering.fluid.FluidRenderingImpl
[12Jul2025 20:10:34.981] [main/DEBUG] [net.minecraftforge.fml.javafmlmod.FMLJavaModLanguageProvider/LOADING]: Loading FMLModContainer from classloader cpw.mods.modlauncher.TransformingClassLoader@48ccbb32 - got cpw.mods.cl.ModuleClassLoader@70228253
[12Jul2025 20:10:34.981] [main/DEBUG] [net.minecraftforge.fml.javafmlmod.FMLModContainer/LOADING]: Creating FMLModContainer instance for net.fabricmc.fabric.impl.screenhandler.ScreenHandlerImpl
[12Jul2025 20:10:34.982] [main/DEBUG] [net.minecraftforge.fml.javafmlmod.FMLJavaModLanguageProvider/LOADING]: Loading FMLModContainer from classloader cpw.mods.modlauncher.TransformingClassLoader@48ccbb32 - got cpw.mods.cl.ModuleClassLoader@70228253
[12Jul2025 20:10:34.982] [main/DEBUG] [net.minecraftforge.fml.javafmlmod.FMLModContainer/LOADING]: Creating FMLModContainer instance for net.fabricmc.fabric.impl.client.model.ModelsImpl
[12Jul2025 20:10:34.982] [main/DEBUG] [net.minecraftforge.fml.javafmlmod.FMLJavaModLanguageProvider/LOADING]: Loading FMLModContainer from classloader cpw.mods.modlauncher.TransformingClassLoader@48ccbb32 - got cpw.mods.cl.ModuleClassLoader@70228253
[12Jul2025 20:10:34.982] [main/DEBUG] [net.minecraftforge.fml.javafmlmod.FMLModContainer/LOADING]: Creating FMLModContainer instance for net.fabricmc.fabric.impl.resource.loader.ResourceLoaderImpl
[12Jul2025 20:10:34.983] [main/DEBUG] [net.minecraftforge.fml.javafmlmod.FMLJavaModLanguageProvider/LOADING]: Loading FMLModContainer from classloader cpw.mods.modlauncher.TransformingClassLoader@48ccbb32 - got cpw.mods.cl.ModuleClassLoader@70228253
[12Jul2025 20:10:34.983] [main/DEBUG] [net.minecraftforge.fml.javafmlmod.FMLModContainer/LOADING]: Creating FMLModContainer instance for net.fabricmc.fabric.impl.client.rendering.RenderingImpl
[12Jul2025 20:10:34.984] [main/DEBUG] [net.minecraftforge.fml.javafmlmod.FMLJavaModLanguageProvider/LOADING]: Loading FMLModContainer from classloader cpw.mods.modlauncher.TransformingClassLoader@48ccbb32 - got cpw.mods.cl.ModuleClassLoader@70228253
[12Jul2025 20:10:34.984] [main/DEBUG] [net.minecraftforge.fml.javafmlmod.FMLModContainer/LOADING]: Creating FMLModContainer instance for net.blay09.mods.waystones.ForgeWaystones
[12Jul2025 20:10:34.985] [main/DEBUG] [net.minecraftforge.fml.javafmlmod.FMLJavaModLanguageProvider/LOADING]: Loading FMLModContainer from classloader cpw.mods.modlauncher.TransformingClassLoader@48ccbb32 - got cpw.mods.cl.ModuleClassLoader@70228253
[12Jul2025 20:10:34.985] [main/DEBUG] [net.minecraftforge.fml.javafmlmod.FMLModContainer/LOADING]: Creating FMLModContainer instance for net.fabricmc.fabric.impl.client.indigo.IndigoMod
[12Jul2025 20:10:34.985] [main/DEBUG] [net.minecraftforge.fml.javafmlmod.FMLJavaModLanguageProvider/LOADING]: Loading FMLModContainer from classloader cpw.mods.modlauncher.TransformingClassLoader@48ccbb32 - got cpw.mods.cl.ModuleClassLoader@70228253
[12Jul2025 20:10:34.985] [main/DEBUG] [net.minecraftforge.fml.javafmlmod.FMLModContainer/LOADING]: Creating FMLModContainer instance for net.fabricmc.fabric.impl.tag.convention.ConventionTagsImpl
[12Jul2025 20:10:34.986] [main/DEBUG] [net.minecraftforge.fml.javafmlmod.FMLJavaModLanguageProvider/LOADING]: Loading FMLModContainer from classloader cpw.mods.modlauncher.TransformingClassLoader@48ccbb32 - got cpw.mods.cl.ModuleClassLoader@70228253
[12Jul2025 20:10:34.986] [main/DEBUG] [net.minecraftforge.fml.javafmlmod.FMLModContainer/LOADING]: Creating FMLModContainer instance for net.fabricmc.fabric.impl.mininglevel.MiningLevelImpl
[12Jul2025 20:10:34.986] [main/DEBUG] [net.minecraftforge.fml.javafmlmod.FMLJavaModLanguageProvider/LOADING]: Loading FMLModContainer from classloader cpw.mods.modlauncher.TransformingClassLoader@48ccbb32 - got cpw.mods.cl.ModuleClassLoader@70228253
[12Jul2025 20:10:34.986] [main/DEBUG] [net.minecraftforge.fml.javafmlmod.FMLModContainer/LOADING]: Creating FMLModContainer instance for net.fabricmc.fabric.impl.command.v1.LegacyHandler
[12Jul2025 20:10:34.987] [main/DEBUG] [net.minecraftforge.fml.javafmlmod.FMLJavaModLanguageProvider/LOADING]: Loading FMLModContainer from classloader cpw.mods.modlauncher.TransformingClassLoader@48ccbb32 - got cpw.mods.cl.ModuleClassLoader@70228253
[12Jul2025 20:10:34.987] [main/DEBUG] [net.minecraftforge.fml.javafmlmod.FMLModContainer/LOADING]: Creating FMLModContainer instance for net.sonmok14.fromtheshadows.server.Fromtheshadows
[12Jul2025 20:10:34.988] [main/DEBUG] [net.minecraftforge.fml.javafmlmod.FMLJavaModLanguageProvider/LOADING]: Loading FMLModContainer from classloader cpw.mods.modlauncher.TransformingClassLoader@48ccbb32 - got cpw.mods.cl.ModuleClassLoader@70228253
[12Jul2025 20:10:34.988] [main/DEBUG] [net.minecraftforge.fml.javafmlmod.FMLModContainer/LOADING]: Creating FMLModContainer instance for net.fabricmc.fabric.impl.blockview.BlockViewImpl
[12Jul2025 20:10:34.988] [main/DEBUG] [net.minecraftforge.fml.javafmlmod.FMLJavaModLanguageProvider/LOADING]: Loading FMLModContainer from classloader cpw.mods.modlauncher.TransformingClassLoader@48ccbb32 - got cpw.mods.cl.ModuleClassLoader@70228253
[12Jul2025 20:10:34.988] [main/DEBUG] [net.minecraftforge.fml.javafmlmod.FMLModContainer/LOADING]: Creating FMLModContainer instance for net.fabricmc.fabric.impl.command.CommandApiImpl
[12Jul2025 20:10:34.989] [main/DEBUG] [net.minecraftforge.fml.javafmlmod.FMLJavaModLanguageProvider/LOADING]: Loading FMLModContainer from classloader cpw.mods.modlauncher.TransformingClassLoader@48ccbb32 - got cpw.mods.cl.ModuleClassLoader@70228253
[12Jul2025 20:10:34.989] [main/DEBUG] [net.minecraftforge.fml.javafmlmod.FMLModContainer/LOADING]: Creating FMLModContainer instance for com.mrcrayfish.configured.Configured
[12Jul2025 20:10:34.990] [main/DEBUG] [net.minecraftforge.fml.javafmlmod.FMLJavaModLanguageProvider/LOADING]: Loading FMLModContainer from classloader cpw.mods.modlauncher.TransformingClassLoader@48ccbb32 - got cpw.mods.cl.ModuleClassLoader@70228253
[12Jul2025 20:10:34.990] [main/DEBUG] [net.minecraftforge.fml.javafmlmod.FMLModContainer/LOADING]: Creating FMLModContainer instance for net.fabricmc.fabric.impl.attachment.AttachmentEntrypoint
[12Jul2025 20:10:34.991] [main/DEBUG] [net.minecraftforge.fml.javafmlmod.FMLJavaModLanguageProvider/LOADING]: Loading FMLModContainer from classloader cpw.mods.modlauncher.TransformingClassLoader@48ccbb32 - got cpw.mods.cl.ModuleClassLoader@70228253
[12Jul2025 20:10:34.991] [main/DEBUG] [net.minecraftforge.fml.javafmlmod.FMLModContainer/LOADING]: Creating FMLModContainer instance for com.llamalad7.mixinextras.platform.forge.MixinExtrasMod
[12Jul2025 20:10:34.992] [main/DEBUG] [net.minecraftforge.fml.javafmlmod.FMLJavaModLanguageProvider/LOADING]: Loading FMLModContainer from classloader cpw.mods.modlauncher.TransformingClassLoader@48ccbb32 - got cpw.mods.cl.ModuleClassLoader@70228253
[12Jul2025 20:10:34.992] [main/DEBUG] [net.minecraftforge.fml.javafmlmod.FMLModContainer/LOADING]: Creating FMLModContainer instance for org.sinytra.generated.surveyor_ngVdB.Entrypoint_surveyor
[12Jul2025 20:10:34.993] [main/DEBUG] [net.minecraftforge.fml.javafmlmod.FMLJavaModLanguageProvider/LOADING]: Loading FMLModContainer from classloader cpw.mods.modlauncher.TransformingClassLoader@48ccbb32 - got cpw.mods.cl.ModuleClassLoader@70228253
[12Jul2025 20:10:34.993] [main/DEBUG] [net.minecraftforge.fml.javafmlmod.FMLModContainer/LOADING]: Creating FMLModContainer instance for net.blay09.mods.balm.forge.ForgeBalm
[12Jul2025 20:10:34.993] [main/DEBUG] [net.minecraftforge.fml.javafmlmod.FMLJavaModLanguageProvider/LOADING]: Loading FMLModContainer from classloader cpw.mods.modlauncher.TransformingClassLoader@48ccbb32 - got cpw.mods.cl.ModuleClassLoader@70228253
[12Jul2025 20:10:34.993] [main/DEBUG] [net.minecraftforge.fml.javafmlmod.FMLModContainer/LOADING]: Creating FMLModContainer instance for net.fabricmc.fabric.impl.client.screen.ScreenApiImpl
[12Jul2025 20:10:34.994] [main/DEBUG] [net.minecraftforge.fml.javafmlmod.FMLJavaModLanguageProvider/LOADING]: Loading FMLModContainer from classloader cpw.mods.modlauncher.TransformingClassLoader@48ccbb32 - got cpw.mods.cl.ModuleClassLoader@70228253
[12Jul2025 20:10:34.994] [main/DEBUG] [net.minecraftforge.fml.javafmlmod.FMLModContainer/LOADING]: Creating FMLModContainer instance for org.sinytra.generated.antique_atlas_bycuC.Entrypoint_antique_atlas
[12Jul2025 20:10:34.994] [main/DEBUG] [net.minecraftforge.fml.javafmlmod.FMLJavaModLanguageProvider/LOADING]: Loading FMLModContainer from classloader cpw.mods.modlauncher.TransformingClassLoader@48ccbb32 - got cpw.mods.cl.ModuleClassLoader@70228253
[12Jul2025 20:10:34.994] [main/DEBUG] [net.minecraftforge.fml.javafmlmod.FMLModContainer/LOADING]: Creating FMLModContainer instance for mirsario.cameraoverhaul.CameraOverhaulEntryPoint
[12Jul2025 20:10:34.995] [main/DEBUG] [net.minecraftforge.fml.javafmlmod.FMLJavaModLanguageProvider/LOADING]: Loading FMLModContainer from classloader cpw.mods.modlauncher.TransformingClassLoader@48ccbb32 - got cpw.mods.cl.ModuleClassLoader@70228253
[12Jul2025 20:10:34.995] [main/DEBUG] [net.minecraftforge.fml.javafmlmod.FMLModContainer/LOADING]: Creating FMLModContainer instance for net.fabricmc.fabric.impl.particle.ParticlesImpl
[12Jul2025 20:10:34.996] [main/DEBUG] [net.minecraftforge.fml.javafmlmod.FMLJavaModLanguageProvider/LOADING]: Loading FMLModContainer from classloader cpw.mods.modlauncher.TransformingClassLoader@48ccbb32 - got cpw.mods.cl.ModuleClassLoader@70228253
[12Jul2025 20:10:34.996] [main/DEBUG] [net.minecraftforge.fml.javafmlmod.FMLModContainer/LOADING]: Creating FMLModContainer instance for net.minecraftforge.common.ForgeMod
[12Jul2025 20:10:34.996] [main/DEBUG] [net.minecraftforge.fml.javafmlmod.FMLJavaModLanguageProvider/LOADING]: Loading FMLModContainer from classloader cpw.mods.modlauncher.TransformingClassLoader@48ccbb32 - got cpw.mods.cl.ModuleClassLoader@70228253
[12Jul2025 20:10:34.996] [main/DEBUG] [net.minecraftforge.fml.javafmlmod.FMLModContainer/LOADING]: Creating FMLModContainer instance for net.fabricmc.fabric.impl.sinytra.SinytraFabric
[12Jul2025 20:10:34.997] [main/DEBUG] [net.minecraftforge.fml.javafmlmod.FMLJavaModLanguageProvider/LOADING]: Loading FMLModContainer from classloader cpw.mods.modlauncher.TransformingClassLoader@48ccbb32 - got cpw.mods.cl.ModuleClassLoader@70228253
[12Jul2025 20:10:34.997] [main/DEBUG] [net.minecraftforge.fml.javafmlmod.FMLModContainer/LOADING]: Creating FMLModContainer instance for net.fabricmc.fabric.impl.content.registry.ContentRegistryImpl
[12Jul2025 20:10:34.997] [main/DEBUG] [net.minecraftforge.fml.lowcodemod.LowCodeModLanguageProvider.LowCodeModTarget/LOADING]: Loading LowCodeModContainer from classloader cpw.mods.modlauncher.TransformingClassLoader@48ccbb32 - got cpw.mods.cl.ModuleClassLoader@70228253
[12Jul2025 20:10:34.997] [main/DEBUG] [net.minecraftforge.fml.lowcodemod.LowCodeModContainer/LOADING]: Creating LowCodeModContainer for fabric_transitive_access_wideners_v1
[12Jul2025 20:10:34.997] [main/DEBUG] [net.minecraftforge.fml.javafmlmod.FMLJavaModLanguageProvider/LOADING]: Loading FMLModContainer from classloader cpw.mods.modlauncher.TransformingClassLoader@48ccbb32 - got cpw.mods.cl.ModuleClassLoader@70228253
[12Jul2025 20:10:34.997] [main/DEBUG] [net.minecraftforge.fml.javafmlmod.FMLModContainer/LOADING]: Creating FMLModContainer instance for com.nyfaria.nyfsspiders.NyfsSpiders
[12Jul2025 20:10:34.998] [main/DEBUG] [net.minecraftforge.fml.javafmlmod.FMLJavaModLanguageProvider/LOADING]: Loading FMLModContainer from classloader cpw.mods.modlauncher.TransformingClassLoader@48ccbb32 - got cpw.mods.cl.ModuleClassLoader@70228253
[12Jul2025 20:10:34.999] [main/DEBUG] [net.minecraftforge.fml.javafmlmod.FMLModContainer/LOADING]: Creating FMLModContainer instance for net.mcreator.deathangels.DeathAngelsMod
[12Jul2025 20:10:34.999] [main/DEBUG] [net.minecraftforge.fml.javafmlmod.FMLJavaModLanguageProvider/LOADING]: Loading FMLModContainer from classloader cpw.mods.modlauncher.TransformingClassLoader@48ccbb32 - got cpw.mods.cl.ModuleClassLoader@70228253
[12Jul2025 20:10:34.999] [main/DEBUG] [net.minecraftforge.fml.javafmlmod.FMLModContainer/LOADING]: Creating FMLModContainer instance for net.mcreator.befalltwo.BefalltwoMod
[12Jul2025 20:10:35.000] [main/DEBUG] [net.minecraftforge.fml.javafmlmod.FMLJavaModLanguageProvider/LOADING]: Loading FMLModContainer from classloader cpw.mods.modlauncher.TransformingClassLoader@48ccbb32 - got cpw.mods.cl.ModuleClassLoader@70228253
[12Jul2025 20:10:35.000] [main/DEBUG] [net.minecraftforge.fml.javafmlmod.FMLModContainer/LOADING]: Creating FMLModContainer instance for net.mcreator.midnightlurker.MidnightlurkerMod
[12Jul2025 20:10:35.001] [main/DEBUG] [net.minecraftforge.fml.javafmlmod.FMLJavaModLanguageProvider/LOADING]: Loading FMLModContainer from classloader cpw.mods.modlauncher.TransformingClassLoader@48ccbb32 - got cpw.mods.cl.ModuleClassLoader@70228253
[12Jul2025 20:10:35.001] [main/DEBUG] [net.minecraftforge.fml.javafmlmod.FMLModContainer/LOADING]: Creating FMLModContainer instance for net.fabricmc.fabric.impl.gamerule.GameRuleApiImpl
[12Jul2025 20:10:35.001] [main/DEBUG] [net.minecraftforge.fml.javafmlmod.FMLJavaModLanguageProvider/LOADING]: Loading FMLModContainer from classloader cpw.mods.modlauncher.TransformingClassLoader@48ccbb32 - got cpw.mods.cl.ModuleClassLoader@70228253
[12Jul2025 20:10:35.001] [main/DEBUG] [net.minecraftforge.fml.javafmlmod.FMLModContainer/LOADING]: Creating FMLModContainer instance for net.fabricmc.fabric.impl.base.event.FabricApiBaseMod
[12Jul2025 20:10:35.002] [main/DEBUG] [net.minecraftforge.fml.javafmlmod.FMLJavaModLanguageProvider/LOADING]: Loading FMLModContainer from classloader cpw.mods.modlauncher.TransformingClassLoader@48ccbb32 - got cpw.mods.cl.ModuleClassLoader@70228253
[12Jul2025 20:10:35.002] [main/DEBUG] [net.minecraftforge.fml.javafmlmod.FMLModContainer/LOADING]: Creating FMLModContainer instance for elocindev.necronomicon.CommonInitializer
[12Jul2025 20:10:35.003] [main/DEBUG] [net.minecraftforge.fml.javafmlmod.FMLJavaModLanguageProvider/LOADING]: Loading FMLModContainer from classloader cpw.mods.modlauncher.TransformingClassLoader@48ccbb32 - got cpw.mods.cl.ModuleClassLoader@70228253
[12Jul2025 20:10:35.003] [main/DEBUG] [net.minecraftforge.fml.javafmlmod.FMLModContainer/LOADING]: Creating FMLModContainer instance for net.fabricmc.fabric.impl.lookup.ApiLookupImpl
[12Jul2025 20:10:35.003] [main/DEBUG] [net.minecraftforge.fml.javafmlmod.FMLJavaModLanguageProvider/LOADING]: Loading FMLModContainer from classloader cpw.mods.modlauncher.TransformingClassLoader@48ccbb32 - got cpw.mods.cl.ModuleClassLoader@70228253
[12Jul2025 20:10:35.003] [main/DEBUG] [net.minecraftforge.fml.javafmlmod.FMLModContainer/LOADING]: Creating FMLModContainer instance for net.fabricmc.fabric.impl.blockrenderlayer.BlockRenderLayerImpl
[12Jul2025 20:10:35.004] [main/DEBUG] [net.minecraftforge.fml.javafmlmod.FMLJavaModLanguageProvider/LOADING]: Loading FMLModContainer from classloader cpw.mods.modlauncher.TransformingClassLoader@48ccbb32 - got cpw.mods.cl.ModuleClassLoader@70228253
[12Jul2025 20:10:35.004] [main/DEBUG] [net.minecraftforge.fml.javafmlmod.FMLModContainer/LOADING]: Creating FMLModContainer instance for snownee.jade.util.CommonProxy
[12Jul2025 20:10:35.006] [main/DEBUG] [net.minecraftforge.fml.javafmlmod.FMLJavaModLanguageProvider/LOADING]: Loading FMLModContainer from classloader cpw.mods.modlauncher.TransformingClassLoader@48ccbb32 - got cpw.mods.cl.ModuleClassLoader@70228253
[12Jul2025 20:10:35.006] [main/DEBUG] [net.minecraftforge.fml.javafmlmod.FMLModContainer/LOADING]: Creating FMLModContainer instance for com.obscuria.tooltips.ObscureTooltips
[12Jul2025 20:10:35.007] [main/DEBUG] [net.minecraftforge.fml.javafmlmod.FMLJavaModLanguageProvider/LOADING]: Loading FMLModContainer from classloader cpw.mods.modlauncher.TransformingClassLoader@48ccbb32 - got cpw.mods.cl.ModuleClassLoader@70228253
[12Jul2025 20:10:35.007] [main/DEBUG] [net.minecraftforge.fml.javafmlmod.FMLModContainer/LOADING]: Creating FMLModContainer instance for team.creative.creativecore.CreativeCore
[12Jul2025 20:10:35.008] [main/DEBUG] [net.minecraftforge.fml.javafmlmod.FMLJavaModLanguageProvider/LOADING]: Loading FMLModContainer from classloader cpw.mods.modlauncher.TransformingClassLoader@48ccbb32 - got cpw.mods.cl.ModuleClassLoader@70228253
[12Jul2025 20:10:35.008] [main/DEBUG] [net.minecraftforge.fml.javafmlmod.FMLModContainer/LOADING]: Creating FMLModContainer instance for org.popcraft.chunky.ChunkyForge
[12Jul2025 20:10:35.009] [main/DEBUG] [net.minecraftforge.fml.javafmlmod.FMLJavaModLanguageProvider/LOADING]: Loading FMLModContainer from classloader cpw.mods.modlauncher.TransformingClassLoader@48ccbb32 - got cpw.mods.cl.ModuleClassLoader@70228253
[12Jul2025 20:10:35.009] [main/DEBUG] [net.minecraftforge.fml.javafmlmod.FMLModContainer/LOADING]: Creating FMLModContainer instance for net.fabricmc.fabric.impl.block.BlockApiImpl
[12Jul2025 20:10:35.010] [main/DEBUG] [net.minecraftforge.fml.javafmlmod.FMLJavaModLanguageProvider/LOADING]: Loading FMLModContainer from classloader cpw.mods.modlauncher.TransformingClassLoader@48ccbb32 - got cpw.mods.cl.ModuleClassLoader@70228253
[12Jul2025 20:10:35.010] [main/DEBUG] [net.minecraftforge.fml.javafmlmod.FMLModContainer/LOADING]: Creating FMLModContainer instance for net.fabricmc.fabric.impl.resource.conditions.ResourceConditionsMod
[12Jul2025 20:10:35.010] [main/DEBUG] [net.minecraftforge.fml.javafmlmod.FMLJavaModLanguageProvider/LOADING]: Loading FMLModContainer from classloader cpw.mods.modlauncher.TransformingClassLoader@48ccbb32 - got cpw.mods.cl.ModuleClassLoader@70228253
[12Jul2025 20:10:35.010] [main/DEBUG] [net.minecraftforge.fml.javafmlmod.FMLModContainer/LOADING]: Creating FMLModContainer instance for nl.enjarai.a_good_place.forge.AGoodPlaceImpl
[12Jul2025 20:10:35.011] [main/DEBUG] [net.minecraftforge.fml.javafmlmod.FMLJavaModLanguageProvider/LOADING]: Loading FMLModContainer from classloader cpw.mods.modlauncher.TransformingClassLoader@48ccbb32 - got cpw.mods.cl.ModuleClassLoader@70228253
[12Jul2025 20:10:35.012] [main/DEBUG] [net.minecraftforge.fml.javafmlmod.FMLModContainer/LOADING]: Creating FMLModContainer instance for net.mcreator.man.ManMod
[12Jul2025 20:10:35.012] [main/DEBUG] [net.minecraftforge.fml.javafmlmod.FMLJavaModLanguageProvider/LOADING]: Loading FMLModContainer from classloader cpw.mods.modlauncher.TransformingClassLoader@48ccbb32 - got cpw.mods.cl.ModuleClassLoader@70228253
[12Jul2025 20:10:35.012] [main/DEBUG] [net.minecraftforge.fml.javafmlmod.FMLModContainer/LOADING]: Creating FMLModContainer instance for net.fabricmc.fabric.impl.itemgroup.ItemGroupsApiImpl
[12Jul2025 20:10:35.013] [main/DEBUG] [net.minecraftforge.fml.javafmlmod.FMLJavaModLanguageProvider/LOADING]: Loading FMLModContainer from classloader cpw.mods.modlauncher.TransformingClassLoader@48ccbb32 - got cpw.mods.cl.ModuleClassLoader@70228253
[12Jul2025 20:10:35.013] [main/DEBUG] [net.minecraftforge.fml.javafmlmod.FMLModContainer/LOADING]: Creating FMLModContainer instance for org.sinytra.connector.mod.ConnectorMod
[12Jul2025 20:10:35.014] [main/DEBUG] [net.minecraftforge.fml.javafmlmod.FMLJavaModLanguageProvider/LOADING]: Loading FMLModContainer from classloader cpw.mods.modlauncher.TransformingClassLoader@48ccbb32 - got cpw.mods.cl.ModuleClassLoader@70228253
[12Jul2025 20:10:35.014] [main/DEBUG] [net.minecraftforge.fml.javafmlmod.FMLModContainer/LOADING]: Creating FMLModContainer instance for net.fabricmc.fabric.impl.biome.BiomeApiImpl
[12Jul2025 20:10:35.014] [main/DEBUG] [net.minecraftforge.fml.javafmlmod.FMLJavaModLanguageProvider/LOADING]: Loading FMLModContainer from classloader cpw.mods.modlauncher.TransformingClassLoader@48ccbb32 - got cpw.mods.cl.ModuleClassLoader@70228253
[12Jul2025 20:10:35.014] [main/DEBUG] [net.minecraftforge.fml.javafmlmod.FMLModContainer/LOADING]: Creating FMLModContainer instance for net.fabricmc.fabric.impl.entity.event.EntityEventsImpl
[12Jul2025 20:10:35.015] [main/DEBUG] [net.minecraftforge.fml.javafmlmod.FMLJavaModLanguageProvider/LOADING]: Loading FMLModContainer from classloader cpw.mods.modlauncher.TransformingClassLoader@48ccbb32 - got cpw.mods.cl.ModuleClassLoader@70228253
[12Jul2025 20:10:35.015] [main/DEBUG] [net.minecraftforge.fml.javafmlmod.FMLModContainer/LOADING]: Creating FMLModContainer instance for net.mcreator.antlers.AntlersMod
[12Jul2025 20:10:35.016] [main/DEBUG] [net.minecraftforge.fml.javafmlmod.FMLJavaModLanguageProvider/LOADING]: Loading FMLModContainer from classloader cpw.mods.modlauncher.TransformingClassLoader@48ccbb32 - got cpw.mods.cl.ModuleClassLoader@70228253
[12Jul2025 20:10:35.016] [main/DEBUG] [net.minecraftforge.fml.javafmlmod.FMLModContainer/LOADING]: Creating FMLModContainer instance for net.fabricmc.fabric.impl.registry.sync.FabricRegistryInit
[12Jul2025 20:10:35.016] [main/DEBUG] [net.minecraftforge.fml.javafmlmod.FMLJavaModLanguageProvider/LOADING]: Loading FMLModContainer from classloader cpw.mods.modlauncher.TransformingClassLoader@48ccbb32 - got cpw.mods.cl.ModuleClassLoader@70228253
[12Jul2025 20:10:35.016] [main/DEBUG] [net.minecraftforge.fml.javafmlmod.FMLModContainer/LOADING]: Creating FMLModContainer instance for net.mcreator.vapor.BwrtherainMod
[12Jul2025 20:10:35.017] [main/DEBUG] [net.minecraftforge.fml.javafmlmod.FMLJavaModLanguageProvider/LOADING]: Loading FMLModContainer from classloader cpw.mods.modlauncher.TransformingClassLoader@48ccbb32 - got cpw.mods.cl.ModuleClassLoader@70228253
[12Jul2025 20:10:35.017] [main/DEBUG] [net.minecraftforge.fml.javafmlmod.FMLModContainer/LOADING]: Creating FMLModContainer instance for net.fabricmc.fabric.impl.recipe.ingredient.RecipesImpl
[12Jul2025 20:10:35.018] [main/DEBUG] [net.minecraftforge.fml.javafmlmod.FMLJavaModLanguageProvider/LOADING]: Loading FMLModContainer from classloader cpw.mods.modlauncher.TransformingClassLoader@48ccbb32 - got cpw.mods.cl.ModuleClassLoader@70228253
[12Jul2025 20:10:35.018] [main/DEBUG] [net.minecraftforge.fml.javafmlmod.FMLModContainer/LOADING]: Creating FMLModContainer instance for net.fabricmc.fabric.impl.loot.LootImpl
[12Jul2025 20:10:35.018] [main/DEBUG] [net.minecraftforge.fml.javafmlmod.FMLJavaModLanguageProvider/LOADING]: Loading FMLModContainer from classloader cpw.mods.modlauncher.TransformingClassLoader@48ccbb32 - got cpw.mods.cl.ModuleClassLoader@70228253
[12Jul2025 20:10:35.018] [main/DEBUG] [net.minecraftforge.fml.javafmlmod.FMLModContainer/LOADING]: Creating FMLModContainer instance for net.fabricmc.fabric.impl.object.builder.ObjectBuilderApiImpl
[12Jul2025 20:10:35.019] [main/DEBUG] [net.minecraftforge.fml.javafmlmod.FMLJavaModLanguageProvider/LOADING]: Loading FMLModContainer from classloader cpw.mods.modlauncher.TransformingClassLoader@48ccbb32 - got cpw.mods.cl.ModuleClassLoader@70228253
[12Jul2025 20:10:35.019] [main/DEBUG] [net.minecraftforge.fml.javafmlmod.FMLModContainer/LOADING]: Creating FMLModContainer instance for net.fabricmc.fabric.impl.rendering.data.RenderingDataAttachmentImpl
[12Jul2025 20:10:35.019] [main/DEBUG] [net.minecraftforge.fml.javafmlmod.FMLJavaModLanguageProvider/LOADING]: Loading FMLModContainer from classloader cpw.mods.modlauncher.TransformingClassLoader@48ccbb32 - got cpw.mods.cl.ModuleClassLoader@70228253
[12Jul2025 20:10:35.019] [main/DEBUG] [net.minecraftforge.fml.javafmlmod.FMLModContainer/LOADING]: Creating FMLModContainer instance for net.mcreator.itsnotreal.ItsnotrealMod
[12Jul2025 20:10:35.020] [main/DEBUG] [net.minecraftforge.fml.javafmlmod.FMLJavaModLanguageProvider/LOADING]: Loading FMLModContainer from classloader cpw.mods.modlauncher.TransformingClassLoader@48ccbb32 - got cpw.mods.cl.ModuleClassLoader@70228253
[12Jul2025 20:10:35.020] [main/DEBUG] [net.minecraftforge.fml.javafmlmod.FMLModContainer/LOADING]: Creating FMLModContainer instance for net.mcreator.theanomaly.TheAnomalyMod
[12Jul2025 20:10:35.021] [main/DEBUG] [net.minecraftforge.fml.javafmlmod.FMLJavaModLanguageProvider/LOADING]: Loading FMLModContainer from classloader cpw.mods.modlauncher.TransformingClassLoader@48ccbb32 - got cpw.mods.cl.ModuleClassLoader@70228253
[12Jul2025 20:10:35.021] [main/DEBUG] [net.minecraftforge.fml.javafmlmod.FMLModContainer/LOADING]: Creating FMLModContainer instance for net.fabricmc.fabric.impl.networking.NetworkingImpl
[12Jul2025 20:10:35.021] [main/DEBUG] [net.minecraftforge.fml.javafmlmod.FMLJavaModLanguageProvider/LOADING]: Loading FMLModContainer from classloader cpw.mods.modlauncher.TransformingClassLoader@48ccbb32 - got cpw.mods.cl.ModuleClassLoader@70228253
[12Jul2025 20:10:35.021] [main/DEBUG] [net.minecraftforge.fml.javafmlmod.FMLModContainer/LOADING]: Creating FMLModContainer instance for net.fabricmc.fabric.impl.client.sound.SoundsImpl
[12Jul2025 20:10:35.021] [main/DEBUG] [net.minecraftforge.fml.javafmlmod.FMLJavaModLanguageProvider/LOADING]: Loading FMLModContainer from classloader cpw.mods.modlauncher.TransformingClassLoader@48ccbb32 - got cpw.mods.cl.ModuleClassLoader@70228253
[12Jul2025 20:10:35.021] [main/DEBUG] [net.minecraftforge.fml.javafmlmod.FMLModContainer/LOADING]: Creating FMLModContainer instance for com.modrinth.EuloLapn.ModrinthWrapper
[12Jul2025 20:10:35.022] [main/DEBUG] [net.minecraftforge.fml.javafmlmod.FMLJavaModLanguageProvider/LOADING]: Loading FMLModContainer from classloader cpw.mods.modlauncher.TransformingClassLoader@48ccbb32 - got cpw.mods.cl.ModuleClassLoader@70228253
[12Jul2025 20:10:35.022] [main/DEBUG] [net.minecraftforge.fml.javafmlmod.FMLModContainer/LOADING]: Creating FMLModContainer instance for net.fabricmc.fabric.impl.message.MessagesImpl
[12Jul2025 20:10:35.023] [main/DEBUG] [net.minecraftforge.fml.javafmlmod.FMLJavaModLanguageProvider/LOADING]: Loading FMLModContainer from classloader cpw.mods.modlauncher.TransformingClassLoader@48ccbb32 - got cpw.mods.cl.ModuleClassLoader@70228253
[12Jul2025 20:10:35.023] [main/DEBUG] [net.minecraftforge.fml.javafmlmod.FMLModContainer/LOADING]: Creating FMLModContainer instance for net.mcreator.nomoon.NoMoonMod
[12Jul2025 20:10:35.023] [main/DEBUG] [net.minecraftforge.fml.javafmlmod.FMLJavaModLanguageProvider/LOADING]: Loading FMLModContainer from classloader cpw.mods.modlauncher.TransformingClassLoader@48ccbb32 - got cpw.mods.cl.ModuleClassLoader@70228253
[12Jul2025 20:10:35.023] [main/DEBUG] [net.minecraftforge.fml.javafmlmod.FMLModContainer/LOADING]: Creating FMLModContainer instance for net.fabricmc.fabric.impl.event.lifecycle.LifecycleEventsImpl
[12Jul2025 20:10:35.024] [main/DEBUG] [net.minecraftforge.fml.javafmlmod.FMLJavaModLanguageProvider/LOADING]: Loading FMLModContainer from classloader cpw.mods.modlauncher.TransformingClassLoader@48ccbb32 - got cpw.mods.cl.ModuleClassLoader@70228253
[12Jul2025 20:10:35.024] [main/DEBUG] [net.minecraftforge.fml.javafmlmod.FMLModContainer/LOADING]: Creating FMLModContainer instance for net.lionarius.skinrestorer.forge.SkinRestorerForge
[12Jul2025 20:10:35.025] [main/DEBUG] [net.minecraftforge.fml.javafmlmod.FMLJavaModLanguageProvider/LOADING]: Loading FMLModContainer from classloader cpw.mods.modlauncher.TransformingClassLoader@48ccbb32 - got cpw.mods.cl.ModuleClassLoader@70228253
[12Jul2025 20:10:35.025] [main/DEBUG] [net.minecraftforge.fml.javafmlmod.FMLModContainer/LOADING]: Creating FMLModContainer instance for net.fabricmc.fabric.impl.datagen.FabricDatagenImpl
[12Jul2025 20:10:35.025] [main/DEBUG] [net.minecraftforge.fml.javafmlmod.FMLJavaModLanguageProvider/LOADING]: Loading FMLModContainer from classloader cpw.mods.modlauncher.TransformingClassLoader@48ccbb32 - got cpw.mods.cl.ModuleClassLoader@70228253
[12Jul2025 20:10:35.025] [main/DEBUG] [net.minecraftforge.fml.javafmlmod.FMLModContainer/LOADING]: Creating FMLModContainer instance for net.fabricmc.fabric.impl.event.interaction.InteractionEventsRouter
[12Jul2025 20:10:35.026] [main/DEBUG] [net.minecraftforge.fml.javafmlmod.FMLJavaModLanguageProvider/LOADING]: Loading FMLModContainer from classloader cpw.mods.modlauncher.TransformingClassLoader@48ccbb32 - got cpw.mods.cl.ModuleClassLoader@70228253
[12Jul2025 20:10:35.026] [main/DEBUG] [net.minecraftforge.fml.javafmlmod.FMLModContainer/LOADING]: Creating FMLModContainer instance for net.mcreator.god.GodMod
[12Jul2025 20:10:35.027] [main/DEBUG] [net.minecraftforge.fml.javafmlmod.FMLJavaModLanguageProvider/LOADING]: Loading FMLModContainer from classloader cpw.mods.modlauncher.TransformingClassLoader@48ccbb32 - got cpw.mods.cl.ModuleClassLoader@70228253
[12Jul2025 20:10:35.027] [main/DEBUG] [net.minecraftforge.fml.javafmlmod.FMLModContainer/LOADING]: Creating FMLModContainer instance for net.fabricmc.fabric.impl.client.keybinding.KeyBindingMod
[12Jul2025 20:10:35.027] [main/DEBUG] [net.minecraftforge.fml.javafmlmod.FMLJavaModLanguageProvider/LOADING]: Loading FMLModContainer from classloader cpw.mods.modlauncher.TransformingClassLoader@48ccbb32 - got cpw.mods.cl.ModuleClassLoader@70228253
[12Jul2025 20:10:35.027] [main/DEBUG] [net.minecraftforge.fml.javafmlmod.FMLModContainer/LOADING]: Creating FMLModContainer instance for net.fabricmc.fabric.impl.tag.client.ClientTagsImpl
[12Jul2025 20:10:35.041] [modloading-worker-0/DEBUG] [net.minecraftforge.fml.javafmlmod.AutomaticEventSubscriber/LOADING]: Attempting to inject @EventBusSubscriber classes into the eventbus for fabric_dimensions_v1
[12Jul2025 20:10:35.042] [modloading-worker-0/DEBUG] [net.minecraftforge.fml.javafmlmod.AutomaticEventSubscriber/LOADING]: Attempting to inject @EventBusSubscriber classes into the eventbus for fabric_renderer_api_v1
[12Jul2025 20:10:35.042] [modloading-worker-0/DEBUG] [net.minecraftforge.fml.javafmlmod.AutomaticEventSubscriber/LOADING]: Attempting to inject @EventBusSubscriber classes into the eventbus for kuma_api
[12Jul2025 20:10:35.052] [modloading-worker-0/DEBUG] [net.minecraftforge.fml.javafmlmod.AutomaticEventSubscriber/LOADING]: Attempting to inject @EventBusSubscriber classes into the eventbus for playeranimator
[12Jul2025 20:10:35.057] [modloading-worker-0/INFO] [necronomicon/]: File exists, reading config for elocindev.animation_overhaul.config.AnimationsConfig.
[12Jul2025 20:10:35.061] [modloading-worker-0/INFO] [necronomicon/]: Config for elocindev.animation_overhaul.config.AnimationsConfig read successfully.
[12Jul2025 20:10:35.066] [modloading-worker-0/DEBUG] [net.minecraftforge.fml.javafmlmod.AutomaticEventSubscriber/LOADING]: Attempting to inject @EventBusSubscriber classes into the eventbus for fabric_transfer_api_v1
[12Jul2025 20:10:35.066] [modloading-worker-0/DEBUG] [net.minecraftforge.fml.javafmlmod.AutomaticEventSubscriber/LOADING]: Attempting to inject @EventBusSubscriber classes into the eventbus for fabric_model_loading_api_v1
[12Jul2025 20:10:35.070] [modloading-worker-0/DEBUG] [net.minecraftforge.fml.javafmlmod.AutomaticEventSubscriber/LOADING]: Attempting to inject @EventBusSubscriber classes into the eventbus for fabric_item_api_v1
[12Jul2025 20:10:35.070] [modloading-worker-0/DEBUG] [net.minecraftforge.fml.javafmlmod.AutomaticEventSubscriber/LOADING]: Attempting to inject @EventBusSubscriber classes into the eventbus for fabric_rendering_fluids_v1
[12Jul2025 20:10:35.071] [modloading-worker-0/DEBUG] [net.minecraftforge.fml.javafmlmod.AutomaticEventSubscriber/LOADING]: Attempting to inject @EventBusSubscriber classes into the eventbus for fabric_screen_handler_api_v1
[12Jul2025 20:10:35.071] [modloading-worker-0/DEBUG] [net.minecraftforge.fml.javafmlmod.AutomaticEventSubscriber/LOADING]: Attempting to inject @EventBusSubscriber classes into the eventbus for fabric_models_v0
[12Jul2025 20:10:35.075] [modloading-worker-0/DEBUG] [net.minecraftforge.fml.javafmlmod.AutomaticEventSubscriber/LOADING]: Attempting to inject @EventBusSubscriber classes into the eventbus for sittingplus
[12Jul2025 20:10:35.075] [modloading-worker-0/DEBUG] [net.minecraftforge.fml.javafmlmod.AutomaticEventSubscriber/LOADING]: Attempting to inject @EventBusSubscriber classes into the eventbus for fabric_rendering_v1
[12Jul2025 20:10:35.079] [modloading-worker-0/DEBUG] [net.minecraftforge.fml.javafmlmod.AutomaticEventSubscriber/LOADING]: Attempting to inject @EventBusSubscriber classes into the eventbus for fabric_resource_loader_v0
[12Jul2025 20:10:35.082] [modloading-worker-0/DEBUG] [net.minecraftforge.fml.javafmlmod.AutomaticEventSubscriber/LOADING]: Attempting to inject @EventBusSubscriber classes into the eventbus for fabric_renderer_indigo
[12Jul2025 20:10:35.082] [modloading-worker-0/DEBUG] [net.minecraftforge.fml.javafmlmod.AutomaticEventSubscriber/LOADING]: Attempting to inject @EventBusSubscriber classes into the eventbus for fabric_convention_tags_v1
[12Jul2025 20:10:35.083] [modloading-worker-0/DEBUG] [net.minecraftforge.fml.javafmlmod.AutomaticEventSubscriber/LOADING]: Attempting to inject @EventBusSubscriber classes into the eventbus for fabric_mining_level_api_v1
[12Jul2025 20:10:35.084] [modloading-worker-0/DEBUG] [net.minecraftforge.fml.javafmlmod.AutomaticEventSubscriber/LOADING]: Attempting to inject @EventBusSubscriber classes into the eventbus for fabric_command_api_v1
[12Jul2025 20:10:35.088] [modloading-worker-0/INFO] [necronomicon/]: File exists, reading config for elocindev.animation_overhaul.config.PlayerConfig.
[12Jul2025 20:10:35.091] [modloading-worker-0/INFO] [necronomicon/]: Config for elocindev.animation_overhaul.config.PlayerConfig read successfully.
[12Jul2025 20:10:35.093] [modloading-worker-0/INFO] [animation_overhaul/]: Animation Overhaul's Config initialized
[12Jul2025 20:10:35.093] [modloading-worker-0/DEBUG] [net.minecraftforge.fml.javafmlmod.AutomaticEventSubscriber/LOADING]: Attempting to inject @EventBusSubscriber classes into the eventbus for animation_overhaul
[12Jul2025 20:10:35.094] [modloading-worker-0/DEBUG] [net.minecraftforge.fml.javafmlmod.AutomaticEventSubscriber/LOADING]: Attempting to inject @EventBusSubscriber classes into the eventbus for fabric_block_view_api_v2
[12Jul2025 20:10:35.098] [modloading-worker-0/DEBUG] [net.minecraftforge.fml.javafmlmod.AutomaticEventSubscriber/LOADING]: Attempting to inject @EventBusSubscriber classes into the eventbus for fabric_command_api_v2
[12Jul2025 20:10:35.102] [modloading-worker-0/DEBUG] [net.minecraftforge.fml.javafmlmod.AutomaticEventSubscriber/LOADING]: Attempting to inject @EventBusSubscriber classes into the eventbus for configured
[12Jul2025 20:10:35.123] [modloading-worker-0/DEBUG] [net.minecraftforge.fml.javafmlmod.AutomaticEventSubscriber/LOADING]: Attempting to inject @EventBusSubscriber classes into the eventbus for fabric_data_attachment_api_v1
[12Jul2025 20:10:35.124] [modloading-worker-0/DEBUG] [net.minecraftforge.fml.javafmlmod.AutomaticEventSubscriber/LOADING]: Attempting to inject @EventBusSubscriber classes into the eventbus for mixinextras
[12Jul2025 20:10:35.124] [modloading-worker-0/DEBUG] [net.minecraftforge.fml.javafmlmod.AutomaticEventSubscriber/LOADING]: Attempting to inject @EventBusSubscriber classes into the eventbus for surveyor
[12Jul2025 20:10:35.132] [modloading-worker-0/DEBUG] [net.minecraftforge.fml.javafmlmod.AutomaticEventSubscriber/LOADING]: Attempting to inject @EventBusSubscriber classes into the eventbus for geckolib
[12Jul2025 20:10:35.132] [modloading-worker-0/DEBUG] [net.minecraftforge.fml.javafmlmod.AutomaticEventSubscriber/LOADING]: Auto-subscribing software.bernie.example.GeckoLibMod to FORGE
[12Jul2025 20:10:35.133] [modloading-worker-0/DEBUG] [net.minecraftforge.fml.javafmlmod.AutomaticEventSubscriber/LOADING]: Auto-subscribing software.bernie.example.CommonListener to MOD
[12Jul2025 20:10:35.142] [modloading-worker-0/DEBUG] [net.minecraftforge.fml.javafmlmod.AutomaticEventSubscriber/LOADING]: Attempting to inject @EventBusSubscriber classes into the eventbus for fabric_screen_api_v1
[12Jul2025 20:10:35.142] [modloading-worker-0/DEBUG] [net.minecraftforge.fml.javafmlmod.AutomaticEventSubscriber/LOADING]: Attempting to inject @EventBusSubscriber classes into the eventbus for antique_atlas
[12Jul2025 20:10:35.144] [modloading-worker-0/DEBUG] [net.minecraftforge.fml.javafmlmod.AutomaticEventSubscriber/LOADING]: Attempting to inject @EventBusSubscriber classes into the eventbus for cameraoverhaul
[12Jul2025 20:10:35.147] [modloading-worker-0/DEBUG] [net.minecraftforge.fml.javafmlmod.AutomaticEventSubscriber/LOADING]: Attempting to inject @EventBusSubscriber classes into the eventbus for fabric_particles_v1
[12Jul2025 20:10:35.149] [modloading-worker-0/DEBUG] [net.minecraftforge.versions.forge.ForgeVersion/CORE]: Forge Version package package net.minecraftforge.versions.forge, Forge, version 47.3 from cpw.mods.modlauncher.TransformingClassLoader@48ccbb32
[12Jul2025 20:10:35.152] [modloading-worker-0/DEBUG] [net.minecraftforge.versions.forge.ForgeVersion/CORE]: Found Forge version 47.3.7
[12Jul2025 20:10:35.152] [modloading-worker-0/DEBUG] [net.minecraftforge.versions.forge.ForgeVersion/CORE]: Found Forge spec 47.3
[12Jul2025 20:10:35.152] [modloading-worker-0/DEBUG] [net.minecraftforge.versions.forge.ForgeVersion/CORE]: Found Forge group net.minecraftforge
[12Jul2025 20:10:35.153] [modloading-worker-0/DEBUG] [net.minecraftforge.versions.mcp.MCPVersion/CORE]: MCP Version package package net.minecraftforge.versions.mcp, Minecraft, version 1.20.1 from cpw.mods.modlauncher.TransformingClassLoader@48ccbb32
[12Jul2025 20:10:35.155] [modloading-worker-0/DEBUG] [net.minecraftforge.versions.mcp.MCPVersion/CORE]: Found MC version information 1.20.1
[12Jul2025 20:10:35.155] [modloading-worker-0/DEBUG] [net.minecraftforge.versions.mcp.MCPVersion/CORE]: Found MCP version information 20230612.114412
[12Jul2025 20:10:35.155] [modloading-worker-0/INFO] [net.minecraftforge.common.ForgeMod/FORGEMOD]: Forge mod loading, version 47.3.7, for MC 1.20.1 with MCP 20230612.114412
[12Jul2025 20:10:35.155] [modloading-worker-0/INFO] [net.minecraftforge.common.MinecraftForge/FORGE]: MinecraftForge v47.3.7 Initialized
[12Jul2025 20:10:35.178] [modloading-worker-0/DEBUG] [net.minecraftforge.fml.config.ConfigTracker/CONFIG]: Config file from_the_shadows.toml for fromtheshadows tracking
[12Jul2025 20:10:35.184] [modloading-worker-0/DEBUG] [mixin/]: Mixing accessor.CustomPayloadC2SPacketAccessor from fabric-networking-api-v1.mixins.json into net.minecraft.network.protocol.game.ServerboundCustomPayloadPacket
[12Jul2025 20:10:35.184] [modloading-worker-0/DEBUG] [mixin/]: fabric-networking-api-v1.mixins.json:accessor.CustomPayloadC2SPacketAccessor from mod fabric_networking_api_v1: Class version 61 required is higher than the class version supported by the current version of Mixin (JAVA_16 supports class version 60)
[12Jul2025 20:10:35.194] [modloading-worker-0/DEBUG] [mixin/]: Mixing accessor.LoginQueryResponseC2SPacketAccessor from fabric-networking-api-v1.mixins.json into net.minecraft.network.protocol.login.ServerboundCustomQueryPacket
[12Jul2025 20:10:35.194] [modloading-worker-0/DEBUG] [mixin/]: fabric-networking-api-v1.mixins.json:accessor.LoginQueryResponseC2SPacketAccessor from mod fabric_networking_api_v1: Class version 61 required is higher than the class version supported by the current version of Mixin (JAVA_16 supports class version 60)
[12Jul2025 20:10:35.225] [modloading-worker-0/DEBUG] [net.minecraftforge.fml.javafmlmod.AutomaticEventSubscriber/LOADING]: Attempting to inject @EventBusSubscriber classes into the eventbus for fromtheshadows
[12Jul2025 20:10:35.225] [modloading-worker-0/DEBUG] [net.minecraftforge.fml.javafmlmod.AutomaticEventSubscriber/LOADING]: Auto-subscribing net.sonmok14.fromtheshadows.server.world.biome.FTSWorldRegistry to MOD
[12Jul2025 20:10:35.227] [modloading-worker-0/DEBUG] [net.minecraftforge.fml.javafmlmod.AutomaticEventSubscriber/LOADING]: Auto-subscribing net.sonmok14.fromtheshadows.server.utils.registry.SoundRegistry to MOD
[12Jul2025 20:10:35.227] [modloading-worker-0/DEBUG] [net.minecraftforge.fml.javafmlmod.AutomaticEventSubscriber/LOADING]: Auto-subscribing net.sonmok14.fromtheshadows.server.utils.registry.EntityRegistry to MOD
[12Jul2025 20:10:35.234] [modloading-worker-0/DEBUG] [net.minecraftforge.fml.javafmlmod.AutomaticEventSubscriber/LOADING]: Auto-subscribing net.sonmok14.fromtheshadows.server.utils.event.EntityEvent to FORGE
[12Jul2025 20:10:35.243] [modloading-worker-0/DEBUG] [net.minecraftforge.fml.javafmlmod.AutomaticEventSubscriber/LOADING]: Attempting to inject @EventBusSubscriber classes into the eventbus for fabric_api
[12Jul2025 20:10:35.254] [modloading-worker-0/DEBUG] [net.minecraftforge.fml.javafmlmod.AutomaticEventSubscriber/LOADING]: Attempting to inject @EventBusSubscriber classes into the eventbus for fabric_content_registries_v0
[12Jul2025 20:10:35.256] [modloading-worker-0/DEBUG] [io.netty.util.internal.PlatformDependent0/]: -Dio.netty.noUnsafe: false
[12Jul2025 20:10:35.257] [modloading-worker-0/DEBUG] [io.netty.util.internal.PlatformDependent0/]: Java version: 17
[12Jul2025 20:10:35.258] [modloading-worker-0/DEBUG] [io.netty.util.internal.PlatformDependent0/]: sun.misc.Unsafe.theUnsafe: available
[12Jul2025 20:10:35.260] [modloading-worker-0/DEBUG] [io.netty.util.internal.PlatformDependent0/]: sun.misc.Unsafe.copyMemory: available
[12Jul2025 20:10:35.261] [modloading-worker-0/DEBUG] [io.netty.util.internal.PlatformDependent0/]: sun.misc.Unsafe.storeFence: available
[12Jul2025 20:10:35.261] [modloading-worker-0/DEBUG] [io.netty.util.internal.PlatformDependent0/]: java.nio.Buffer.address: available
[12Jul2025 20:10:35.262] [modloading-worker-0/DEBUG] [io.netty.util.internal.PlatformDependent0/]: direct buffer constructor: unavailable
java.lang.UnsupportedOperationException: Reflective setAccessible(true) disabled
	at io.netty.util.internal.ReflectionUtil.trySetAccessible(ReflectionUtil.java:31) ~[netty-common-4.1.82.Final.jar%2382!/:4.1.82.Final]
	at io.netty.util.internal.PlatformDependent0$5.run(PlatformDependent0.java:288) ~[netty-common-4.1.82.Final.jar%2382!/:4.1.82.Final]
	at java.security.AccessController.doPrivileged(AccessController.java:318) ~[?:?]
	at io.netty.util.internal.PlatformDependent0.<clinit>(PlatformDependent0.java:282) ~[netty-common-4.1.82.Final.jar%2382!/:4.1.82.Final]
	at io.netty.util.internal.PlatformDependent.isAndroid(PlatformDependent.java:333) ~[netty-common-4.1.82.Final.jar%2382!/:4.1.82.Final]
	at io.netty.util.internal.PlatformDependent.<clinit>(PlatformDependent.java:88) ~[netty-common-4.1.82.Final.jar%2382!/:4.1.82.Final]
	at io.netty.util.ConstantPool.<init>(ConstantPool.java:34) ~[netty-common-4.1.82.Final.jar%2382!/:4.1.82.Final]
	at io.netty.util.AttributeKey$1.<init>(AttributeKey.java:27) ~[netty-common-4.1.82.Final.jar%2382!/:4.1.82.Final]
	at io.netty.util.AttributeKey.<clinit>(AttributeKey.java:27) ~[netty-common-4.1.82.Final.jar%2382!/:4.1.82.Final]
	at net.minecraftforge.network.NetworkConstants.<clinit>(NetworkConstants.java:34) ~[forge-1.20.1-47.3.7-universal.jar%23170!/:?]
	at net.minecraftforge.common.ForgeMod.<init>(ForgeMod.java:429) ~[forge-1.20.1-47.3.7-universal.jar%23170!/:?]
	at jdk.internal.reflect.NativeConstructorAccessorImpl.newInstance0(Native Method) ~[?:?]
	at jdk.internal.reflect.NativeConstructorAccessorImpl.newInstance(NativeConstructorAccessorImpl.java:77) ~[?:?]
	at jdk.internal.reflect.DelegatingConstructorAccessorImpl.newInstance(DelegatingConstructorAccessorImpl.java:45) ~[?:?]
	at java.lang.reflect.Constructor.newInstanceWithCaller(Constructor.java:500) ~[?:?]
	at java.lang.reflect.Constructor.newInstance(Constructor.java:481) ~[?:?]
	at net.minecraftforge.fml.javafmlmod.FMLModContainer.constructMod(FMLModContainer.java:70) ~[javafmllanguage-1.20.1-47.3.7.jar%23167!/:?]
	at net.minecraftforge.fml.ModContainer.lambda$buildTransitionHandler$4(ModContainer.java:124) ~[fmlcore-1.20.1-47.3.7.jar%23166!/:?]
	at java.util.concurrent.CompletableFuture$AsyncRun.run(CompletableFuture.java:1804) ~[?:?]
	at java.util.concurrent.CompletableFuture$AsyncRun.exec(CompletableFuture.java:1796) ~[?:?]
	at java.util.concurrent.ForkJoinTask.doExec(ForkJoinTask.java:373) ~[?:?]
	at java.util.concurrent.ForkJoinPool$WorkQueue.topLevelExec(ForkJoinPool.java:1182) ~[?:?]
	at java.util.concurrent.ForkJoinPool.scan(ForkJoinPool.java:1655) ~[?:?]
	at java.util.concurrent.ForkJoinPool.runWorker(ForkJoinPool.java:1622) ~[?:?]
	at java.util.concurrent.ForkJoinWorkerThread.run(ForkJoinWorkerThread.java:165) ~[?:?]
[12Jul2025 20:10:35.262] [modloading-worker-0/DEBUG] [net.minecraftforge.fml.config.ConfigTracker/CONFIG]: Config file nyfsspiders.toml for nyfsspiders tracking
[12Jul2025 20:10:35.265] [modloading-worker-0/DEBUG] [io.netty.util.internal.PlatformDependent0/]: java.nio.Bits.unaligned: available, true
[12Jul2025 20:10:35.266] [modloading-worker-0/DEBUG] [io.netty.util.internal.PlatformDependent0/]: jdk.internal.misc.Unsafe.allocateUninitializedArray(int): unavailable
java.lang.IllegalAccessException: class io.netty.util.internal.PlatformDependent0$7 (in module io.netty.common) cannot access class jdk.internal.misc.Unsafe (in module java.base) because module java.base does not export jdk.internal.misc to module io.netty.common
	at jdk.internal.reflect.Reflection.newIllegalAccessException(Reflection.java:392) ~[?:?]
	at java.lang.reflect.AccessibleObject.checkAccess(AccessibleObject.java:674) ~[?:?]
	at java.lang.reflect.Method.invoke(Method.java:561) ~[?:?]
	at io.netty.util.internal.PlatformDependent0$7.run(PlatformDependent0.java:410) ~[netty-common-4.1.82.Final.jar%2382!/:4.1.82.Final]
	at java.security.AccessController.doPrivileged(AccessController.java:318) ~[?:?]
	at io.netty.util.internal.PlatformDependent0.<clinit>(PlatformDependent0.java:401) ~[netty-common-4.1.82.Final.jar%2382!/:4.1.82.Final]
	at io.netty.util.internal.PlatformDependent.isAndroid(PlatformDependent.java:333) ~[netty-common-4.1.82.Final.jar%2382!/:4.1.82.Final]
	at io.netty.util.internal.PlatformDependent.<clinit>(PlatformDependent.java:88) ~[netty-common-4.1.82.Final.jar%2382!/:4.1.82.Final]
	at io.netty.util.ConstantPool.<init>(ConstantPool.java:34) ~[netty-common-4.1.82.Final.jar%2382!/:4.1.82.Final]
	at io.netty.util.AttributeKey$1.<init>(AttributeKey.java:27) ~[netty-common-4.1.82.Final.jar%2382!/:4.1.82.Final]
	at io.netty.util.AttributeKey.<clinit>(AttributeKey.java:27) ~[netty-common-4.1.82.Final.jar%2382!/:4.1.82.Final]
	at net.minecraftforge.network.NetworkConstants.<clinit>(NetworkConstants.java:34) ~[forge-1.20.1-47.3.7-universal.jar%23170!/:?]
	at net.minecraftforge.common.ForgeMod.<init>(ForgeMod.java:429) ~[forge-1.20.1-47.3.7-universal.jar%23170!/:?]
	at jdk.internal.reflect.NativeConstructorAccessorImpl.newInstance0(Native Method) ~[?:?]
	at jdk.internal.reflect.NativeConstructorAccessorImpl.newInstance(NativeConstructorAccessorImpl.java:77) ~[?:?]
	at jdk.internal.reflect.DelegatingConstructorAccessorImpl.newInstance(DelegatingConstructorAccessorImpl.java:45) ~[?:?]
	at java.lang.reflect.Constructor.newInstanceWithCaller(Constructor.java:500) ~[?:?]
	at java.lang.reflect.Constructor.newInstance(Constructor.java:481) ~[?:?]
	at net.minecraftforge.fml.javafmlmod.FMLModContainer.constructMod(FMLModContainer.java:70) ~[javafmllanguage-1.20.1-47.3.7.jar%23167!/:?]
	at net.minecraftforge.fml.ModContainer.lambda$buildTransitionHandler$4(ModContainer.java:124) ~[fmlcore-1.20.1-47.3.7.jar%23166!/:?]
	at java.util.concurrent.CompletableFuture$AsyncRun.run(CompletableFuture.java:1804) ~[?:?]
	at java.util.concurrent.CompletableFuture$AsyncRun.exec(CompletableFuture.java:1796) ~[?:?]
	at java.util.concurrent.ForkJoinTask.doExec(ForkJoinTask.java:373) ~[?:?]
	at java.util.concurrent.ForkJoinPool$WorkQueue.topLevelExec(ForkJoinPool.java:1182) ~[?:?]
	at java.util.concurrent.ForkJoinPool.scan(ForkJoinPool.java:1655) ~[?:?]
	at java.util.concurrent.ForkJoinPool.runWorker(ForkJoinPool.java:1622) ~[?:?]
	at java.util.concurrent.ForkJoinWorkerThread.run(ForkJoinWorkerThread.java:165) ~[?:?]
[12Jul2025 20:10:35.270] [modloading-worker-0/DEBUG] [io.netty.util.internal.PlatformDependent0/]: java.nio.DirectByteBuffer.<init>(long, int): unavailable
[12Jul2025 20:10:35.270] [modloading-worker-0/DEBUG] [io.netty.util.internal.PlatformDependent/]: sun.misc.Unsafe: available
[12Jul2025 20:10:35.271] [modloading-worker-0/DEBUG] [io.netty.util.internal.PlatformDependent/]: maxDirectMemory: 17179869184 bytes (maybe)
[12Jul2025 20:10:35.271] [modloading-worker-0/DEBUG] [io.netty.util.internal.PlatformDependent/]: -Dio.netty.tmpdir: /tmp (java.io.tmpdir)
[12Jul2025 20:10:35.271] [modloading-worker-0/DEBUG] [io.netty.util.internal.PlatformDependent/]: -Dio.netty.bitMode: 64 (sun.arch.data.model)
[12Jul2025 20:10:35.272] [modloading-worker-0/DEBUG] [io.netty.util.internal.PlatformDependent/]: -Dio.netty.maxDirectMemory: -1 bytes
[12Jul2025 20:10:35.272] [modloading-worker-0/DEBUG] [io.netty.util.internal.PlatformDependent/]: -Dio.netty.uninitializedArrayAllocationThreshold: -1
[12Jul2025 20:10:35.273] [modloading-worker-0/DEBUG] [io.netty.util.internal.CleanerJava9/]: java.nio.ByteBuffer.cleaner(): available
[12Jul2025 20:10:35.274] [modloading-worker-0/DEBUG] [io.netty.util.internal.PlatformDependent/]: -Dio.netty.noPreferDirect: false
[12Jul2025 20:10:35.283] [modloading-worker-0/DEBUG] [mixin/]: Mixing network.HandshakeHandlerMixin from connectormod.mixins.json into net.minecraftforge.network.HandshakeHandler
[12Jul2025 20:10:35.297] [modloading-worker-0/DEBUG] [net.minecraftforge.fml.javafmlmod.AutomaticEventSubscriber/LOADING]: Attempting to inject @EventBusSubscriber classes into the eventbus for nyfsspiders
[12Jul2025 20:10:35.302] [modloading-worker-0/DEBUG] [net.minecraftforge.fml.javafmlmod.AutomaticEventSubscriber/LOADING]: Auto-subscribing com.nyfaria.nyfsspiders.NyfsSpiders to MOD
[12Jul2025 20:10:35.308] [modloading-worker-0/DEBUG] [net.minecraftforge.fml.config.ConfigTracker/CONFIG]: Config file balm-client.toml for balm tracking
[12Jul2025 20:10:35.309] [modloading-worker-0/DEBUG] [net.minecraftforge.common.ForgeMod/FORGEMOD]: Loading Network data for FML net version: FML3
[12Jul2025 20:10:35.310] [modloading-worker-0/DEBUG] [mixin/]: Mixing DataGeneratorMixin from fabric-data-generation-api-v1.mixins.json into net.minecraft.data.DataGenerator
[12Jul2025 20:10:35.311] [modloading-worker-0/DEBUG] [mixin/]: fabric-data-generation-api-v1.mixins.json:DataGeneratorMixin from mod fabric_data_generation_api_v1: Class version 61 required is higher than the class version supported by the current version of Mixin (JAVA_16 supports class version 60)
[12Jul2025 20:10:35.313] [modloading-worker-0/DEBUG] [net.minecraftforge.fml.config.ConfigTracker/CONFIG]: Config file waystones-common.toml for waystones tracking
[12Jul2025 20:10:35.325] [modloading-worker-0/DEBUG] [net.minecraftforge.fml.config.ConfigTracker/CONFIG]: Config file balm-common.toml for balm tracking
[12Jul2025 20:10:35.340] [modloading-worker-0/DEBUG] [net.minecraftforge.fml.config.ConfigTracker/CONFIG]: Config file forge-client.toml for forge tracking
[12Jul2025 20:10:35.340] [modloading-worker-0/DEBUG] [net.minecraftforge.fml.config.ConfigTracker/CONFIG]: Config file forge-server.toml for forge tracking
[12Jul2025 20:10:35.341] [modloading-worker-0/DEBUG] [net.minecraftforge.fml.ModLoadingContext/]: Attempted to register an empty config for type COMMON on mod forge
[12Jul2025 20:10:35.342] [modloading-worker-0/DEBUG] [net.minecraftforge.fml.javafmlmod.AutomaticEventSubscriber/LOADING]: Attempting to inject @EventBusSubscriber classes into the eventbus for balm
[12Jul2025 20:10:35.362] [modloading-worker-0/DEBUG] [mixin/]: Mixing JsonDataLoaderMixin from fabric-resource-conditions-api-v1.mixins.json into net.minecraft.server.packs.resources.SimpleJsonResourceReloadListener
[12Jul2025 20:10:35.362] [modloading-worker-0/DEBUG] [mixin/]: fabric-resource-conditions-api-v1.mixins.json:JsonDataLoaderMixin from mod fabric_resource_conditions_api_v1: Class version 61 required is higher than the class version supported by the current version of Mixin (JAVA_16 supports class version 60)
[12Jul2025 20:10:35.453] [modloading-worker-0/DEBUG] [mixin/]: Mixing SinglePreparationResourceReloaderMixin from fabric-resource-conditions-api-v1.mixins.json into net.minecraft.server.packs.resources.SimplePreparableReloadListener
[12Jul2025 20:10:35.454] [modloading-worker-0/DEBUG] [mixin/]: fabric-resource-conditions-api-v1.mixins.json:SinglePreparationResourceReloaderMixin from mod fabric_resource_conditions_api_v1: Class version 61 required is higher than the class version supported by the current version of Mixin (JAVA_16 supports class version 60)
[12Jul2025 20:10:35.457] [modloading-worker-0/DEBUG] [net.minecraftforge.fml.javafmlmod.AutomaticEventSubscriber/LOADING]: Attempting to inject @EventBusSubscriber classes into the eventbus for befalltwo
[12Jul2025 20:10:35.458] [modloading-worker-0/DEBUG] [net.minecraftforge.fml.javafmlmod.AutomaticEventSubscriber/LOADING]: Auto-subscribing net.mcreator.befalltwo.procedures.PlayerTickUpdateTwoProcedure to FORGE
[12Jul2025 20:10:35.462] [modloading-worker-0/DEBUG] [mixin/]: fabric-resource-conditions-api-v1.mixins.json:SinglePreparationResourceReloaderMixin from mod fabric_resource_conditions_api_v1->@Inject::applyResourceConditions(Lnet/minecraft/server/packs/resources/ResourceManager;Lnet/minecraft/util/profiling/ProfilerFiller;Ljava/lang/Object;Lorg/spongepowered/asm/mixin/injection/callback/CallbackInfo;)V doesn't use it's CallbackInfo
[12Jul2025 20:10:35.462] [modloading-worker-0/DEBUG] [mixin/]: fabric-resource-conditions-api-v1.mixins.json:SinglePreparationResourceReloaderMixin from mod fabric_resource_conditions_api_v1->@Inject::applyResourceConditions(Lnet/minecraft/server/packs/resources/ResourceManager;Lnet/minecraft/util/profiling/ProfilerFiller;Ljava/lang/Object;Lorg/spongepowered/asm/mixin/injection/callback/CallbackInfo;)V has 0 override(s) in child classes
[12Jul2025 20:10:35.462] [modloading-worker-0/DEBUG] [mixin/]: fabric-resource-conditions-api-v1.mixins.json:SinglePreparationResourceReloaderMixin from mod fabric_resource_conditions_api_v1->@Inject::applyResourceConditions(Lnet/minecraft/server/packs/resources/ResourceManager;Lnet/minecraft/util/profiling/ProfilerFiller;Ljava/lang/Object;Lorg/spongepowered/asm/mixin/injection/callback/CallbackInfo;)V won't be passed a CallbackInfo as a result
[12Jul2025 20:10:35.466] [modloading-worker-0/DEBUG] [mixin/]: Mixing ReloadableServerResourcesMixin from balm.mixins.json into net.minecraft.server.ReloadableServerResources
[12Jul2025 20:10:35.466] [modloading-worker-0/DEBUG] [mixin/]: Renaming synthetic method lambda$loadResources$0(Lnet/minecraft/server/ReloadableServerResources;)V to md54bf2d$balm$lambda$loadResources$0$0 in balm.mixins.json:ReloadableServerResourcesMixin from mod balm
[12Jul2025 20:10:35.467] [modloading-worker-0/DEBUG] [mixin/]: Mixing DataPackContentsMixin from fabric-resource-conditions-api-v1.mixins.json into net.minecraft.server.ReloadableServerResources
[12Jul2025 20:10:35.467] [modloading-worker-0/DEBUG] [mixin/]: fabric-resource-conditions-api-v1.mixins.json:DataPackContentsMixin from mod fabric_resource_conditions_api_v1: Class version 61 required is higher than the class version supported by the current version of Mixin (JAVA_16 supports class version 60)
[12Jul2025 20:10:35.467] [modloading-worker-0/DEBUG] [mixin/]: Mixing DataPackContentsMixin from fabric-lifecycle-events-v1.mixins.json into net.minecraft.server.ReloadableServerResources
[12Jul2025 20:10:35.471] [modloading-worker-0/DEBUG] [mixin/]: balm.mixins.json:ReloadableServerResourcesMixin from mod balm->@Inject::loadResources(Lnet/minecraft/server/packs/resources/ResourceManager;Lnet/minecraft/core/RegistryAccess$Frozen;Lnet/minecraft/world/flag/FeatureFlagSet;Lnet/minecraft/commands/Commands$CommandSelection;ILjava/util/concurrent/Executor;Ljava/util/concurrent/Executor;Lorg/spongepowered/asm/mixin/injection/callback/CallbackInfoReturnable;)V does use it's CallbackInfoReturnable
[12Jul2025 20:10:35.471] [modloading-worker-0/DEBUG] [mixin/]: fabric-resource-conditions-api-v1.mixins.json:DataPackContentsMixin from mod fabric_resource_conditions_api_v1->@Inject::hookRefresh(Lnet/minecraft/core/RegistryAccess;Lorg/spongepowered/asm/mixin/injection/callback/CallbackInfo;)V doesn't use it's CallbackInfo
[12Jul2025 20:10:35.471] [modloading-worker-0/DEBUG] [mixin/]: fabric-resource-conditions-api-v1.mixins.json:DataPackContentsMixin from mod fabric_resource_conditions_api_v1->@Inject::hookRefresh(Lnet/minecraft/core/RegistryAccess;Lorg/spongepowered/asm/mixin/injection/callback/CallbackInfo;)V has 0 override(s) in child classes
[12Jul2025 20:10:35.472] [modloading-worker-0/DEBUG] [mixin/]: fabric-resource-conditions-api-v1.mixins.json:DataPackContentsMixin from mod fabric_resource_conditions_api_v1->@Inject::hookRefresh(Lnet/minecraft/core/RegistryAccess;Lorg/spongepowered/asm/mixin/injection/callback/CallbackInfo;)V won't be passed a CallbackInfo as a result
[12Jul2025 20:10:35.472] [modloading-worker-0/DEBUG] [mixin/]: fabric-resource-conditions-api-v1.mixins.json:DataPackContentsMixin from mod fabric_resource_conditions_api_v1->@Inject::hookReload(Lnet/minecraft/server/packs/resources/ResourceManager;Lnet/minecraft/core/RegistryAccess$Frozen;Lnet/minecraft/world/flag/FeatureFlagSet;Lnet/minecraft/commands/Commands$CommandSelection;ILjava/util/concurrent/Executor;Ljava/util/concurrent/Executor;Lorg/spongepowered/asm/mixin/injection/callback/CallbackInfoReturnable;)V doesn't use it's CallbackInfoReturnable
[12Jul2025 20:10:35.472] [modloading-worker-0/DEBUG] [mixin/]: fabric-lifecycle-events-v1.mixins.json:DataPackContentsMixin from mod fabric_lifecycle_events_v1->@Inject::hookRefresh(Lnet/minecraft/core/RegistryAccess;Lorg/spongepowered/asm/mixin/injection/callback/CallbackInfo;)V doesn't use it's CallbackInfo
[12Jul2025 20:10:35.472] [modloading-worker-0/DEBUG] [mixin/]: fabric-lifecycle-events-v1.mixins.json:DataPackContentsMixin from mod fabric_lifecycle_events_v1->@Inject::hookRefresh(Lnet/minecraft/core/RegistryAccess;Lorg/spongepowered/asm/mixin/injection/callback/CallbackInfo;)V has 0 override(s) in child classes
[12Jul2025 20:10:35.472] [modloading-worker-0/DEBUG] [mixin/]: fabric-lifecycle-events-v1.mixins.json:DataPackContentsMixin from mod fabric_lifecycle_events_v1->@Inject::hookRefresh(Lnet/minecraft/core/RegistryAccess;Lorg/spongepowered/asm/mixin/injection/callback/CallbackInfo;)V won't be passed a CallbackInfo as a result
[12Jul2025 20:10:35.479] [modloading-worker-0/DEBUG] [net.minecraftforge.fml.javafmlmod.AutomaticEventSubscriber/LOADING]: Auto-subscribing net.mcreator.befalltwo.procedures.PlayerTickUpdateProcedure to FORGE
[12Jul2025 20:10:35.483] [modloading-worker-0/DEBUG] [net.minecraftforge.fml.javafmlmod.AutomaticEventSubscriber/LOADING]: Auto-subscribing net.mcreator.befalltwo.procedures.PlayerTickUpdate2Procedure to FORGE
[12Jul2025 20:10:35.484] [modloading-worker-0/DEBUG] [net.minecraftforge.fml.javafmlmod.AutomaticEventSubscriber/LOADING]: Auto-subscribing net.mcreator.befalltwo.procedures.PlayerTickUpdate1Procedure to FORGE
[12Jul2025 20:10:35.486] [modloading-worker-0/DEBUG] [net.minecraftforge.fml.javafmlmod.AutomaticEventSubscriber/LOADING]: Auto-subscribing net.mcreator.befalltwo.network.BefalltwoModVariables to MOD
[12Jul2025 20:10:35.486] [modloading-worker-0/DEBUG] [net.minecraftforge.fml.javafmlmod.AutomaticEventSubscriber/LOADING]: Attempting to inject @EventBusSubscriber classes into the eventbus for forge
[12Jul2025 20:10:35.488] [modloading-worker-0/DEBUG] [net.minecraftforge.fml.javafmlmod.AutomaticEventSubscriber/LOADING]: Auto-subscribing net.minecraftforge.common.ForgeSpawnEggItem$CommonHandler to MOD
[12Jul2025 20:10:35.487] [modloading-worker-0/DEBUG] [net.minecraftforge.fml.javafmlmod.AutomaticEventSubscriber/LOADING]: Auto-subscribing net.mcreator.befalltwo.network.BefalltwoModVariables$EventBusVariableHandlers to FORGE
[12Jul2025 20:10:35.496] [modloading-worker-0/DEBUG] [net.minecraftforge.fml.javafmlmod.AutomaticEventSubscriber/LOADING]: Auto-subscribing net.mcreator.befalltwo.init.EntityAnimationFactory to FORGE
[12Jul2025 20:10:35.497] [modloading-worker-0/DEBUG] [net.minecraftforge.fml.javafmlmod.AutomaticEventSubscriber/LOADING]: Auto-subscribing net.mcreator.befalltwo.init.BefalltwoModEntities to MOD
[12Jul2025 20:10:35.500] [modloading-worker-0/DEBUG] [net.minecraftforge.fml.javafmlmod.AutomaticEventSubscriber/LOADING]: Attempting to inject @EventBusSubscriber classes into the eventbus for fabric_game_rule_api_v1
[12Jul2025 20:10:35.500] [modloading-worker-0/DEBUG] [net.minecraftforge.fml.javafmlmod.AutomaticEventSubscriber/LOADING]: Attempting to inject @EventBusSubscriber classes into the eventbus for fabric_api_base
[12Jul2025 20:10:35.501] [modloading-worker-0/INFO] [necronomicon/]: Necronomicon Initialized
[12Jul2025 20:10:35.502] [modloading-worker-0/INFO] [necronomicon/]: File exists, reading config for elocindev.necronomicon.NecronomiconConfig.
[12Jul2025 20:10:35.504] [modloading-worker-0/INFO] [necronomicon/]: Config for elocindev.necronomicon.NecronomiconConfig read successfully.
[12Jul2025 20:10:35.509] [modloading-worker-0/DEBUG] [net.minecraftforge.fml.javafmlmod.AutomaticEventSubscriber/LOADING]: Attempting to inject @EventBusSubscriber classes into the eventbus for necronomicon
[12Jul2025 20:10:35.525] [modloading-worker-0/DEBUG] [net.minecraftforge.fml.javafmlmod.AutomaticEventSubscriber/LOADING]: Attempting to inject @EventBusSubscriber classes into the eventbus for fabric_api_lookup_api_v1
[12Jul2025 20:10:35.525] [modloading-worker-0/DEBUG] [net.minecraftforge.fml.javafmlmod.AutomaticEventSubscriber/LOADING]: Attempting to inject @EventBusSubscriber classes into the eventbus for fabric_blockrenderlayer_v1
[12Jul2025 20:10:35.538] [modloading-worker-0/DEBUG] [net.minecraftforge.fml.javafmlmod.AutomaticEventSubscriber/LOADING]: Attempting to inject @EventBusSubscriber classes into the eventbus for jade
[12Jul2025 20:10:35.539] [modloading-worker-0/DEBUG] [net.minecraftforge.fml.config.ConfigTracker/CONFIG]: Config file Obscuria/obscure-tooltips-client.toml for obscure_tooltips tracking
[12Jul2025 20:10:35.543] [modloading-worker-0/DEBUG] [net.minecraftforge.fml.javafmlmod.AutomaticEventSubscriber/LOADING]: Attempting to inject @EventBusSubscriber classes into the eventbus for obscure_tooltips
[12Jul2025 20:10:35.571] [modloading-worker-0/DEBUG] [net.minecraftforge.fml.javafmlmod.AutomaticEventSubscriber/LOADING]: Attempting to inject @EventBusSubscriber classes into the eventbus for waystones
[12Jul2025 20:10:35.596] [modloading-worker-0/DEBUG] [net.minecraftforge.fml.javafmlmod.AutomaticEventSubscriber/LOADING]: Attempting to inject @EventBusSubscriber classes into the eventbus for chunky
[12Jul2025 20:10:35.597] [modloading-worker-0/DEBUG] [net.minecraftforge.fml.javafmlmod.AutomaticEventSubscriber/LOADING]: Attempting to inject @EventBusSubscriber classes into the eventbus for fabric_block_api_v1
[12Jul2025 20:10:35.597] [modloading-worker-0/DEBUG] [net.minecraftforge.fml.javafmlmod.AutomaticEventSubscriber/LOADING]: Attempting to inject @EventBusSubscriber classes into the eventbus for fabric_resource_conditions_api_v1
[12Jul2025 20:10:35.600] [modloading-worker-0/DEBUG] [net.minecraftforge.fml.javafmlmod.AutomaticEventSubscriber/LOADING]: Attempting to inject @EventBusSubscriber classes into the eventbus for a_good_place
[12Jul2025 20:10:35.663] [modloading-worker-0/DEBUG] [net.minecraftforge.fml.javafmlmod.AutomaticEventSubscriber/LOADING]: Attempting to inject @EventBusSubscriber classes into the eventbus for man
[12Jul2025 20:10:35.663] [modloading-worker-0/DEBUG] [net.minecraftforge.fml.javafmlmod.AutomaticEventSubscriber/LOADING]: Auto-subscribing net.mcreator.man.procedures.TimerglobalProcedure to FORGE
[12Jul2025 20:10:35.665] [modloading-worker-0/DEBUG] [net.minecraftforge.fml.javafmlmod.AutomaticEventSubscriber/LOADING]: Auto-subscribing net.mcreator.man.procedures.NosleepProcedure to FORGE
[12Jul2025 20:10:35.670] [modloading-worker-0/DEBUG] [net.minecraftforge.fml.javafmlmod.AutomaticEventSubscriber/LOADING]: Auto-subscribing net.mcreator.man.procedures.NewworldProcedure to FORGE
[12Jul2025 20:10:35.674] [modloading-worker-0/DEBUG] [net.minecraftforge.fml.javafmlmod.AutomaticEventSubscriber/LOADING]: Auto-subscribing net.mcreator.man.procedures.ManaggresiveOnInitialEntitySpawnProcedure to FORGE
[12Jul2025 20:10:35.675] [modloading-worker-0/DEBUG] [net.minecraftforge.fml.javafmlmod.AutomaticEventSubscriber/LOADING]: Auto-subscribing net.mcreator.man.procedures.LookProcedure to FORGE
[12Jul2025 20:10:35.679] [modloading-worker-0/DEBUG] [creativecore/]: Created network creativecore:main
[12Jul2025 20:10:35.681] [modloading-worker-0/DEBUG] [net.minecraftforge.fml.javafmlmod.AutomaticEventSubscriber/LOADING]: Auto-subscribing net.mcreator.man.procedures.KilledManProcedure to FORGE
[12Jul2025 20:10:35.683] [modloading-worker-0/DEBUG] [net.minecraftforge.fml.javafmlmod.AutomaticEventSubscriber/LOADING]: Auto-subscribing net.mcreator.man.procedures.JumpscareoverlayingameProcedure to FORGE
[12Jul2025 20:10:35.687] [modloading-worker-0/DEBUG] [net.minecraftforge.fml.javafmlmod.AutomaticEventSubscriber/LOADING]: Auto-subscribing net.mcreator.man.procedures.JumpscareDisplayOverlayIngameProcedure to FORGE
[12Jul2025 20:10:35.689] [modloading-worker-0/DEBUG] [net.minecraftforge.fml.javafmlmod.AutomaticEventSubscriber/LOADING]: Auto-subscribing net.mcreator.man.procedures.EntchantmentTickProcedure to FORGE
[12Jul2025 20:10:35.690] [modloading-worker-0/DEBUG] [net.minecraftforge.fml.javafmlmod.AutomaticEventSubscriber/LOADING]: Attempting to inject @EventBusSubscriber classes into the eventbus for creativecore
[12Jul2025 20:10:35.693] [modloading-worker-0/DEBUG] [net.minecraftforge.fml.javafmlmod.AutomaticEventSubscriber/LOADING]: Auto-subscribing net.mcreator.man.network.ManModVariables to MOD
[12Jul2025 20:10:35.698] [modloading-worker-0/DEBUG] [net.minecraftforge.fml.javafmlmod.AutomaticEventSubscriber/LOADING]: Attempting to inject @EventBusSubscriber classes into the eventbus for fabric_item_group_api_v1
[12Jul2025 20:10:35.699] [modloading-worker-0/DEBUG] [net.minecraftforge.fml.javafmlmod.AutomaticEventSubscriber/LOADING]: Auto-subscribing net.mcreator.man.network.ManModVariables$PlayerVariablesProvider to FORGE
[12Jul2025 20:10:35.704] [modloading-worker-0/DEBUG] [net.minecraftforge.fml.javafmlmod.AutomaticEventSubscriber/LOADING]: Auto-subscribing net.mcreator.man.network.ManModVariables$EventBusVariableHandlers to FORGE
[12Jul2025 20:10:35.712] [modloading-worker-0/DEBUG] [net.minecraftforge.fml.javafmlmod.AutomaticEventSubscriber/LOADING]: Attempting to inject @EventBusSubscriber classes into the eventbus for connectormod
[12Jul2025 20:10:35.715] [modloading-worker-0/DEBUG] [net.minecraftforge.fml.javafmlmod.AutomaticEventSubscriber/LOADING]: Auto-subscribing net.mcreator.man.network.CassetteRecorderGuiSlotMessage to MOD
[12Jul2025 20:10:35.714] [modloading-worker-0/DEBUG] [net.minecraftforge.fml.javafmlmod.AutomaticEventSubscriber/LOADING]: Attempting to inject @EventBusSubscriber classes into the eventbus for death_angels
[12Jul2025 20:10:35.716] [modloading-worker-0/DEBUG] [net.minecraftforge.fml.javafmlmod.AutomaticEventSubscriber/LOADING]: Auto-subscribing net.mcreator.deathangels.procedures.SoundSystemProcedure to FORGE
[12Jul2025 20:10:35.718] [modloading-worker-0/DEBUG] [net.minecraftforge.fml.javafmlmod.AutomaticEventSubscriber/LOADING]: Auto-subscribing net.mcreator.deathangels.procedures.SoundIsActiveProcedure to FORGE
[12Jul2025 20:10:35.716] [modloading-worker-0/DEBUG] [net.minecraftforge.fml.javafmlmod.AutomaticEventSubscriber/LOADING]: Auto-subscribing net.mcreator.man.network.CassetteRecorderGuiButtonMessage to MOD
[12Jul2025 20:10:35.717] [modloading-worker-0/DEBUG] [net.minecraftforge.fml.javafmlmod.AutomaticEventSubscriber/LOADING]: Attempting to inject @EventBusSubscriber classes into the eventbus for fabric_biome_api_v1
[12Jul2025 20:10:35.722] [modloading-worker-0/DEBUG] [net.minecraftforge.fml.javafmlmod.AutomaticEventSubscriber/LOADING]: Auto-subscribing net.mcreator.man.init.ManModVillagerProfessions to MOD
[12Jul2025 20:10:35.723] [modloading-worker-0/DEBUG] [net.minecraftforge.fml.javafmlmod.AutomaticEventSubscriber/LOADING]: Auto-subscribing net.mcreator.man.init.ManModTrades to FORGE
[12Jul2025 20:10:35.724] [modloading-worker-0/DEBUG] [net.minecraftforge.fml.javafmlmod.AutomaticEventSubscriber/LOADING]: Auto-subscribing net.mcreator.man.init.ManModTabs to MOD
[12Jul2025 20:10:35.724] [modloading-worker-0/DEBUG] [net.minecraftforge.fml.javafmlmod.AutomaticEventSubscriber/LOADING]: Auto-subscribing net.mcreator.man.init.ManModEntities to MOD
[12Jul2025 20:10:35.719] [modloading-worker-0/DEBUG] [net.minecraftforge.fml.javafmlmod.AutomaticEventSubscriber/LOADING]: Auto-subscribing net.mcreator.deathangels.procedures.ShieldBreaksProcedure to FORGE
[12Jul2025 20:10:35.726] [modloading-worker-0/DEBUG] [net.minecraftforge.fml.javafmlmod.AutomaticEventSubscriber/LOADING]: Auto-subscribing net.mcreator.deathangels.procedures.ResetCooldownMeteorProcedure to FORGE
[12Jul2025 20:10:35.728] [modloading-worker-0/DEBUG] [net.minecraftforge.fml.javafmlmod.AutomaticEventSubscriber/LOADING]: Auto-subscribing net.mcreator.deathangels.procedures.RedstoneActivateProcedure to FORGE
[12Jul2025 20:10:35.732] [modloading-worker-0/DEBUG] [net.minecraftforge.fml.javafmlmod.AutomaticEventSubscriber/LOADING]: Auto-subscribing net.mcreator.deathangels.procedures.ProjectileHitsBlockProcedure to FORGE
[12Jul2025 20:10:35.733] [modloading-worker-0/DEBUG] [net.minecraftforge.fml.javafmlmod.AutomaticEventSubscriber/LOADING]: Auto-subscribing net.mcreator.man.init.ManModConfigs to MOD
[12Jul2025 20:10:35.734] [modloading-worker-0/DEBUG] [net.minecraftforge.fml.javafmlmod.AutomaticEventSubscriber/LOADING]: Auto-subscribing net.mcreator.man.init.EntityAnimationFactory to FORGE
[12Jul2025 20:10:35.734] [modloading-worker-0/DEBUG] [net.minecraftforge.fml.javafmlmod.AutomaticEventSubscriber/LOADING]: Auto-subscribing net.mcreator.man.command.TimerCommand to FORGE
[12Jul2025 20:10:35.738] [modloading-worker-0/DEBUG] [net.minecraftforge.fml.javafmlmod.AutomaticEventSubscriber/LOADING]: Attempting to inject @EventBusSubscriber classes into the eventbus for fabric_entity_events_v1
[12Jul2025 20:10:35.738] [modloading-worker-0/DEBUG] [net.minecraftforge.fml.javafmlmod.AutomaticEventSubscriber/LOADING]: Auto-subscribing net.mcreator.deathangels.procedures.PreventWaterProcedure to FORGE
[12Jul2025 20:10:35.740] [modloading-worker-0/DEBUG] [net.minecraftforge.fml.javafmlmod.AutomaticEventSubscriber/LOADING]: Auto-subscribing net.mcreator.deathangels.procedures.PlayerUsesItemSoundCheckProcedure to FORGE
[12Jul2025 20:10:35.744] [modloading-worker-0/DEBUG] [net.minecraftforge.fml.javafmlmod.AutomaticEventSubscriber/LOADING]: Auto-subscribing net.mcreator.deathangels.procedures.PlayerSprintProcedure to FORGE
[12Jul2025 20:10:35.746] [modloading-worker-0/DEBUG] [net.minecraftforge.fml.javafmlmod.AutomaticEventSubscriber/LOADING]: Attempting to inject @EventBusSubscriber classes into the eventbus for fabric_registry_sync_v0
[12Jul2025 20:10:35.748] [modloading-worker-0/DEBUG] [net.minecraftforge.fml.javafmlmod.AutomaticEventSubscriber/LOADING]: Auto-subscribing net.mcreator.deathangels.procedures.PlayerJumpsSoundCheckProcedure to FORGE
[12Jul2025 20:10:35.753] [modloading-worker-0/DEBUG] [net.minecraftforge.fml.javafmlmod.AutomaticEventSubscriber/LOADING]: Auto-subscribing net.mcreator.deathangels.procedures.PlayerIsHurtCSoundCheckProcedure to FORGE
[12Jul2025 20:10:35.754] [modloading-worker-0/DEBUG] [net.minecraftforge.fml.javafmlmod.AutomaticEventSubscriber/LOADING]: Auto-subscribing net.mcreator.deathangels.procedures.PlayerFirstJoinProcedure to FORGE
[12Jul2025 20:10:35.758] [modloading-worker-0/DEBUG] [net.minecraftforge.fml.javafmlmod.AutomaticEventSubscriber/LOADING]: Auto-subscribing net.mcreator.deathangels.procedures.PlayerCheckWriteInChatProcedure to FORGE
[12Jul2025 20:10:35.760] [modloading-worker-0/DEBUG] [net.minecraftforge.fml.javafmlmod.AutomaticEventSubscriber/LOADING]: Auto-subscribing net.mcreator.deathangels.procedures.PlayerCheckWalkProcedure to FORGE
[12Jul2025 20:10:35.761] [modloading-worker-0/DEBUG] [net.minecraftforge.fml.javafmlmod.AutomaticEventSubscriber/LOADING]: Auto-subscribing net.mcreator.deathangels.procedures.PlayerCheckPlaceBlockProcedure to FORGE
[12Jul2025 20:10:35.765] [modloading-worker-0/DEBUG] [net.minecraftforge.fml.javafmlmod.AutomaticEventSubscriber/LOADING]: Auto-subscribing net.mcreator.deathangels.procedures.PlayerCheckForItemPickUpProcedure to FORGE
[12Jul2025 20:10:35.774] [modloading-worker-0/DEBUG] [net.minecraftforge.fml.javafmlmod.AutomaticEventSubscriber/LOADING]: Auto-subscribing net.mcreator.deathangels.procedures.PlayerCheckBlockIsBrokenProcedure to FORGE
[12Jul2025 20:10:35.775] [modloading-worker-0/DEBUG] [net.minecraftforge.fml.javafmlmod.AutomaticEventSubscriber/LOADING]: Auto-subscribing net.mcreator.deathangels.procedures.PlayerBreakBlockSoundCheckProcedure to FORGE
[12Jul2025 20:10:35.785] [modloading-worker-0/DEBUG] [net.minecraftforge.fml.javafmlmod.AutomaticEventSubscriber/LOADING]: Auto-subscribing net.mcreator.deathangels.procedures.PlayerAlertedDACooldownProcedure to FORGE
[12Jul2025 20:10:35.788] [modloading-worker-0/DEBUG] [net.minecraftforge.fml.javafmlmod.AutomaticEventSubscriber/LOADING]: Auto-subscribing net.mcreator.deathangels.procedures.PanicAppliedProcedure to FORGE
[12Jul2025 20:10:35.788] [modloading-worker-0/DEBUG] [net.minecraftforge.fml.javafmlmod.AutomaticEventSubscriber/LOADING]: Attempting to inject @EventBusSubscriber classes into the eventbus for midnightlurker
[12Jul2025 20:10:35.788] [modloading-worker-0/DEBUG] [net.minecraftforge.fml.javafmlmod.AutomaticEventSubscriber/LOADING]: Auto-subscribing net.mcreator.midnightlurker.procedures.VoidGatewayEntityIsHurtProcedure to FORGE
[12Jul2025 20:10:35.789] [modloading-worker-0/DEBUG] [net.minecraftforge.fml.javafmlmod.AutomaticEventSubscriber/LOADING]: Auto-subscribing net.mcreator.midnightlurker.procedures.TriestosleepwhilemonstersnearProcedure to FORGE
[12Jul2025 20:10:35.792] [modloading-worker-0/DEBUG] [net.minecraftforge.fml.javafmlmod.AutomaticEventSubscriber/LOADING]: Auto-subscribing net.mcreator.midnightlurker.procedures.ScreenShakeProcedure to FORGE
[12Jul2025 20:10:35.791] [modloading-worker-0/DEBUG] [net.minecraftforge.fml.javafmlmod.AutomaticEventSubscriber/LOADING]: Auto-subscribing net.mcreator.deathangels.procedures.MakeWorldTimerProcedure to FORGE
[12Jul2025 20:10:35.794] [modloading-worker-0/DEBUG] [net.minecraftforge.fml.javafmlmod.AutomaticEventSubscriber/LOADING]: Attempting to inject @EventBusSubscriber classes into the eventbus for bwrtherain
[12Jul2025 20:10:35.795] [modloading-worker-0/DEBUG] [net.minecraftforge.fml.javafmlmod.AutomaticEventSubscriber/LOADING]: Auto-subscribing net.mcreator.vapor.procedures.VaporSpawnProcedureProcedure to FORGE
[12Jul2025 20:10:35.795] [modloading-worker-0/DEBUG] [net.minecraftforge.fml.javafmlmod.AutomaticEventSubscriber/LOADING]: Auto-subscribing net.mcreator.midnightlurker.procedures.PlayerHitByAggroProcedure to FORGE
[12Jul2025 20:10:35.797] [modloading-worker-0/DEBUG] [net.minecraftforge.fml.javafmlmod.AutomaticEventSubscriber/LOADING]: Auto-subscribing net.mcreator.midnightlurker.procedures.PlayerDeathProcedure to FORGE
[12Jul2025 20:10:35.795] [modloading-worker-0/DEBUG] [net.minecraftforge.fml.javafmlmod.AutomaticEventSubscriber/LOADING]: Auto-subscribing net.mcreator.deathangels.procedures.MakeFrodoProcedure to FORGE
[12Jul2025 20:10:35.798] [modloading-worker-0/DEBUG] [net.minecraftforge.fml.javafmlmod.AutomaticEventSubscriber/LOADING]: Auto-subscribing net.mcreator.midnightlurker.procedures.PlayerBlockingLurkernotinvulnerableProcedure to FORGE
[12Jul2025 20:10:35.798] [modloading-worker-0/DEBUG] [net.minecraftforge.fml.javafmlmod.AutomaticEventSubscriber/LOADING]: Auto-subscribing net.mcreator.deathangels.procedures.ImmuneTamedProcedure to FORGE
[12Jul2025 20:10:35.800] [modloading-worker-0/DEBUG] [net.minecraftforge.fml.javafmlmod.AutomaticEventSubscriber/LOADING]: Auto-subscribing net.mcreator.deathangels.procedures.GetShieldProcedure to FORGE
[12Jul2025 20:10:35.796] [modloading-worker-0/DEBUG] [net.minecraftforge.fml.javafmlmod.AutomaticEventSubscriber/LOADING]: Auto-subscribing net.mcreator.vapor.procedures.VaporDiedProcedure to FORGE
[12Jul2025 20:10:35.800] [modloading-worker-0/DEBUG] [net.minecraftforge.fml.javafmlmod.AutomaticEventSubscriber/LOADING]: Auto-subscribing net.mcreator.midnightlurker.procedures.MidnightLurkerStareEntityIsHurtProcedure to FORGE
[12Jul2025 20:10:35.801] [modloading-worker-0/DEBUG] [net.minecraftforge.fml.javafmlmod.AutomaticEventSubscriber/LOADING]: Auto-subscribing net.mcreator.vapor.procedures.ValemSpawnProcedureProcedure to FORGE
[12Jul2025 20:10:35.802] [modloading-worker-0/DEBUG] [net.minecraftforge.fml.javafmlmod.AutomaticEventSubscriber/LOADING]: Auto-subscribing net.mcreator.vapor.procedures.ValemNoSleepProcedure to FORGE
[12Jul2025 20:10:35.802] [modloading-worker-0/DEBUG] [net.minecraftforge.fml.javafmlmod.AutomaticEventSubscriber/LOADING]: Auto-subscribing net.mcreator.midnightlurker.procedures.MidnightLurkerShadowEyesEntityIsHurtProcedure to FORGE
[12Jul2025 20:10:35.803] [modloading-worker-0/DEBUG] [net.minecraftforge.fml.javafmlmod.AutomaticEventSubscriber/LOADING]: Auto-subscribing net.mcreator.midnightlurker.procedures.MidnightLurkerShadowEntityIsHurtProcedure to FORGE
[12Jul2025 20:10:35.805] [modloading-worker-0/DEBUG] [net.minecraftforge.fml.javafmlmod.AutomaticEventSubscriber/LOADING]: Auto-subscribing net.mcreator.midnightlurker.procedures.MidnightLurkerRuntrueEntityIsHurtProcedure to FORGE
[12Jul2025 20:10:35.804] [modloading-worker-0/DEBUG] [net.minecraftforge.fml.javafmlmod.AutomaticEventSubscriber/LOADING]: Auto-subscribing net.mcreator.vapor.procedures.ValemKillProcedure to FORGE
[12Jul2025 20:10:35.806] [modloading-worker-0/DEBUG] [net.minecraftforge.fml.javafmlmod.AutomaticEventSubscriber/LOADING]: Auto-subscribing net.mcreator.vapor.procedures.SkullChaseSoundProcedure to FORGE
[12Jul2025 20:10:35.804] [modloading-worker-0/DEBUG] [net.minecraftforge.fml.javafmlmod.AutomaticEventSubscriber/LOADING]: Auto-subscribing net.mcreator.deathangels.procedures.FirstSpawnProcedure to FORGE
[12Jul2025 20:10:35.807] [modloading-worker-0/DEBUG] [net.minecraftforge.fml.javafmlmod.AutomaticEventSubscriber/LOADING]: Auto-subscribing net.mcreator.midnightlurker.procedures.MidnightLurkerHiderEntityIsHurtProcedure to FORGE
[12Jul2025 20:10:35.808] [modloading-worker-0/DEBUG] [net.minecraftforge.fml.javafmlmod.AutomaticEventSubscriber/LOADING]: Auto-subscribing net.mcreator.midnightlurker.procedures.MidnightLurkerFakerWatcherEntityIsHurtProcedure to FORGE
[12Jul2025 20:10:35.809] [modloading-worker-0/DEBUG] [net.minecraftforge.fml.javafmlmod.AutomaticEventSubscriber/LOADING]: Auto-subscribing net.mcreator.midnightlurker.procedures.MidnightLurkerFakerEntityIsHurtProcedure to FORGE
[12Jul2025 20:10:35.809] [modloading-worker-0/DEBUG] [net.minecraftforge.fml.javafmlmod.AutomaticEventSubscriber/LOADING]: Attempting to inject @EventBusSubscriber classes into the eventbus for antlers
[12Jul2025 20:10:35.809] [modloading-worker-0/DEBUG] [net.minecraftforge.fml.javafmlmod.AutomaticEventSubscriber/LOADING]: Auto-subscribing net.mcreator.antlers.procedures.WendigomadOnEntityTickUpdateProcedure to FORGE
[12Jul2025 20:10:35.809] [modloading-worker-0/DEBUG] [net.minecraftforge.fml.javafmlmod.AutomaticEventSubscriber/LOADING]: Auto-subscribing net.mcreator.vapor.procedures.RoseDiedProcedure to FORGE
[12Jul2025 20:10:35.810] [modloading-worker-0/DEBUG] [net.minecraftforge.fml.javafmlmod.AutomaticEventSubscriber/LOADING]: Auto-subscribing net.mcreator.deathangels.procedures.FCImmuneProcedure to FORGE
[12Jul2025 20:10:35.811] [modloading-worker-0/DEBUG] [net.minecraftforge.fml.javafmlmod.AutomaticEventSubscriber/LOADING]: Auto-subscribing net.mcreator.vapor.procedures.RoseAttacksProcedure to FORGE
[12Jul2025 20:10:35.809] [modloading-worker-0/DEBUG] [net.minecraftforge.fml.javafmlmod.AutomaticEventSubscriber/LOADING]: Auto-subscribing net.mcreator.midnightlurker.procedures.MidnightLurkerFakerAggroEntityIsHurtProcedure to FORGE
[12Jul2025 20:10:35.812] [modloading-worker-0/DEBUG] [net.minecraftforge.fml.javafmlmod.AutomaticEventSubscriber/LOADING]: Auto-subscribing net.mcreator.midnightlurker.procedures.MidnightLurkerAggressiveEntityIsHurtProcedure to FORGE
[12Jul2025 20:10:35.812] [modloading-worker-0/DEBUG] [net.minecraftforge.fml.javafmlmod.AutomaticEventSubscriber/LOADING]: Auto-subscribing net.mcreator.vapor.procedures.ResetReqsProcedure to FORGE
[12Jul2025 20:10:35.812] [modloading-worker-0/DEBUG] [net.minecraftforge.fml.javafmlmod.AutomaticEventSubscriber/LOADING]: Auto-subscribing net.mcreator.antlers.procedures.WendigoOnEntityTickUpdateProcedure to FORGE
[12Jul2025 20:10:35.815] [modloading-worker-0/DEBUG] [net.minecraftforge.fml.javafmlmod.AutomaticEventSubscriber/LOADING]: Auto-subscribing net.mcreator.antlers.procedures.WendigoFluteOnEntityTickUpdateProcedure to FORGE
[12Jul2025 20:10:35.815] [modloading-worker-0/DEBUG] [net.minecraftforge.fml.javafmlmod.AutomaticEventSubscriber/LOADING]: Auto-subscribing net.mcreator.midnightlurker.procedures.LurkerfaceparticleprocedureProcedure to FORGE
[12Jul2025 20:10:35.812] [modloading-worker-0/DEBUG] [net.minecraftforge.fml.javafmlmod.AutomaticEventSubscriber/LOADING]: Auto-subscribing net.mcreator.deathangels.procedures.ExplosionProcedure to FORGE
[12Jul2025 20:10:35.817] [modloading-worker-0/DEBUG] [net.minecraftforge.fml.javafmlmod.AutomaticEventSubscriber/LOADING]: Auto-subscribing net.mcreator.vapor.procedures.ResetReqsAgainProcedure to FORGE
[12Jul2025 20:10:35.818] [modloading-worker-0/DEBUG] [net.minecraftforge.fml.javafmlmod.AutomaticEventSubscriber/LOADING]: Auto-subscribing net.mcreator.vapor.procedures.RemoveEffectsProcedure to FORGE
[12Jul2025 20:10:35.816] [modloading-worker-0/DEBUG] [net.minecraftforge.fml.javafmlmod.AutomaticEventSubscriber/LOADING]: Auto-subscribing net.mcreator.antlers.procedures.TogetjerkeyProcedure to FORGE
[12Jul2025 20:10:35.818] [modloading-worker-0/DEBUG] [net.minecraftforge.fml.javafmlmod.AutomaticEventSubscriber/LOADING]: Auto-subscribing net.mcreator.midnightlurker.procedures.LurkerconfigProcedure to MOD
[12Jul2025 20:10:35.819] [modloading-worker-0/DEBUG] [net.minecraftforge.fml.javafmlmod.AutomaticEventSubscriber/LOADING]: Auto-subscribing net.mcreator.vapor.procedures.ActivateDeathScreenProcedure to FORGE
[12Jul2025 20:10:35.823] [modloading-worker-0/DEBUG] [net.minecraftforge.fml.javafmlmod.AutomaticEventSubscriber/LOADING]: Auto-subscribing net.mcreator.vapor.network.BwrtherainModVariables to MOD
[12Jul2025 20:10:35.820] [modloading-worker-0/DEBUG] [net.minecraftforge.fml.javafmlmod.AutomaticEventSubscriber/LOADING]: Auto-subscribing net.mcreator.antlers.procedures.SetstargetProcedure to FORGE
[12Jul2025 20:10:35.825] [modloading-worker-0/DEBUG] [net.minecraftforge.fml.javafmlmod.AutomaticEventSubscriber/LOADING]: Auto-subscribing net.mcreator.antlers.procedures.GameruleProcedure to FORGE
[12Jul2025 20:10:35.823] [modloading-worker-0/DEBUG] [net.minecraftforge.fml.javafmlmod.AutomaticEventSubscriber/LOADING]: Auto-subscribing net.mcreator.midnightlurker.procedures.JumpscareTimerProcedure to FORGE
[12Jul2025 20:10:35.826] [modloading-worker-0/DEBUG] [net.minecraftforge.fml.javafmlmod.AutomaticEventSubscriber/LOADING]: Auto-subscribing net.mcreator.deathangels.procedures.EventStaffLivingEntityIsHitWithItemProcedure to FORGE
[12Jul2025 20:10:35.827] [modloading-worker-0/DEBUG] [net.minecraftforge.fml.javafmlmod.AutomaticEventSubscriber/LOADING]: Auto-subscribing net.mcreator.midnightlurker.procedures.Insanitystage7Procedure to FORGE
[12Jul2025 20:10:35.825] [modloading-worker-0/DEBUG] [net.minecraftforge.fml.javafmlmod.AutomaticEventSubscriber/LOADING]: Auto-subscribing net.mcreator.vapor.network.BwrtherainModVariables$EventBusVariableHandlers to FORGE
[12Jul2025 20:10:35.828] [modloading-worker-0/DEBUG] [net.minecraftforge.fml.javafmlmod.AutomaticEventSubscriber/LOADING]: Auto-subscribing net.mcreator.deathangels.procedures.DetectWeatherProcedure to FORGE
[12Jul2025 20:10:35.829] [modloading-worker-0/DEBUG] [net.minecraftforge.fml.javafmlmod.AutomaticEventSubscriber/LOADING]: Auto-subscribing net.mcreator.deathangels.procedures.DeathAngelsGoDownInWaterProcedure to FORGE
[12Jul2025 20:10:35.829] [modloading-worker-0/DEBUG] [net.minecraftforge.fml.javafmlmod.AutomaticEventSubscriber/LOADING]: Auto-subscribing net.mcreator.midnightlurker.procedures.InsanityoverlayrendersProcedure to FORGE
[12Jul2025 20:10:35.830] [modloading-worker-0/DEBUG] [net.minecraftforge.fml.javafmlmod.AutomaticEventSubscriber/LOADING]: Auto-subscribing net.mcreator.midnightlurker.procedures.InsanityStageTimerProcedure to FORGE
[12Jul2025 20:10:35.831] [modloading-worker-0/DEBUG] [net.minecraftforge.fml.javafmlmod.AutomaticEventSubscriber/LOADING]: Auto-subscribing net.mcreator.antlers.procedures.DayCounterProcedure to FORGE
[12Jul2025 20:10:35.831] [modloading-worker-0/DEBUG] [net.minecraftforge.fml.javafmlmod.AutomaticEventSubscriber/LOADING]: Auto-subscribing net.mcreator.deathangels.procedures.DeathAngelsAttackTargetsProcedure to FORGE
[12Jul2025 20:10:35.832] [modloading-worker-0/DEBUG] [net.minecraftforge.fml.javafmlmod.AutomaticEventSubscriber/LOADING]: Auto-subscribing net.mcreator.antlers.procedures.AttackedProcedure to FORGE
[12Jul2025 20:10:35.832] [modloading-worker-0/DEBUG] [net.minecraftforge.fml.javafmlmod.AutomaticEventSubscriber/LOADING]: Auto-subscribing net.mcreator.deathangels.procedures.CheckForSandProcedure to FORGE
[12Jul2025 20:10:35.833] [modloading-worker-0/DEBUG] [net.minecraftforge.fml.javafmlmod.AutomaticEventSubscriber/LOADING]: Auto-subscribing net.mcreator.antlers.network.AntlersModVariables to MOD
[12Jul2025 20:10:35.834] [modloading-worker-0/DEBUG] [net.minecraftforge.fml.javafmlmod.AutomaticEventSubscriber/LOADING]: Auto-subscribing net.mcreator.antlers.network.AntlersModVariables$EventBusVariableHandlers to FORGE
[12Jul2025 20:10:35.830] [modloading-worker-0/DEBUG] [net.minecraftforge.fml.javafmlmod.AutomaticEventSubscriber/LOADING]: Auto-subscribing net.mcreator.vapor.init.EntityAnimationFactory to FORGE
[12Jul2025 20:10:35.835] [modloading-worker-0/DEBUG] [net.minecraftforge.fml.javafmlmod.AutomaticEventSubscriber/LOADING]: Auto-subscribing net.mcreator.vapor.init.BwrtherainModTabs to MOD
[12Jul2025 20:10:35.836] [modloading-worker-0/DEBUG] [net.minecraftforge.fml.javafmlmod.AutomaticEventSubscriber/LOADING]: Auto-subscribing net.mcreator.midnightlurker.procedures.InsanitySleepProcedure to FORGE
[12Jul2025 20:10:35.836] [modloading-worker-0/DEBUG] [net.minecraftforge.fml.javafmlmod.AutomaticEventSubscriber/LOADING]: Auto-subscribing net.mcreator.vapor.init.BwrtherainModEntities to MOD
[12Jul2025 20:10:35.836] [modloading-worker-0/DEBUG] [net.minecraftforge.fml.javafmlmod.AutomaticEventSubscriber/LOADING]: Auto-subscribing net.mcreator.deathangels.procedures.ChatAlertEffectExpiresProcedure to FORGE
[12Jul2025 20:10:35.837] [modloading-worker-0/DEBUG] [net.minecraftforge.fml.javafmlmod.AutomaticEventSubscriber/LOADING]: Auto-subscribing net.mcreator.deathangels.network.RealisticModeButtonMessage to MOD
[12Jul2025 20:10:35.838] [modloading-worker-0/DEBUG] [net.minecraftforge.fml.javafmlmod.AutomaticEventSubscriber/LOADING]: Auto-subscribing net.mcreator.midnightlurker.procedures.InsanityReduceProcedure to FORGE
[12Jul2025 20:10:35.840] [modloading-worker-0/DEBUG] [net.minecraftforge.fml.javafmlmod.AutomaticEventSubscriber/LOADING]: Auto-subscribing net.mcreator.deathangels.network.ModeSettingMessage to MOD
[12Jul2025 20:10:35.840] [modloading-worker-0/DEBUG] [net.minecraftforge.fml.javafmlmod.AutomaticEventSubscriber/LOADING]: Auto-subscribing net.mcreator.antlers.init.EntityAnimationFactory to FORGE
[12Jul2025 20:10:35.840] [modloading-worker-0/DEBUG] [net.minecraftforge.fml.javafmlmod.AutomaticEventSubscriber/LOADING]: Attempting to inject @EventBusSubscriber classes into the eventbus for fabric_recipe_api_v1
[12Jul2025 20:10:35.842] [modloading-worker-0/DEBUG] [net.minecraftforge.fml.javafmlmod.AutomaticEventSubscriber/LOADING]: Attempting to inject @EventBusSubscriber classes into the eventbus for fabric_loot_api_v2
[12Jul2025 20:10:35.844] [modloading-worker-0/DEBUG] [net.minecraftforge.fml.javafmlmod.AutomaticEventSubscriber/LOADING]: Auto-subscribing net.mcreator.deathangels.network.LauncherGUIButtonMessage to MOD
[12Jul2025 20:10:35.845] [modloading-worker-0/DEBUG] [net.minecraftforge.fml.javafmlmod.AutomaticEventSubscriber/LOADING]: Auto-subscribing net.mcreator.deathangels.network.DeathAngelsModVariables to MOD
[12Jul2025 20:10:35.845] [modloading-worker-0/DEBUG] [net.minecraftforge.fml.javafmlmod.AutomaticEventSubscriber/LOADING]: Auto-subscribing net.mcreator.antlers.init.AntlersModTabs to MOD
[12Jul2025 20:10:35.846] [modloading-worker-0/DEBUG] [net.minecraftforge.fml.javafmlmod.AutomaticEventSubscriber/LOADING]: Auto-subscribing net.mcreator.antlers.init.AntlersModGameRules to MOD
[12Jul2025 20:10:35.845] [modloading-worker-0/DEBUG] [net.minecraftforge.fml.javafmlmod.AutomaticEventSubscriber/LOADING]: Auto-subscribing net.mcreator.midnightlurker.procedures.InsanityFoodReduceProcedure to FORGE
[12Jul2025 20:10:35.847] [modloading-worker-0/DEBUG] [net.minecraftforge.fml.javafmlmod.AutomaticEventSubscriber/LOADING]: Auto-subscribing net.mcreator.deathangels.network.DeathAngelsModVariables$PlayerVariablesProvider to FORGE
[12Jul2025 20:10:35.850] [modloading-worker-0/DEBUG] [net.minecraftforge.fml.javafmlmod.AutomaticEventSubscriber/LOADING]: Attempting to inject @EventBusSubscriber classes into the eventbus for fabric_object_builder_api_v1
[12Jul2025 20:10:35.850] [modloading-worker-0/DEBUG] [net.minecraftforge.fml.javafmlmod.AutomaticEventSubscriber/LOADING]: Attempting to inject @EventBusSubscriber classes into the eventbus for fabric_rendering_data_attachment_v1
[12Jul2025 20:10:35.851] [modloading-worker-0/DEBUG] [net.minecraftforge.fml.javafmlmod.AutomaticEventSubscriber/LOADING]: Auto-subscribing net.mcreator.deathangels.network.DeathAngelsModVariables$EventBusVariableHandlers to FORGE
[12Jul2025 20:10:35.850] [modloading-worker-0/DEBUG] [net.minecraftforge.fml.javafmlmod.AutomaticEventSubscriber/LOADING]: Auto-subscribing net.mcreator.midnightlurker.procedures.GetDoorRecipeSmeltProcedure to FORGE
[12Jul2025 20:10:35.852] [modloading-worker-0/DEBUG] [mixin/]: Mixing GameRulesBooleanRuleAccessor from fabric-game-rule-api-v1.mixins.json into net.minecraft.world.level.GameRules$BooleanValue
[12Jul2025 20:10:35.852] [modloading-worker-0/DEBUG] [mixin/]: fabric-game-rule-api-v1.mixins.json:GameRulesBooleanRuleAccessor from mod fabric_game_rule_api_v1: Class version 61 required is higher than the class version supported by the current version of Mixin (JAVA_16 supports class version 60)
[12Jul2025 20:10:35.853] [modloading-worker-0/DEBUG] [mixin/]: Renaming @Invoker method invokeCreate(ZLjava/util/function/BiConsumer;)Lnet/minecraft/world/level/GameRules$Type; to invokeCreate$fabric_game_rule_api_v1_$md$54bf2d$0 in fabric-game-rule-api-v1.mixins.json:GameRulesBooleanRuleAccessor from mod fabric_game_rule_api_v1
[12Jul2025 20:10:35.862] [modloading-worker-0/DEBUG] [net.minecraftforge.fml.javafmlmod.AutomaticEventSubscriber/LOADING]: Auto-subscribing net.mcreator.deathangels.network.CalmMessage to MOD
[12Jul2025 20:10:35.862] [modloading-worker-0/DEBUG] [mixin/]: Mixing GameRulesAccessor from fabric-game-rule-api-v1.mixins.json into net.minecraft.world.level.GameRules
[12Jul2025 20:10:35.862] [modloading-worker-0/DEBUG] [mixin/]: fabric-game-rule-api-v1.mixins.json:GameRulesAccessor from mod fabric_game_rule_api_v1: Class version 61 required is higher than the class version supported by the current version of Mixin (JAVA_16 supports class version 60)
[12Jul2025 20:10:35.863] [modloading-worker-0/DEBUG] [mixin/]: Renaming @Invoker method callRegister(Ljava/lang/String;Lnet/minecraft/world/level/GameRules$Category;Lnet/minecraft/world/level/GameRules$Type;)Lnet/minecraft/world/level/GameRules$Key; to callRegister$fabric_game_rule_api_v1_$md$54bf2d$0 in fabric-game-rule-api-v1.mixins.json:GameRulesAccessor from mod fabric_game_rule_api_v1
[12Jul2025 20:10:35.863] [modloading-worker-0/DEBUG] [mixin/]: Renaming @Accessor method getRuleTypes()Ljava/util/Map; to getRuleTypes$fabric_game_rule_api_v1_$md$54bf2d$1 in fabric-game-rule-api-v1.mixins.json:GameRulesAccessor from mod fabric_game_rule_api_v1
[12Jul2025 20:10:35.863] [modloading-worker-0/DEBUG] [net.minecraftforge.fml.javafmlmod.AutomaticEventSubscriber/LOADING]: Auto-subscribing net.mcreator.midnightlurker.procedures.GetDoorRecipePickupProcedure to FORGE
[12Jul2025 20:10:35.864] [modloading-worker-0/DEBUG] [net.minecraftforge.fml.javafmlmod.AutomaticEventSubscriber/LOADING]: Auto-subscribing net.mcreator.deathangels.network.AdmintoolguiButtonMessage to MOD
[12Jul2025 20:10:35.865] [modloading-worker-0/DEBUG] [net.minecraftforge.fml.javafmlmod.AutomaticEventSubscriber/LOADING]: Auto-subscribing net.mcreator.deathangels.init.ItemAnimationFactory to FORGE
[12Jul2025 20:10:35.866] [modloading-worker-0/DEBUG] [net.minecraftforge.fml.javafmlmod.AutomaticEventSubscriber/LOADING]: Auto-subscribing net.mcreator.midnightlurker.procedures.GetDoorRecipeCraftProcedure to FORGE
[12Jul2025 20:10:35.868] [modloading-worker-0/DEBUG] [net.minecraftforge.fml.javafmlmod.AutomaticEventSubscriber/LOADING]: Auto-subscribing net.mcreator.deathangels.init.EntityAnimationFactory to FORGE
[12Jul2025 20:10:35.869] [modloading-worker-0/DEBUG] [net.minecraftforge.fml.javafmlmod.AutomaticEventSubscriber/LOADING]: Auto-subscribing net.mcreator.deathangels.init.DeathAngelsModTabs to MOD
[12Jul2025 20:10:35.870] [modloading-worker-0/DEBUG] [net.minecraftforge.fml.javafmlmod.AutomaticEventSubscriber/LOADING]: Auto-subscribing net.mcreator.deathangels.init.DeathAngelsModGameRules to MOD
[12Jul2025 20:10:35.870] [modloading-worker-0/DEBUG] [net.minecraftforge.fml.javafmlmod.AutomaticEventSubscriber/LOADING]: Auto-subscribing net.mcreator.midnightlurker.procedures.EncounterProcProcedure to FORGE
[12Jul2025 20:10:35.872] [modloading-worker-0/DEBUG] [mixin/]: Mixing GameRulesKeyMixin from fabric-game-rule-api-v1.mixins.json into net.minecraft.world.level.GameRules$Key
[12Jul2025 20:10:35.872] [modloading-worker-0/DEBUG] [mixin/]: fabric-game-rule-api-v1.mixins.json:GameRulesKeyMixin from mod fabric_game_rule_api_v1: Class version 61 required is higher than the class version supported by the current version of Mixin (JAVA_16 supports class version 60)
[12Jul2025 20:10:35.874] [modloading-worker-0/DEBUG] [net.minecraftforge.fml.javafmlmod.AutomaticEventSubscriber/LOADING]: Auto-subscribing net.mcreator.midnightlurker.procedures.DestroytexEntityIsHurtProcedure to FORGE
[12Jul2025 20:10:35.875] [modloading-worker-0/DEBUG] [mixin/]: Mixing GameRulesIntRuleAccessor from fabric-game-rule-api-v1.mixins.json into net.minecraft.world.level.GameRules$IntegerValue
[12Jul2025 20:10:35.876] [modloading-worker-0/DEBUG] [mixin/]: fabric-game-rule-api-v1.mixins.json:GameRulesIntRuleAccessor from mod fabric_game_rule_api_v1: Class version 61 required is higher than the class version supported by the current version of Mixin (JAVA_16 supports class version 60)
[12Jul2025 20:10:35.877] [modloading-worker-0/DEBUG] [net.minecraftforge.fml.javafmlmod.AutomaticEventSubscriber/LOADING]: Auto-subscribing net.mcreator.midnightlurker.procedures.Destroytex4EntityIsHurtProcedure to FORGE
[12Jul2025 20:10:35.878] [modloading-worker-0/DEBUG] [net.minecraftforge.fml.javafmlmod.AutomaticEventSubscriber/LOADING]: Auto-subscribing net.mcreator.midnightlurker.procedures.Destroytex3EntityIsHurtProcedure to FORGE
[12Jul2025 20:10:35.878] [modloading-worker-0/DEBUG] [net.minecraftforge.fml.javafmlmod.AutomaticEventSubscriber/LOADING]: Auto-subscribing net.mcreator.midnightlurker.procedures.Destroytex2EntityIsHurtProcedure to FORGE
[12Jul2025 20:10:35.881] [modloading-worker-0/DEBUG] [net.minecraftforge.fml.javafmlmod.AutomaticEventSubscriber/LOADING]: Auto-subscribing net.mcreator.antlers.init.AntlersModEntities to MOD
[12Jul2025 20:10:35.882] [modloading-worker-0/DEBUG] [net.minecraftforge.fml.javafmlmod.AutomaticEventSubscriber/LOADING]: Auto-subscribing net.mcreator.deathangels.init.DeathAngelsModEntities to MOD
[12Jul2025 20:10:35.882] [modloading-worker-0/DEBUG] [net.minecraftforge.fml.javafmlmod.AutomaticEventSubscriber/LOADING]: Auto-subscribing net.mcreator.midnightlurker.procedures.DeathJumpTimerProcedure to FORGE
[12Jul2025 20:10:35.883] [modloading-worker-0/DEBUG] [net.minecraftforge.fml.javafmlmod.AutomaticEventSubscriber/LOADING]: Auto-subscribing net.mcreator.deathangels.command.ShowDirectionCommand to FORGE
[12Jul2025 20:10:35.883] [modloading-worker-0/DEBUG] [net.minecraftforge.fml.javafmlmod.AutomaticEventSubscriber/LOADING]: Auto-subscribing net.mcreator.midnightlurker.procedures.AmnesiaStageAddProcedure to FORGE
[12Jul2025 20:10:35.887] [modloading-worker-0/DEBUG] [net.minecraftforge.fml.javafmlmod.AutomaticEventSubscriber/LOADING]: Auto-subscribing net.mcreator.midnightlurker.procedures.AggroPotionAddTickProcedure to FORGE
[12Jul2025 20:10:35.888] [modloading-worker-0/DEBUG] [net.minecraftforge.fml.javafmlmod.AutomaticEventSubscriber/LOADING]: Auto-subscribing net.mcreator.deathangels.command.SetStageCommand to FORGE
[12Jul2025 20:10:35.889] [modloading-worker-0/DEBUG] [net.minecraftforge.fml.javafmlmod.AutomaticEventSubscriber/LOADING]: Auto-subscribing net.mcreator.midnightlurker.network.MidnightlurkerModVariables to MOD
[12Jul2025 20:10:35.895] [modloading-worker-0/DEBUG] [net.minecraftforge.fml.javafmlmod.AutomaticEventSubscriber/LOADING]: Auto-subscribing net.mcreator.deathangels.command.SetMeteorSpawnCommand to FORGE
[12Jul2025 20:10:35.896] [modloading-worker-0/DEBUG] [net.minecraftforge.fml.javafmlmod.AutomaticEventSubscriber/LOADING]: Auto-subscribing net.mcreator.deathangels.command.SetDeathAngelKillsCommand to FORGE
[12Jul2025 20:10:35.897] [modloading-worker-0/DEBUG] [net.minecraftforge.fml.javafmlmod.AutomaticEventSubscriber/LOADING]: Auto-subscribing net.mcreator.midnightlurker.network.MidnightlurkerModVariables$PlayerVariablesProvider to FORGE
[12Jul2025 20:10:35.899] [modloading-worker-0/DEBUG] [net.minecraftforge.fml.javafmlmod.AutomaticEventSubscriber/LOADING]: Auto-subscribing net.mcreator.midnightlurker.network.MidnightlurkerModVariables$EventBusVariableHandlers to FORGE
[12Jul2025 20:10:35.902] [modloading-worker-0/DEBUG] [net.minecraftforge.fml.javafmlmod.AutomaticEventSubscriber/LOADING]: Auto-subscribing net.mcreator.deathangels.command.SetAlertebleCommand to FORGE
[12Jul2025 20:10:35.905] [modloading-worker-0/DEBUG] [net.minecraftforge.fml.javafmlmod.AutomaticEventSubscriber/LOADING]: Auto-subscribing net.mcreator.deathangels.command.ResetcooldownCommand to FORGE
[12Jul2025 20:10:35.907] [modloading-worker-0/DEBUG] [net.minecraftforge.fml.javafmlmod.AutomaticEventSubscriber/LOADING]: Auto-subscribing net.mcreator.midnightlurker.init.MidnightlurkerModTabs to MOD
[12Jul2025 20:10:35.911] [modloading-worker-0/DEBUG] [net.minecraftforge.fml.javafmlmod.AutomaticEventSubscriber/LOADING]: Auto-subscribing net.mcreator.midnightlurker.init.MidnightlurkerModEntities to MOD
[12Jul2025 20:10:35.912] [modloading-worker-0/DEBUG] [net.minecraftforge.fml.javafmlmod.AutomaticEventSubscriber/LOADING]: Auto-subscribing net.mcreator.midnightlurker.init.EntityAnimationFactory to FORGE
[12Jul2025 20:10:35.908] [modloading-worker-0/DEBUG] [net.minecraftforge.fml.javafmlmod.AutomaticEventSubscriber/LOADING]: Auto-subscribing net.mcreator.deathangels.command.ResetWorldTimeCommand to FORGE
[12Jul2025 20:10:35.914] [modloading-worker-0/DEBUG] [net.minecraftforge.fml.javafmlmod.AutomaticEventSubscriber/LOADING]: Auto-subscribing net.mcreator.deathangels.command.KillDeathAngelsCommand to FORGE
[12Jul2025 20:10:35.915] [modloading-worker-0/DEBUG] [net.minecraftforge.fml.javafmlmod.AutomaticEventSubscriber/LOADING]: Auto-subscribing net.mcreator.deathangels.command.FungusSpreadRateCommand to FORGE
[12Jul2025 20:10:35.916] [modloading-worker-0/DEBUG] [net.minecraftforge.fml.javafmlmod.AutomaticEventSubscriber/LOADING]: Auto-subscribing net.mcreator.deathangels.block.listener.ClientListener to MOD
[12Jul2025 20:10:35.915] [modloading-worker-0/DEBUG] [net.minecraftforge.fml.javafmlmod.AutomaticEventSubscriber/LOADING]: Auto-subscribing net.mcreator.midnightlurker.command.Setinsanitystage6commandCommand to FORGE
[12Jul2025 20:10:35.920] [modloading-worker-0/DEBUG] [net.minecraftforge.fml.javafmlmod.AutomaticEventSubscriber/LOADING]: Auto-subscribing net.mcreator.midnightlurker.command.InsanitytimeaddCommand to FORGE
[12Jul2025 20:10:35.921] [modloading-worker-0/DEBUG] [net.minecraftforge.fml.javafmlmod.AutomaticEventSubscriber/LOADING]: Auto-subscribing net.mcreator.midnightlurker.command.InsanitythingCommand to FORGE
[12Jul2025 20:10:35.923] [modloading-worker-0/DEBUG] [mixin/]: Mixing ServerLoginNetworkHandlerMixin from fabric-networking-api-v1.mixins.json into net.minecraft.server.network.ServerLoginPacketListenerImpl
[12Jul2025 20:10:35.926] [modloading-worker-0/DEBUG] [mixin/]: fabric-networking-api-v1.mixins.json:ServerLoginNetworkHandlerMixin from mod fabric_networking_api_v1: Class version 61 required is higher than the class version supported by the current version of Mixin (JAVA_16 supports class version 60)
[12Jul2025 20:10:35.928] [modloading-worker-0/DEBUG] [mixin/]: Mixing accessor.ServerLoginNetworkHandlerAccessor from fabric-networking-api-v1.mixins.json into net.minecraft.server.network.ServerLoginPacketListenerImpl
[12Jul2025 20:10:35.929] [modloading-worker-0/DEBUG] [mixin/]: fabric-networking-api-v1.mixins.json:accessor.ServerLoginNetworkHandlerAccessor from mod fabric_networking_api_v1: Class version 61 required is higher than the class version supported by the current version of Mixin (JAVA_16 supports class version 60)
[12Jul2025 20:10:35.929] [modloading-worker-0/DEBUG] [mixin/]: Mixing ServerLoginPacketListenerImplMixin from skinrestorer.mixins.json into net.minecraft.server.network.ServerLoginPacketListenerImpl
[12Jul2025 20:10:35.929] [modloading-worker-0/DEBUG] [mixin/]: Renaming synthetic method lambda$skinrestorer$fetchSkin$2(Lnet/lionarius/skinrestorer/skin/provider/SkinProviderContext;)Lnet/lionarius/skinrestorer/util/Result; to md54bf2d$skinrestorer$lambda$skinrestorer$fetchSkin$2$0 in skinrestorer.mixins.json:ServerLoginPacketListenerImplMixin from mod skinrestorer
[12Jul2025 20:10:35.930] [modloading-worker-0/DEBUG] [mixin/]: Renaming synthetic method lambda$skinrestorer$fetchSkin$1(Lnet/lionarius/skinrestorer/skin/provider/SkinProviderContext;Lnet/lionarius/skinrestorer/skin/provider/SkinProvider;)Lnet/lionarius/skinrestorer/util/Result; to md54bf2d$skinrestorer$lambda$skinrestorer$fetchSkin$1$1 in skinrestorer.mixins.json:ServerLoginPacketListenerImplMixin from mod skinrestorer
[12Jul2025 20:10:35.930] [modloading-worker-0/DEBUG] [mixin/]: Renaming synthetic method lambda$waitForSkin$0()Ljava/lang/Void; to md54bf2d$skinrestorer$lambda$waitForSkin$0$2 in skinrestorer.mixins.json:ServerLoginPacketListenerImplMixin from mod skinrestorer
[12Jul2025 20:10:35.945] [modloading-worker-0/DEBUG] [mixin/]: fabric-networking-api-v1.mixins.json:ServerLoginNetworkHandlerMixin from mod fabric_networking_api_v1->@Inject::initAddon(Lorg/spongepowered/asm/mixin/injection/callback/CallbackInfo;)V doesn't use it's CallbackInfo
[12Jul2025 20:10:35.945] [modloading-worker-0/DEBUG] [mixin/]: fabric-networking-api-v1.mixins.json:ServerLoginNetworkHandlerMixin from mod fabric_networking_api_v1->@Inject::initAddon(Lorg/spongepowered/asm/mixin/injection/callback/CallbackInfo;)V has 0 override(s) in child classes
[12Jul2025 20:10:35.945] [modloading-worker-0/DEBUG] [mixin/]: fabric-networking-api-v1.mixins.json:ServerLoginNetworkHandlerMixin from mod fabric_networking_api_v1->@Inject::initAddon(Lorg/spongepowered/asm/mixin/injection/callback/CallbackInfo;)V won't be passed a CallbackInfo as a result
[12Jul2025 20:10:35.946] [modloading-worker-0/DEBUG] [mixin/]: fabric-networking-api-v1.mixins.json:ServerLoginNetworkHandlerMixin from mod fabric_networking_api_v1->@Inject::handleCustomPayloadReceivedAsync(Lnet/minecraft/network/protocol/login/ServerboundCustomQueryPacket;Lorg/spongepowered/asm/mixin/injection/callback/CallbackInfo;)V does use it's CallbackInfo
[12Jul2025 20:10:35.946] [modloading-worker-0/DEBUG] [mixin/]: fabric-networking-api-v1.mixins.json:ServerLoginNetworkHandlerMixin from mod fabric_networking_api_v1->@Inject::handleDisconnection(Lnet/minecraft/network/chat/Component;Lorg/spongepowered/asm/mixin/injection/callback/CallbackInfo;)V doesn't use it's CallbackInfo
[12Jul2025 20:10:35.946] [modloading-worker-0/DEBUG] [mixin/]: fabric-networking-api-v1.mixins.json:ServerLoginNetworkHandlerMixin from mod fabric_networking_api_v1->@Inject::handleDisconnection(Lnet/minecraft/network/chat/Component;Lorg/spongepowered/asm/mixin/injection/callback/CallbackInfo;)V has 0 override(s) in child classes
[12Jul2025 20:10:35.946] [modloading-worker-0/DEBUG] [mixin/]: fabric-networking-api-v1.mixins.json:ServerLoginNetworkHandlerMixin from mod fabric_networking_api_v1->@Inject::handleDisconnection(Lnet/minecraft/network/chat/Component;Lorg/spongepowered/asm/mixin/injection/callback/CallbackInfo;)V won't be passed a CallbackInfo as a result
[12Jul2025 20:10:35.946] [modloading-worker-0/DEBUG] [mixin/]: fabric-networking-api-v1.mixins.json:ServerLoginNetworkHandlerMixin from mod fabric_networking_api_v1->@Inject::handlePlayTransitionNormal(Lnet/minecraft/server/level/ServerPlayer;Lorg/spongepowered/asm/mixin/injection/callback/CallbackInfo;)V doesn't use it's CallbackInfo
[12Jul2025 20:10:35.946] [modloading-worker-0/DEBUG] [mixin/]: fabric-networking-api-v1.mixins.json:ServerLoginNetworkHandlerMixin from mod fabric_networking_api_v1->@Inject::handlePlayTransitionNormal(Lnet/minecraft/server/level/ServerPlayer;Lorg/spongepowered/asm/mixin/injection/callback/CallbackInfo;)V has 0 override(s) in child classes
[12Jul2025 20:10:35.946] [modloading-worker-0/DEBUG] [mixin/]: fabric-networking-api-v1.mixins.json:ServerLoginNetworkHandlerMixin from mod fabric_networking_api_v1->@Inject::handlePlayTransitionNormal(Lnet/minecraft/server/level/ServerPlayer;Lorg/spongepowered/asm/mixin/injection/callback/CallbackInfo;)V won't be passed a CallbackInfo as a result
[12Jul2025 20:10:35.947] [modloading-worker-0/DEBUG] [mixin/]: skinrestorer.mixins.json:ServerLoginPacketListenerImplMixin from mod skinrestorer->@Inject::waitForSkin(Lorg/spongepowered/asm/mixin/injection/callback/CallbackInfo;)V does use it's CallbackInfo
[12Jul2025 20:10:35.951] [modloading-worker-0/DEBUG] [net.minecraftforge.fml.javafmlmod.AutomaticEventSubscriber/LOADING]: Auto-subscribing net.mcreator.midnightlurker.command.DevOverlayCommand to FORGE
[12Jul2025 20:10:35.953] [modloading-worker-0/DEBUG] [net.minecraftforge.fml.javafmlmod.AutomaticEventSubscriber/LOADING]: Auto-subscribing net.mcreator.midnightlurker.command.DevOverlay2Command to FORGE
[12Jul2025 20:10:35.958] [modloading-worker-0/DEBUG] [net.minecraftforge.fml.javafmlmod.AutomaticEventSubscriber/LOADING]: Attempting to inject @EventBusSubscriber classes into the eventbus for fabric_sound_api_v1
[12Jul2025 20:10:35.959] [modloading-worker-0/DEBUG] [net.minecraftforge.fml.javafmlmod.AutomaticEventSubscriber/LOADING]: Attempting to inject @EventBusSubscriber classes into the eventbus for mr_animated_doors
[12Jul2025 20:10:35.959] [modloading-worker-0/DEBUG] [net.minecraftforge.fml.javafmlmod.AutomaticEventSubscriber/LOADING]: Attempting to inject @EventBusSubscriber classes into the eventbus for fabric_message_api_v1
[12Jul2025 20:10:35.963] [modloading-worker-0/DEBUG] [net.minecraftforge.fml.javafmlmod.AutomaticEventSubscriber/LOADING]: Attempting to inject @EventBusSubscriber classes into the eventbus for fabric_networking_api_v1
[12Jul2025 20:10:35.972] [modloading-worker-0/DEBUG] [net.minecraftforge.fml.javafmlmod.AutomaticEventSubscriber/LOADING]: Attempting to inject @EventBusSubscriber classes into the eventbus for fabric_lifecycle_events_v1
[12Jul2025 20:10:35.977] [modloading-worker-0/DEBUG] [SkinRestorer/]: Loaded net.lionarius.skinrestorer.forge.platform.ForgePlatformHelper@5e30421f for service interface net.lionarius.skinrestorer.platform.services.PlatformHelper
[12Jul2025 20:10:35.978] [modloading-worker-0/DEBUG] [SkinRestorer/]: Loaded net.lionarius.skinrestorer.forge.platform.ForgeCompatibilityHelper@68d11cee for service interface net.lionarius.skinrestorer.platform.services.CompatibilityHelper
[12Jul2025 20:10:35.983] [modloading-worker-0/DEBUG] [net.minecraftforge.fml.javafmlmod.AutomaticEventSubscriber/LOADING]: Attempting to inject @EventBusSubscriber classes into the eventbus for itsnotreal
[12Jul2025 20:10:35.983] [modloading-worker-0/DEBUG] [net.minecraftforge.fml.javafmlmod.AutomaticEventSubscriber/LOADING]: Auto-subscribing net.mcreator.itsnotreal.world.features.StructureFeature to FORGE
[12Jul2025 20:10:35.984] [modloading-worker-0/DEBUG] [net.minecraftforge.fml.javafmlmod.AutomaticEventSubscriber/LOADING]: Auto-subscribing net.mcreator.itsnotreal.world.dimension.ItsYourFaultDimension to FORGE
[12Jul2025 20:10:35.985] [modloading-worker-0/DEBUG] [net.minecraftforge.fml.javafmlmod.AutomaticEventSubscriber/LOADING]: Auto-subscribing net.mcreator.itsnotreal.world.dimension.ItsYourFaultDimension$DimensionSpecialEffectsHandler to MOD
[12Jul2025 20:10:35.986] [modloading-worker-0/DEBUG] [net.minecraftforge.fml.javafmlmod.AutomaticEventSubscriber/LOADING]: Auto-subscribing net.mcreator.itsnotreal.world.dimension.ITSNOTREALDimensionDimension to FORGE
[12Jul2025 20:10:35.987] [modloading-worker-0/DEBUG] [net.minecraftforge.fml.javafmlmod.AutomaticEventSubscriber/LOADING]: Auto-subscribing net.mcreator.itsnotreal.world.dimension.ITSNOTREALDimensionDimension$DimensionSpecialEffectsHandler to MOD
[12Jul2025 20:10:35.987] [modloading-worker-0/DEBUG] [net.minecraftforge.fml.javafmlmod.AutomaticEventSubscriber/LOADING]: Auto-subscribing net.mcreator.itsnotreal.procedures.TreeGrowProcedure to FORGE
[12Jul2025 20:10:35.988] [modloading-worker-0/DEBUG] [net.minecraftforge.fml.javafmlmod.AutomaticEventSubscriber/LOADING]: Auto-subscribing net.mcreator.itsnotreal.procedures.StupidFuckingBugGRAHHProcedure to FORGE
[12Jul2025 20:10:35.989] [modloading-worker-0/DEBUG] [net.minecraftforge.fml.javafmlmod.AutomaticEventSubscriber/LOADING]: Auto-subscribing net.mcreator.itsnotreal.procedures.SpawningShitsProcedure to FORGE
[12Jul2025 20:10:35.990] [modloading-worker-0/DEBUG] [net.minecraftforge.fml.javafmlmod.AutomaticEventSubscriber/LOADING]: Auto-subscribing net.mcreator.itsnotreal.procedures.SoundsNStuffProcedure to FORGE
[12Jul2025 20:10:35.992] [modloading-worker-0/DEBUG] [net.minecraftforge.fml.javafmlmod.AutomaticEventSubscriber/LOADING]: Auto-subscribing net.mcreator.itsnotreal.procedures.RaytraceStuffProcedure to FORGE
[12Jul2025 20:10:35.993] [modloading-worker-0/DEBUG] [net.minecraftforge.fml.javafmlmod.AutomaticEventSubscriber/LOADING]: Auto-subscribing net.mcreator.itsnotreal.procedures.RaytraceStuff2Procedure to FORGE
[12Jul2025 20:10:35.995] [modloading-worker-0/DEBUG] [net.minecraftforge.fml.javafmlmod.AutomaticEventSubscriber/LOADING]: Auto-subscribing net.mcreator.itsnotreal.procedures.NoSuffocationProcedure to FORGE
[12Jul2025 20:10:35.995] [modloading-worker-0/DEBUG] [net.minecraftforge.fml.javafmlmod.AutomaticEventSubscriber/LOADING]: Auto-subscribing net.mcreator.itsnotreal.procedures.NoSuffocationInDimensionProcedure to FORGE
[12Jul2025 20:10:35.996] [modloading-worker-0/DEBUG] [net.minecraftforge.fml.javafmlmod.AutomaticEventSubscriber/LOADING]: Auto-subscribing net.mcreator.itsnotreal.procedures.NoSleepProcedure to FORGE
[12Jul2025 20:10:36.000] [modloading-worker-0/DEBUG] [net.minecraftforge.fml.javafmlmod.AutomaticEventSubscriber/LOADING]: Auto-subscribing net.mcreator.itsnotreal.procedures.NoPeacefulProcedure to FORGE
[12Jul2025 20:10:36.001] [modloading-worker-0/DEBUG] [net.minecraftforge.fml.javafmlmod.AutomaticEventSubscriber/LOADING]: Auto-subscribing net.mcreator.itsnotreal.procedures.NoEntityInNewDimensionsProcedure to FORGE
[12Jul2025 20:10:36.002] [modloading-worker-0/DEBUG] [net.minecraftforge.fml.javafmlmod.AutomaticEventSubscriber/LOADING]: Auto-subscribing net.mcreator.itsnotreal.procedures.DayVariablesProcedure to FORGE
[12Jul2025 20:10:36.003] [modloading-worker-0/DEBUG] [net.minecraftforge.fml.javafmlmod.AutomaticEventSubscriber/LOADING]: Auto-subscribing net.mcreator.itsnotreal.network.ItsnotrealModVariables to MOD
[12Jul2025 20:10:36.004] [modloading-worker-0/DEBUG] [net.minecraftforge.fml.javafmlmod.AutomaticEventSubscriber/LOADING]: Auto-subscribing net.mcreator.itsnotreal.network.ItsnotrealModVariables$PlayerVariablesProvider to FORGE
[12Jul2025 20:10:36.007] [modloading-worker-0/DEBUG] [net.minecraftforge.fml.javafmlmod.AutomaticEventSubscriber/LOADING]: Auto-subscribing net.mcreator.itsnotreal.network.ItsnotrealModVariables$EventBusVariableHandlers to FORGE
[12Jul2025 20:10:36.005] [modloading-worker-0/DEBUG] [net.minecraftforge.fml.javafmlmod.AutomaticEventSubscriber/LOADING]: Attempting to inject @EventBusSubscriber classes into the eventbus for the_anomaly
[12Jul2025 20:10:36.007] [modloading-worker-0/DEBUG] [net.minecraftforge.fml.javafmlmod.AutomaticEventSubscriber/LOADING]: Auto-subscribing net.mcreator.theanomaly.procedures.WhenWorldLoadedProcedure to FORGE
[12Jul2025 20:10:36.009] [modloading-worker-0/DEBUG] [net.minecraftforge.fml.javafmlmod.AutomaticEventSubscriber/LOADING]: Auto-subscribing net.mcreator.theanomaly.procedures.WhenPlayerWakesUpProcedure to FORGE
[12Jul2025 20:10:36.010] [modloading-worker-0/DEBUG] [net.minecraftforge.fml.javafmlmod.AutomaticEventSubscriber/LOADING]: Auto-subscribing net.mcreator.theanomaly.procedures.IsPlayerLookingProcedure to FORGE
[12Jul2025 20:10:36.013] [modloading-worker-0/DEBUG] [net.minecraftforge.fml.javafmlmod.AutomaticEventSubscriber/LOADING]: Auto-subscribing net.mcreator.itsnotreal.network.CloseEyesMessage to MOD
[12Jul2025 20:10:36.016] [modloading-worker-0/DEBUG] [net.minecraftforge.fml.javafmlmod.AutomaticEventSubscriber/LOADING]: Auto-subscribing net.mcreator.itsnotreal.init.ItsnotrealModTabs to MOD
[12Jul2025 20:10:36.016] [modloading-worker-0/DEBUG] [net.minecraftforge.fml.javafmlmod.AutomaticEventSubscriber/LOADING]: Auto-subscribing net.mcreator.itsnotreal.init.ItsnotrealModEntities to MOD
[12Jul2025 20:10:36.017] [modloading-worker-0/DEBUG] [net.minecraftforge.fml.javafmlmod.AutomaticEventSubscriber/LOADING]: Auto-subscribing net.mcreator.itsnotreal.init.EntityAnimationFactory to FORGE
[12Jul2025 20:10:36.015] [modloading-worker-0/DEBUG] [net.minecraftforge.fml.javafmlmod.AutomaticEventSubscriber/LOADING]: Auto-subscribing net.mcreator.theanomaly.procedures.GetPlayerSpawnProcedure to FORGE
[12Jul2025 20:10:36.021] [modloading-worker-0/DEBUG] [net.minecraftforge.fml.javafmlmod.AutomaticEventSubscriber/LOADING]: Auto-subscribing net.mcreator.theanomaly.network.TheAnomalyModVariables to MOD
[12Jul2025 20:10:36.022] [modloading-worker-0/DEBUG] [net.minecraftforge.fml.javafmlmod.AutomaticEventSubscriber/LOADING]: Auto-subscribing net.mcreator.theanomaly.network.TheAnomalyModVariables$PlayerVariablesProvider to FORGE
[12Jul2025 20:10:36.024] [modloading-worker-0/DEBUG] [net.minecraftforge.fml.javafmlmod.AutomaticEventSubscriber/LOADING]: Attempting to inject @EventBusSubscriber classes into the eventbus for fabric_data_generation_api_v1
[12Jul2025 20:10:36.027] [modloading-worker-0/DEBUG] [net.minecraftforge.fml.javafmlmod.AutomaticEventSubscriber/LOADING]: Auto-subscribing net.mcreator.theanomaly.network.TheAnomalyModVariables$EventBusVariableHandlers to FORGE
[12Jul2025 20:10:36.031] [modloading-worker-0/DEBUG] [net.minecraftforge.fml.javafmlmod.AutomaticEventSubscriber/LOADING]: Auto-subscribing net.mcreator.theanomaly.init.TheAnomalyModEntities to MOD
[12Jul2025 20:10:36.035] [modloading-worker-0/DEBUG] [net.minecraftforge.fml.javafmlmod.AutomaticEventSubscriber/LOADING]: Auto-subscribing net.mcreator.theanomaly.init.EntityAnimationFactory to FORGE
[12Jul2025 20:10:36.036] [modloading-worker-0/DEBUG] [net.minecraftforge.fml.javafmlmod.AutomaticEventSubscriber/LOADING]: Auto-subscribing net.mcreator.theanomaly.command.WorldTimeCommand to FORGE
[12Jul2025 20:10:36.037] [modloading-worker-0/DEBUG] [net.minecraftforge.fml.javafmlmod.AutomaticEventSubscriber/LOADING]: Auto-subscribing net.mcreator.theanomaly.command.SetPhaseCommand to FORGE
[12Jul2025 20:10:36.037] [modloading-worker-0/DEBUG] [net.minecraftforge.fml.javafmlmod.AutomaticEventSubscriber/LOADING]: Auto-subscribing net.mcreator.theanomaly.command.PhaseCommand to FORGE
[12Jul2025 20:10:36.038] [modloading-worker-0/DEBUG] [net.minecraftforge.fml.javafmlmod.AutomaticEventSubscriber/LOADING]: Auto-subscribing net.mcreator.theanomaly.command.AnomalyConfigCommand to FORGE
[12Jul2025 20:10:36.041] [modloading-worker-0/DEBUG] [net.minecraftforge.fml.javafmlmod.AutomaticEventSubscriber/LOADING]: Auto-subscribing net.mcreator.theanomaly.TheAnomalyMod$initer to MOD
[12Jul2025 20:10:36.046] [modloading-worker-0/DEBUG] [net.minecraftforge.fml.javafmlmod.AutomaticEventSubscriber/LOADING]: Attempting to inject @EventBusSubscriber classes into the eventbus for fabric_events_interaction_v0
[12Jul2025 20:10:36.047] [modloading-worker-0/DEBUG] [net.minecraftforge.fml.javafmlmod.AutomaticEventSubscriber/LOADING]: Attempting to inject @EventBusSubscriber classes into the eventbus for fabric_key_binding_api_v1
[12Jul2025 20:10:36.047] [modloading-worker-0/DEBUG] [net.minecraftforge.fml.javafmlmod.AutomaticEventSubscriber/LOADING]: Attempting to inject @EventBusSubscriber classes into the eventbus for fabric_client_tags_api_v1
[12Jul2025 20:10:36.096] [modloading-worker-0/DEBUG] [net.minecraftforge.fml.javafmlmod.AutomaticEventSubscriber/LOADING]: Attempting to inject @EventBusSubscriber classes into the eventbus for god
[12Jul2025 20:10:36.096] [modloading-worker-0/DEBUG] [net.minecraftforge.fml.javafmlmod.AutomaticEventSubscriber/LOADING]: Auto-subscribing net.mcreator.god.world.features.StructureFeature to FORGE
[12Jul2025 20:10:36.096] [modloading-worker-0/DEBUG] [net.minecraftforge.fml.javafmlmod.AutomaticEventSubscriber/LOADING]: Auto-subscribing net.mcreator.god.world.dimension.SacrificeDimension to FORGE
[12Jul2025 20:10:36.098] [modloading-worker-0/DEBUG] [net.minecraftforge.fml.javafmlmod.AutomaticEventSubscriber/LOADING]: Auto-subscribing net.mcreator.god.world.dimension.SacrificeDimension$DimensionSpecialEffectsHandler to MOD
[12Jul2025 20:10:36.098] [modloading-worker-0/DEBUG] [net.minecraftforge.fml.javafmlmod.AutomaticEventSubscriber/LOADING]: Auto-subscribing net.mcreator.god.world.dimension.HelpDimension to FORGE
[12Jul2025 20:10:36.103] [modloading-worker-0/DEBUG] [net.minecraftforge.fml.javafmlmod.AutomaticEventSubscriber/LOADING]: Auto-subscribing net.mcreator.god.world.dimension.HelpDimension$DimensionSpecialEffectsHandler to MOD
[12Jul2025 20:10:36.104] [modloading-worker-0/DEBUG] [net.minecraftforge.fml.javafmlmod.AutomaticEventSubscriber/LOADING]: Auto-subscribing net.mcreator.god.procedures.WindowsShakeProcedure to FORGE
[12Jul2025 20:10:36.105] [modloading-worker-0/DEBUG] [net.minecraftforge.fml.javafmlmod.AutomaticEventSubscriber/LOADING]: Auto-subscribing net.mcreator.god.procedures.TimergodProcedure to FORGE
[12Jul2025 20:10:36.106] [modloading-worker-0/DEBUG] [net.minecraftforge.fml.javafmlmod.AutomaticEventSubscriber/LOADING]: Auto-subscribing net.mcreator.god.procedures.TimerdevProcedure to FORGE
[12Jul2025 20:10:36.109] [modloading-worker-0/DEBUG] [net.minecraftforge.fml.javafmlmod.AutomaticEventSubscriber/LOADING]: Auto-subscribing net.mcreator.god.procedures.TimerTestProcedure to FORGE
[12Jul2025 20:10:36.111] [modloading-worker-0/DEBUG] [net.minecraftforge.fml.javafmlmod.AutomaticEventSubscriber/LOADING]: Auto-subscribing net.mcreator.god.procedures.TextfileProcedure to FORGE
[12Jul2025 20:10:36.115] [modloading-worker-0/DEBUG] [net.minecraftforge.fml.javafmlmod.AutomaticEventSubscriber/LOADING]: Auto-subscribing net.mcreator.god.procedures.Scr1Procedure to FORGE
[12Jul2025 20:10:36.116] [modloading-worker-0/DEBUG] [net.minecraftforge.fml.javafmlmod.AutomaticEventSubscriber/LOADING]: Auto-subscribing net.mcreator.god.procedures.SactimerscreamerProcedure to FORGE
[12Jul2025 20:10:36.117] [modloading-worker-0/DEBUG] [net.minecraftforge.fml.javafmlmod.AutomaticEventSubscriber/LOADING]: Auto-subscribing net.mcreator.god.procedures.PlayerlookProcedure to FORGE
[12Jul2025 20:10:36.121] [modloading-worker-0/DEBUG] [net.minecraftforge.fml.javafmlmod.AutomaticEventSubscriber/LOADING]: Auto-subscribing net.mcreator.god.procedures.PaintEventProcedure to FORGE
[12Jul2025 20:10:36.122] [modloading-worker-0/DEBUG] [net.minecraftforge.fml.javafmlmod.AutomaticEventSubscriber/LOADING]: Auto-subscribing net.mcreator.god.procedures.KarmaBarVisionProcedure to FORGE
[12Jul2025 20:10:36.125] [modloading-worker-0/DEBUG] [net.minecraftforge.fml.javafmlmod.AutomaticEventSubscriber/LOADING]: Auto-subscribing net.mcreator.god.procedures.Iftimer0Procedure to FORGE
[12Jul2025 20:10:36.129] [modloading-worker-0/DEBUG] [net.minecraftforge.fml.javafmlmod.AutomaticEventSubscriber/LOADING]: Auto-subscribing net.mcreator.god.procedures.IfplayerjoinProcedure to FORGE
[12Jul2025 20:10:36.131] [modloading-worker-0/DEBUG] [net.minecraftforge.fml.javafmlmod.AutomaticEventSubscriber/LOADING]: Auto-subscribing net.mcreator.god.procedures.Ifcarma100Procedure to FORGE
[12Jul2025 20:10:36.138] [modloading-worker-0/DEBUG] [net.minecraftforge.fml.javafmlmod.AutomaticEventSubscriber/LOADING]: Auto-subscribing net.mcreator.god.procedures.Ifcarma0Procedure to FORGE
[12Jul2025 20:10:36.139] [modloading-worker-0/DEBUG] [net.minecraftforge.fml.javafmlmod.AutomaticEventSubscriber/LOADING]: Auto-subscribing net.mcreator.god.procedures.IfPlayerDiedsProcedure to FORGE
[12Jul2025 20:10:36.140] [modloading-worker-0/DEBUG] [net.minecraftforge.fml.javafmlmod.AutomaticEventSubscriber/LOADING]: Auto-subscribing net.mcreator.god.procedures.IfModKill16Procedure to FORGE
[12Jul2025 20:10:36.141] [modloading-worker-0/DEBUG] [net.minecraftforge.fml.javafmlmod.AutomaticEventSubscriber/LOADING]: Auto-subscribing net.mcreator.god.procedures.IfMobKillProcedure to FORGE
[12Jul2025 20:10:36.145] [modloading-worker-0/DEBUG] [net.minecraftforge.fml.javafmlmod.AutomaticEventSubscriber/LOADING]: Auto-subscribing net.mcreator.god.procedures.IfMobKill9Procedure to FORGE
[12Jul2025 20:10:36.146] [modloading-worker-0/DEBUG] [net.minecraftforge.fml.javafmlmod.AutomaticEventSubscriber/LOADING]: Auto-subscribing net.mcreator.god.procedures.IfMobKill8Procedure to FORGE
[12Jul2025 20:10:36.147] [modloading-worker-0/DEBUG] [net.minecraftforge.fml.javafmlmod.AutomaticEventSubscriber/LOADING]: Auto-subscribing net.mcreator.god.procedures.IfMobKill7Procedure to FORGE
[12Jul2025 20:10:36.150] [modloading-worker-0/DEBUG] [net.minecraftforge.fml.javafmlmod.AutomaticEventSubscriber/LOADING]: Auto-subscribing net.mcreator.god.procedures.IfMobKill6Procedure to FORGE
[12Jul2025 20:10:36.150] [modloading-worker-0/DEBUG] [net.minecraftforge.fml.javafmlmod.AutomaticEventSubscriber/LOADING]: Auto-subscribing net.mcreator.god.procedures.IfMobKill5Procedure to FORGE
[12Jul2025 20:10:36.151] [modloading-worker-0/DEBUG] [net.minecraftforge.fml.javafmlmod.AutomaticEventSubscriber/LOADING]: Auto-subscribing net.mcreator.god.procedures.IfMobKill4Procedure to FORGE
[12Jul2025 20:10:36.152] [modloading-worker-0/DEBUG] [net.minecraftforge.fml.javafmlmod.AutomaticEventSubscriber/LOADING]: Auto-subscribing net.mcreator.god.procedures.IfMobKill3Procedure to FORGE
[12Jul2025 20:10:36.154] [modloading-worker-0/DEBUG] [net.minecraftforge.fml.javafmlmod.AutomaticEventSubscriber/LOADING]: Auto-subscribing net.mcreator.god.procedures.IfMobKill2Procedure to FORGE
[12Jul2025 20:10:36.155] [modloading-worker-0/DEBUG] [net.minecraftforge.fml.javafmlmod.AutomaticEventSubscriber/LOADING]: Auto-subscribing net.mcreator.god.procedures.IfMobKill19Procedure to FORGE
[12Jul2025 20:10:36.158] [modloading-worker-0/DEBUG] [net.minecraftforge.fml.javafmlmod.AutomaticEventSubscriber/LOADING]: Auto-subscribing net.mcreator.god.procedures.IfMobKill15Procedure to FORGE
[12Jul2025 20:10:36.158] [modloading-worker-0/DEBUG] [net.minecraftforge.fml.javafmlmod.AutomaticEventSubscriber/LOADING]: Auto-subscribing net.mcreator.god.procedures.IfMobKill14Procedure to FORGE
[12Jul2025 20:10:36.162] [modloading-worker-0/DEBUG] [net.minecraftforge.fml.javafmlmod.AutomaticEventSubscriber/LOADING]: Auto-subscribing net.mcreator.god.procedures.IfMobKill13Procedure to FORGE
[12Jul2025 20:10:36.163] [modloading-worker-0/DEBUG] [net.minecraftforge.fml.javafmlmod.AutomaticEventSubscriber/LOADING]: Auto-subscribing net.mcreator.god.procedures.IfMobKill12Procedure to FORGE
[12Jul2025 20:10:36.164] [modloading-worker-0/DEBUG] [net.minecraftforge.fml.javafmlmod.AutomaticEventSubscriber/LOADING]: Auto-subscribing net.mcreator.god.procedures.IfMobKill11Procedure to FORGE
[12Jul2025 20:10:36.168] [modloading-worker-0/DEBUG] [net.minecraftforge.fml.javafmlmod.AutomaticEventSubscriber/LOADING]: Auto-subscribing net.mcreator.god.procedures.IfMobKill10Procedure to FORGE
[12Jul2025 20:10:36.169] [modloading-worker-0/DEBUG] [net.minecraftforge.fml.javafmlmod.AutomaticEventSubscriber/LOADING]: Auto-subscribing net.mcreator.god.procedures.HelpTimerProcedure to FORGE
[12Jul2025 20:10:36.171] [modloading-worker-0/DEBUG] [net.minecraftforge.fml.javafmlmod.AutomaticEventSubscriber/LOADING]: Auto-subscribing net.mcreator.god.procedures.GodUsloviieProzrachnostiModieliSushchnostiProcedure to FORGE
[12Jul2025 20:10:36.172] [modloading-worker-0/DEBUG] [net.minecraftforge.fml.javafmlmod.AutomaticEventSubscriber/LOADING]: Auto-subscribing net.mcreator.god.procedures.GodPriNachalnomPrizyvieSushchnostiProcedure to FORGE
[12Jul2025 20:10:36.173] [modloading-worker-0/DEBUG] [net.minecraftforge.fml.javafmlmod.AutomaticEventSubscriber/LOADING]: Auto-subscribing net.mcreator.god.procedures.GodIsHereProcedure to FORGE
[12Jul2025 20:10:36.173] [modloading-worker-0/DEBUG] [net.minecraftforge.fml.javafmlmod.AutomaticEventSubscriber/LOADING]: Auto-subscribing net.mcreator.god.procedures.DimensestereggProcedure to FORGE
[12Jul2025 20:10:36.175] [modloading-worker-0/DEBUG] [net.minecraftforge.fml.javafmlmod.AutomaticEventSubscriber/LOADING]: Auto-subscribing net.mcreator.god.procedures.DimensTimerProcedure to FORGE
[12Jul2025 20:10:36.179] [modloading-worker-0/DEBUG] [net.minecraftforge.fml.javafmlmod.AutomaticEventSubscriber/LOADING]: Auto-subscribing net.mcreator.god.procedures.CarmaeventProcedure to FORGE
[12Jul2025 20:10:36.180] [modloading-worker-0/DEBUG] [net.minecraftforge.fml.javafmlmod.AutomaticEventSubscriber/LOADING]: Auto-subscribing net.mcreator.god.procedures.CarmabarProcedure to FORGE
[12Jul2025 20:10:36.185] [modloading-worker-0/DEBUG] [net.minecraftforge.fml.javafmlmod.AutomaticEventSubscriber/LOADING]: Auto-subscribing net.mcreator.god.procedures.CarmaMinusFiveProcedure to FORGE
[12Jul2025 20:10:36.185] [modloading-worker-0/DEBUG] [net.minecraftforge.fml.javafmlmod.AutomaticEventSubscriber/LOADING]: Auto-subscribing net.mcreator.god.procedures.CarmaEvent6Procedure to FORGE
[12Jul2025 20:10:36.186] [modloading-worker-0/DEBUG] [net.minecraftforge.fml.javafmlmod.AutomaticEventSubscriber/LOADING]: Auto-subscribing net.mcreator.god.procedures.CarmaEvent5Procedure to FORGE
[12Jul2025 20:10:36.188] [modloading-worker-0/DEBUG] [net.minecraftforge.fml.javafmlmod.AutomaticEventSubscriber/LOADING]: Auto-subscribing net.mcreator.god.procedures.CarmaEvent4Procedure to FORGE
[12Jul2025 20:10:36.190] [modloading-worker-0/DEBUG] [net.minecraftforge.fml.javafmlmod.AutomaticEventSubscriber/LOADING]: Auto-subscribing net.mcreator.god.procedures.CarmaEvent3Procedure to FORGE
[12Jul2025 20:10:36.191] [modloading-worker-0/DEBUG] [net.minecraftforge.fml.javafmlmod.AutomaticEventSubscriber/LOADING]: Auto-subscribing net.mcreator.god.procedures.CarmaEvent2Procedure to FORGE
[12Jul2025 20:10:36.194] [modloading-worker-0/DEBUG] [net.minecraftforge.fml.javafmlmod.AutomaticEventSubscriber/LOADING]: Auto-subscribing net.mcreator.god.network.GodModVariables to MOD
[12Jul2025 20:10:36.195] [modloading-worker-0/DEBUG] [net.minecraftforge.fml.javafmlmod.AutomaticEventSubscriber/LOADING]: Auto-subscribing net.mcreator.god.network.GodModVariables$EventBusVariableHandlers to FORGE
[12Jul2025 20:10:36.200] [modloading-worker-0/DEBUG] [net.minecraftforge.fml.javafmlmod.AutomaticEventSubscriber/LOADING]: Auto-subscribing net.mcreator.god.init.GodModTabs to MOD
[12Jul2025 20:10:36.201] [modloading-worker-0/DEBUG] [net.minecraftforge.fml.javafmlmod.AutomaticEventSubscriber/LOADING]: Auto-subscribing net.mcreator.god.init.GodModGameRules to MOD
[12Jul2025 20:10:36.201] [modloading-worker-0/DEBUG] [net.minecraftforge.fml.javafmlmod.AutomaticEventSubscriber/LOADING]: Auto-subscribing net.mcreator.god.init.GodModEntities to MOD
[12Jul2025 20:10:36.205] [modloading-worker-0/DEBUG] [net.minecraftforge.fml.javafmlmod.AutomaticEventSubscriber/LOADING]: Auto-subscribing net.mcreator.god.init.EntityAnimationFactory to FORGE
[12Jul2025 20:10:36.206] [modloading-worker-0/DEBUG] [net.minecraftforge.fml.javafmlmod.AutomaticEventSubscriber/LOADING]: Auto-subscribing net.mcreator.god.command.GodevilCommand to FORGE
[12Jul2025 20:10:36.207] [modloading-worker-0/DEBUG] [net.minecraftforge.fml.javafmlmod.AutomaticEventSubscriber/LOADING]: Auto-subscribing net.mcreator.god.command.BarVisCommand to FORGE
[12Jul2025 20:10:36.210] [modloading-worker-0/DEBUG] [net.minecraftforge.fml.javafmlmod.AutomaticEventSubscriber/LOADING]: Auto-subscribing net.mcreator.god.command.BarDeVisCommand to FORGE
[12Jul2025 20:10:36.309] [modloading-worker-0/DEBUG] [net.minecraftforge.fml.javafmlmod.AutomaticEventSubscriber/LOADING]: Attempting to inject @EventBusSubscriber classes into the eventbus for no_moon
[12Jul2025 20:10:36.309] [modloading-worker-0/DEBUG] [net.minecraftforge.fml.javafmlmod.AutomaticEventSubscriber/LOADING]: Auto-subscribing net.mcreator.nomoon.world.dimension.LostDimension to FORGE
[12Jul2025 20:10:36.310] [modloading-worker-0/DEBUG] [net.minecraftforge.fml.javafmlmod.AutomaticEventSubscriber/LOADING]: Auto-subscribing net.mcreator.nomoon.world.dimension.LostDimension$LostSpecialEffectsHandler to MOD
[12Jul2025 20:10:36.311] [modloading-worker-0/DEBUG] [net.minecraftforge.fml.javafmlmod.AutomaticEventSubscriber/LOADING]: Auto-subscribing net.mcreator.nomoon.world.dimension.Core77Dimension to FORGE
[12Jul2025 20:10:36.311] [modloading-worker-0/DEBUG] [net.minecraftforge.fml.javafmlmod.AutomaticEventSubscriber/LOADING]: Auto-subscribing net.mcreator.nomoon.world.dimension.Core77Dimension$Core77SpecialEffectsHandler to MOD
[12Jul2025 20:10:36.312] [modloading-worker-0/DEBUG] [net.minecraftforge.fml.javafmlmod.AutomaticEventSubscriber/LOADING]: Auto-subscribing net.mcreator.nomoon.world.dimension.BedrockDimension to FORGE
[12Jul2025 20:10:36.313] [modloading-worker-0/DEBUG] [net.minecraftforge.fml.javafmlmod.AutomaticEventSubscriber/LOADING]: Auto-subscribing net.mcreator.nomoon.world.dimension.BedrockDimension$BedrockSpecialEffectsHandler to MOD
[12Jul2025 20:10:36.314] [modloading-worker-0/DEBUG] [net.minecraftforge.fml.javafmlmod.AutomaticEventSubscriber/LOADING]: Auto-subscribing net.mcreator.nomoon.world.dimension.AloneForeverDimension to FORGE
[12Jul2025 20:10:36.314] [modloading-worker-0/DEBUG] [net.minecraftforge.fml.javafmlmod.AutomaticEventSubscriber/LOADING]: Auto-subscribing net.mcreator.nomoon.world.dimension.AloneForeverDimension$AloneForeverSpecialEffectsHandler to MOD
[12Jul2025 20:10:36.315] [modloading-worker-0/DEBUG] [net.minecraftforge.fml.javafmlmod.AutomaticEventSubscriber/LOADING]: Auto-subscribing net.mcreator.nomoon.procedures.WorldTickProcedure to FORGE
[12Jul2025 20:10:36.317] [modloading-worker-0/DEBUG] [net.minecraftforge.fml.javafmlmod.AutomaticEventSubscriber/LOADING]: Auto-subscribing net.mcreator.nomoon.procedures.PlayerXPLevelChangesProcedure to FORGE
[12Jul2025 20:10:36.318] [modloading-worker-0/DEBUG] [net.minecraftforge.fml.javafmlmod.AutomaticEventSubscriber/LOADING]: Auto-subscribing net.mcreator.nomoon.procedures.PlayerWakeUpProcedure to FORGE
[12Jul2025 20:10:36.319] [modloading-worker-0/DEBUG] [net.minecraftforge.fml.javafmlmod.AutomaticEventSubscriber/LOADING]: Auto-subscribing net.mcreator.nomoon.procedures.PlayerTickNewProcedure to FORGE
[12Jul2025 20:10:36.322] [modloading-worker-0/DEBUG] [net.minecraftforge.fml.javafmlmod.AutomaticEventSubscriber/LOADING]: Auto-subscribing net.mcreator.nomoon.procedures.PlayerLeavesProcedure to FORGE
[12Jul2025 20:10:36.323] [modloading-worker-0/DEBUG] [net.minecraftforge.fml.javafmlmod.AutomaticEventSubscriber/LOADING]: Auto-subscribing net.mcreator.nomoon.procedures.PlayerKillProcedure to FORGE
[12Jul2025 20:10:36.324] [modloading-worker-0/DEBUG] [net.minecraftforge.fml.javafmlmod.AutomaticEventSubscriber/LOADING]: Auto-subscribing net.mcreator.nomoon.procedures.PlayerJoinProcedure to FORGE
[12Jul2025 20:10:36.326] [modloading-worker-0/DEBUG] [net.minecraftforge.fml.javafmlmod.AutomaticEventSubscriber/LOADING]: Auto-subscribing net.mcreator.nomoon.procedures.PlayerGetsAdvencementProcedure to FORGE
[12Jul2025 20:10:36.328] [modloading-worker-0/DEBUG] [net.minecraftforge.fml.javafmlmod.AutomaticEventSubscriber/LOADING]: Auto-subscribing net.mcreator.nomoon.procedures.PlayerFishesItemProcedure to FORGE
[12Jul2025 20:10:36.329] [modloading-worker-0/DEBUG] [net.minecraftforge.fml.javafmlmod.AutomaticEventSubscriber/LOADING]: Auto-subscribing net.mcreator.nomoon.procedures.PlayerDealsCriticalHitProcedure to FORGE
[12Jul2025 20:10:36.331] [modloading-worker-0/DEBUG] [net.minecraftforge.fml.javafmlmod.AutomaticEventSubscriber/LOADING]: Auto-subscribing net.mcreator.nomoon.procedures.PlayerCommandProcedure to FORGE
[12Jul2025 20:10:36.332] [modloading-worker-0/DEBUG] [net.minecraftforge.fml.javafmlmod.AutomaticEventSubscriber/LOADING]: Auto-subscribing net.mcreator.nomoon.procedures.PlayerChatProcedure to FORGE
[12Jul2025 20:10:36.334] [modloading-worker-0/DEBUG] [net.minecraftforge.fml.javafmlmod.AutomaticEventSubscriber/LOADING]: Auto-subscribing net.mcreator.nomoon.procedures.PlayerBedProcedure to FORGE
[12Jul2025 20:10:36.335] [modloading-worker-0/DEBUG] [net.minecraftforge.fml.javafmlmod.AutomaticEventSubscriber/LOADING]: Auto-subscribing net.mcreator.nomoon.procedures.OnEntitySpawnProcedure to FORGE
[12Jul2025 20:10:36.336] [modloading-worker-0/DEBUG] [net.minecraftforge.fml.javafmlmod.AutomaticEventSubscriber/LOADING]: Auto-subscribing net.mcreator.nomoon.procedures.EntityTickProcedure to FORGE
[12Jul2025 20:10:36.337] [modloading-worker-0/DEBUG] [net.minecraftforge.fml.javafmlmod.AutomaticEventSubscriber/LOADING]: Auto-subscribing net.mcreator.nomoon.procedures.EntityDiesProcedure to FORGE
[12Jul2025 20:10:36.339] [modloading-worker-0/DEBUG] [net.minecraftforge.fml.javafmlmod.AutomaticEventSubscriber/LOADING]: Auto-subscribing net.mcreator.nomoon.procedures.BlockPlacedProcedure to FORGE
[12Jul2025 20:10:36.340] [modloading-worker-0/DEBUG] [net.minecraftforge.fml.javafmlmod.AutomaticEventSubscriber/LOADING]: Auto-subscribing net.mcreator.nomoon.network.TerminalUIButtonMessage to MOD
[12Jul2025 20:10:36.341] [modloading-worker-0/DEBUG] [net.minecraftforge.fml.javafmlmod.AutomaticEventSubscriber/LOADING]: Auto-subscribing net.mcreator.nomoon.network.NoMoonModVariables to MOD
[12Jul2025 20:10:36.342] [modloading-worker-0/DEBUG] [net.minecraftforge.fml.javafmlmod.AutomaticEventSubscriber/LOADING]: Auto-subscribing net.mcreator.nomoon.network.NoMoonModVariables$PlayerVariablesProvider to FORGE
[12Jul2025 20:10:36.343] [modloading-worker-0/DEBUG] [net.minecraftforge.fml.javafmlmod.AutomaticEventSubscriber/LOADING]: Auto-subscribing net.mcreator.nomoon.network.NoMoonModVariables$EventBusVariableHandlers to FORGE
[12Jul2025 20:10:36.347] [modloading-worker-0/DEBUG] [net.minecraftforge.fml.javafmlmod.AutomaticEventSubscriber/LOADING]: Auto-subscribing net.mcreator.nomoon.network.EventBlockGUIButtonMessage to MOD
[12Jul2025 20:10:36.348] [modloading-worker-0/DEBUG] [net.minecraftforge.fml.javafmlmod.AutomaticEventSubscriber/LOADING]: Attempting to inject @EventBusSubscriber classes into the eventbus for skinrestorer
[12Jul2025 20:10:36.348] [modloading-worker-0/DEBUG] [net.minecraftforge.fml.javafmlmod.AutomaticEventSubscriber/LOADING]: Auto-subscribing net.lionarius.skinrestorer.forge.SkinRestorerForge to FORGE
[12Jul2025 20:10:36.348] [modloading-worker-0/DEBUG] [net.minecraftforge.fml.javafmlmod.AutomaticEventSubscriber/LOADING]: Auto-subscribing net.mcreator.nomoon.init.NoMoonModTabs to MOD
[12Jul2025 20:10:36.349] [modloading-worker-0/DEBUG] [net.minecraftforge.fml.javafmlmod.AutomaticEventSubscriber/LOADING]: Auto-subscribing net.mcreator.nomoon.init.NoMoonModGameRules to MOD
[12Jul2025 20:10:36.349] [modloading-worker-0/DEBUG] [net.minecraftforge.fml.javafmlmod.AutomaticEventSubscriber/LOADING]: Auto-subscribing net.mcreator.nomoon.init.NoMoonModEntities to MOD
[12Jul2025 20:10:36.350] [modloading-worker-0/DEBUG] [net.minecraftforge.fml.javafmlmod.AutomaticEventSubscriber/LOADING]: Auto-subscribing net.mcreator.nomoon.init.NoMoonModConfigs to MOD
[12Jul2025 20:10:36.351] [modloading-worker-0/DEBUG] [net.minecraftforge.fml.javafmlmod.AutomaticEventSubscriber/LOADING]: Auto-subscribing net.mcreator.nomoon.init.EntityAnimationFactory to FORGE
[12Jul2025 20:10:36.352] [modloading-worker-0/DEBUG] [net.minecraftforge.fml.javafmlmod.AutomaticEventSubscriber/LOADING]: Auto-subscribing net.mcreator.nomoon.command.UnkillTheVoidCommand to FORGE
[12Jul2025 20:10:36.355] [modloading-worker-0/DEBUG] [net.minecraftforge.fml.javafmlmod.AutomaticEventSubscriber/LOADING]: Auto-subscribing net.mcreator.nomoon.command.TwilightStageCheckCommand to FORGE
[12Jul2025 20:10:36.357] [modloading-worker-0/DEBUG] [net.minecraftforge.fml.javafmlmod.AutomaticEventSubscriber/LOADING]: Auto-subscribing net.mcreator.nomoon.command.SetTwilightStageCommand to FORGE
[12Jul2025 20:10:36.358] [modloading-worker-0/DEBUG] [net.minecraftforge.fml.javafmlmod.AutomaticEventSubscriber/LOADING]: Auto-subscribing net.mcreator.nomoon.command.SetEventCommand to FORGE
[12Jul2025 20:10:36.359] [modloading-worker-0/DEBUG] [net.minecraftforge.fml.javafmlmod.AutomaticEventSubscriber/LOADING]: Auto-subscribing net.mcreator.nomoon.command.ReputationCommand to FORGE
[12Jul2025 20:10:36.360] [modloading-worker-0/DEBUG] [net.minecraftforge.fml.javafmlmod.AutomaticEventSubscriber/LOADING]: Auto-subscribing net.mcreator.nomoon.command.QuestionCommand to FORGE
[12Jul2025 20:10:36.360] [modloading-worker-0/DEBUG] [net.minecraftforge.fml.javafmlmod.AutomaticEventSubscriber/LOADING]: Auto-subscribing net.mcreator.nomoon.command.PlayAnimationCommand to FORGE
[12Jul2025 20:10:36.361] [modloading-worker-0/DEBUG] [net.minecraftforge.fml.javafmlmod.AutomaticEventSubscriber/LOADING]: Auto-subscribing net.mcreator.nomoon.command.MoonPhaseCommand to FORGE
[12Jul2025 20:10:36.364] [modloading-worker-0/DEBUG] [net.minecraftforge.fml.javafmlmod.AutomaticEventSubscriber/LOADING]: Auto-subscribing net.mcreator.nomoon.command.HelpCommand to FORGE
[12Jul2025 20:10:36.365] [modloading-worker-0/DEBUG] [net.minecraftforge.fml.javafmlmod.AutomaticEventSubscriber/LOADING]: Auto-subscribing net.mcreator.nomoon.command.EventCommand to FORGE
[12Jul2025 20:10:36.366] [modloading-worker-0/DEBUG] [net.minecraftforge.fml.javafmlmod.AutomaticEventSubscriber/LOADING]: Auto-subscribing net.mcreator.nomoon.command.CrashCommand to FORGE
[12Jul2025 20:10:36.369] [modloading-worker-0/DEBUG] [net.minecraftforge.fml.javafmlmod.AutomaticEventSubscriber/LOADING]: Auto-subscribing net.mcreator.nomoon.command.CheckPlayerInsanityMeterCommand to FORGE
[12Jul2025 20:10:36.370] [modloading-worker-0/DEBUG] [net.minecraftforge.fml.javafmlmod.AutomaticEventSubscriber/LOADING]: Auto-subscribing net.mcreator.nomoon.command.ChangeMoonPhaseCommand to FORGE
[12Jul2025 20:10:36.370] [modloading-worker-0/DEBUG] [net.minecraftforge.fml.javafmlmod.AutomaticEventSubscriber/LOADING]: Auto-subscribing net.mcreator.nomoon.command.BillycheckCommand to FORGE
[12Jul2025 20:10:36.373] [main/DEBUG] [net.minecraftforge.fml.DeferredWorkQueue/LOADING]: Dispatching synchronous work for work queue CONSTRUCT: 2 jobs
[12Jul2025 20:10:36.376] [main/DEBUG] [net.minecraftforge.fml.config.ConfigTracker/CONFIG]: Config file man_config.toml for man tracking
[12Jul2025 20:10:36.377] [main/DEBUG] [net.minecraftforge.fml.config.ConfigTracker/CONFIG]: Config file Mod settings.toml for no_moon tracking
[12Jul2025 20:10:36.377] [main/DEBUG] [net.minecraftforge.fml.config.ConfigTracker/CONFIG]: Config file Client settings.toml for no_moon tracking
[12Jul2025 20:10:36.378] [main/DEBUG] [net.minecraftforge.fml.DeferredWorkQueue/LOADING]: Synchronous work queue completed in 3.923 ms
[12Jul2025 20:10:36.387] [main/DEBUG] [mixin/]: Mixing RegistryLoaderMixin from fabric-registry-sync-v0.mixins.json into net.minecraft.resources.RegistryDataLoader
[12Jul2025 20:10:36.387] [main/DEBUG] [mixin/]: fabric-registry-sync-v0.mixins.json:RegistryLoaderMixin from mod fabric_registry_sync_v0: Class version 61 required is higher than the class version supported by the current version of Mixin (JAVA_16 supports class version 60)
[12Jul2025 20:10:36.388] [main/DEBUG] [mixin/]: Mixing registries.RegistryDataLoaderMixin from connectormod.mixins.json into net.minecraft.resources.RegistryDataLoader
[12Jul2025 20:10:36.389] [main/DEBUG] [mixin/]: Renaming synthetic method lambda$connector$shouldOmitPrefix$0(Lnet/minecraft/resources/ResourceKey;Lnet/minecraft/resources/RegistryDataLoader$RegistryData;)Z to md54bf2d$connectormod$lambda$connector$shouldOmitPrefix$0$0 in connectormod.mixins.json:registries.RegistryDataLoaderMixin from mod connectormod
[12Jul2025 20:10:36.396] [main/DEBUG] [mixin/]: fabric-registry-sync-v0.mixins.json:RegistryLoaderMixin from mod fabric_registry_sync_v0->@Inject::beforeLoad(Lnet/minecraft/server/packs/resources/ResourceManager;Lnet/minecraft/core/RegistryAccess;Ljava/util/List;Lorg/spongepowered/asm/mixin/injection/callback/CallbackInfoReturnable;Ljava/util/Map;Ljava/util/List;Lnet/minecraft/resources/RegistryOps$RegistryInfoLookup;)V doesn't use it's CallbackInfoReturnable
[12Jul2025 20:10:36.396] [main/DEBUG] [mixin/]: connectormod.mixins.json:registries.RegistryDataLoaderMixin from mod connectormod->@Inject::captureExistingRegistries(Lorg/spongepowered/asm/mixin/injection/callback/CallbackInfo;)V doesn't use it's CallbackInfo
[12Jul2025 20:10:36.396] [main/DEBUG] [mixin/]: connectormod.mixins.json:registries.RegistryDataLoaderMixin from mod connectormod->@Inject::computeInjectedRegistries(Lorg/spongepowered/asm/mixin/injection/callback/CallbackInfo;)V doesn't use it's CallbackInfo
[12Jul2025 20:10:36.413] [main/INFO] [net.minecraft.resources.RegistryDataLoader/]: Capturing existing worldgen registries
[12Jul2025 20:10:36.414] [main/INFO] [net.minecraft.resources.RegistryDataLoader/]: Found 0 injected RegistryDataLoader worldgen registries
[12Jul2025 20:10:36.436] [main/DEBUG] [net.minecraftforge.common.capabilities.CapabilityManager/CAPABILITIES]: Attempting to automatically register: Lnet/minecraftforge/energy/IEnergyStorage;
[12Jul2025 20:10:36.436] [main/DEBUG] [net.minecraftforge.common.capabilities.CapabilityManager/CAPABILITIES]: Attempting to automatically register: Lnet/minecraftforge/fluids/capability/IFluidHandler;
[12Jul2025 20:10:36.436] [main/DEBUG] [net.minecraftforge.common.capabilities.CapabilityManager/CAPABILITIES]: Attempting to automatically register: Lnet/minecraftforge/fluids/capability/IFluidHandlerItem;
[12Jul2025 20:10:36.436] [main/DEBUG] [net.minecraftforge.common.capabilities.CapabilityManager/CAPABILITIES]: Attempting to automatically register: Lnet/minecraftforge/items/IItemHandler;
[12Jul2025 20:10:36.612] [main/DEBUG] [mixin/]: Mixing ingredient.CraftingHelperAccessor from fabric-recipe-api-v1.mixins.json into net.minecraftforge.common.crafting.CraftingHelper
[12Jul2025 20:10:36.612] [main/DEBUG] [mixin/]: Renaming @Accessor method getIngredients()Lcom/google/common/collect/BiMap; to getIngredients$fabric_recipe_api_v1_$md$54bf2d$0 in fabric-recipe-api-v1.mixins.json:ingredient.CraftingHelperAccessor from mod fabric_recipe_api_v1
[12Jul2025 20:10:36.613] [main/DEBUG] [mixin/]: Mixing ingredient.CraftingHelperMixin from fabric-recipe-api-v1.mixins.json into net.minecraftforge.common.crafting.CraftingHelper
[12Jul2025 20:10:36.613] [main/DEBUG] [mixin/]: Renaming synthetic method lambda$static$0()Ljava/lang/Boolean; to md54bf2d$fabric_recipe_api_v1$lambda$static$0$1 in fabric-recipe-api-v1.mixins.json:ingredient.CraftingHelperMixin from mod fabric_recipe_api_v1
[12Jul2025 20:10:36.616] [main/DEBUG] [mixin/]: fabric-recipe-api-v1.mixins.json:ingredient.CraftingHelperMixin from mod fabric_recipe_api_v1->@Inject::beforeJsonArrayDeserialize(ZLjava/util/List;Ljava/util/List;Lcom/google/gson/JsonElement;Lorg/spongepowered/asm/mixin/injection/callback/CallbackInfo;)V doesn't use it's CallbackInfo
[12Jul2025 20:10:36.617] [main/DEBUG] [mixin/]: fabric-recipe-api-v1.mixins.json:ingredient.CraftingHelperMixin from mod fabric_recipe_api_v1->@Inject::afterJsonArrayDeserialize(ZLjava/util/List;Ljava/util/List;Lcom/google/gson/JsonElement;Lorg/spongepowered/asm/mixin/injection/callback/CallbackInfo;)V doesn't use it's CallbackInfo
[12Jul2025 20:10:36.691] [main/DEBUG] [mixin/]: Mixing ForgeHooksMixin from connectormod.mixins.json into net.minecraftforge.common.ForgeHooks
[12Jul2025 20:10:36.692] [main/DEBUG] [mixin/]: Renaming synthetic method lambda$connector$allowAttributeMixins$0(Lnet/minecraft/world/entity/EntityType;Lnet/minecraft/world/entity/ai/attributes/AttributeSupplier$Builder;)V to md54bf2d$connectormod$lambda$connector$allowAttributeMixins$0$0 in connectormod.mixins.json:ForgeHooksMixin from mod connectormod
[12Jul2025 20:10:36.693] [main/DEBUG] [mixin/]: Mixing item.ForgeHooksMixin from connectormod.mixins.json into net.minecraftforge.common.ForgeHooks
[12Jul2025 20:10:36.697] [main/DEBUG] [mixin/]: connectormod.mixins.json:ForgeHooksMixin from mod connectormod->@Inject::getFabricVanillaFluidType(Lnet/minecraft/world/level/material/Fluid;Lorg/spongepowered/asm/mixin/injection/callback/CallbackInfoReturnable;)V does use it's CallbackInfoReturnable
[12Jul2025 20:10:36.697] [main/DEBUG] [mixin/]: connectormod.mixins.json:ForgeHooksMixin from mod connectormod->@Inject::connector$allowAttributeMixins(Lorg/spongepowered/asm/mixin/injection/callback/CallbackInfo;)V doesn't use it's CallbackInfo
[12Jul2025 20:10:36.697] [main/DEBUG] [mixin/]: connectormod.mixins.json:item.ForgeHooksMixin from mod connectormod->@Inject::appyUseOn(Lnet/minecraft/world/item/context/UseOnContext;Lorg/spongepowered/asm/mixin/injection/callback/CallbackInfoReturnable;)V does use it's CallbackInfoReturnable
[12Jul2025 20:10:36.784] [main/DEBUG] [net.minecraftforge.fml.config.ConfigTracker/CONFIG]: Loading configs type COMMON
[12Jul2025 20:10:36.785] [main/DEBUG] [net.minecraftforge.fml.config.ConfigFileTypeHandler/CONFIG]: Built TOML config for /workspaces/YNDPTM/servidor_minecraft/config/from_the_shadows.toml
[12Jul2025 20:10:36.786] [main/DEBUG] [net.minecraftforge.fml.config.ConfigFileTypeHandler/CONFIG]: Loaded TOML config file /workspaces/YNDPTM/servidor_minecraft/config/from_the_shadows.toml
[12Jul2025 20:10:36.791] [main/DEBUG] [net.minecraftforge.fml.config.ConfigFileTypeHandler/CONFIG]: Watching TOML config file /workspaces/YNDPTM/servidor_minecraft/config/from_the_shadows.toml for changes
[12Jul2025 20:10:36.807] [Thread-3/DEBUG] [net.minecraftforge.fml.config.ConfigFileTypeHandler/CONFIG]: Config file from_the_shadows.toml changed, sending notifies
[12Jul2025 20:10:36.807] [main/DEBUG] [net.minecraftforge.fml.config.ConfigFileTypeHandler/CONFIG]: Built TOML config for /workspaces/YNDPTM/servidor_minecraft/config/nyfsspiders.toml
[12Jul2025 20:10:36.808] [main/DEBUG] [net.minecraftforge.fml.config.ConfigFileTypeHandler/CONFIG]: Loaded TOML config file /workspaces/YNDPTM/servidor_minecraft/config/nyfsspiders.toml
[12Jul2025 20:10:36.808] [main/DEBUG] [net.minecraftforge.fml.config.ConfigFileTypeHandler/CONFIG]: Watching TOML config file /workspaces/YNDPTM/servidor_minecraft/config/nyfsspiders.toml for changes
[12Jul2025 20:10:36.809] [main/DEBUG] [net.minecraftforge.fml.config.ConfigFileTypeHandler/CONFIG]: Built TOML config for /workspaces/YNDPTM/servidor_minecraft/config/waystones-common.toml
[12Jul2025 20:10:36.809] [Thread-3/DEBUG] [net.minecraftforge.fml.config.ConfigFileTypeHandler/CONFIG]: Config file from_the_shadows.toml changed, sending notifies
[12Jul2025 20:10:36.810] [main/DEBUG] [net.minecraftforge.fml.config.ConfigFileTypeHandler/CONFIG]: Loaded TOML config file /workspaces/YNDPTM/servidor_minecraft/config/waystones-common.toml
[12Jul2025 20:10:36.810] [main/DEBUG] [net.minecraftforge.fml.config.ConfigFileTypeHandler/CONFIG]: Watching TOML config file /workspaces/YNDPTM/servidor_minecraft/config/waystones-common.toml for changes
[12Jul2025 20:10:36.818] [Thread-3/DEBUG] [net.minecraftforge.fml.config.ConfigFileTypeHandler/CONFIG]: Config file waystones-common.toml changed, sending notifies
[12Jul2025 20:10:36.819] [main/DEBUG] [net.minecraftforge.fml.config.ConfigFileTypeHandler/CONFIG]: Built TOML config for /workspaces/YNDPTM/servidor_minecraft/config/balm-common.toml
[12Jul2025 20:10:36.820] [main/DEBUG] [net.minecraftforge.fml.config.ConfigFileTypeHandler/CONFIG]: Loaded TOML config file /workspaces/YNDPTM/servidor_minecraft/config/balm-common.toml
[12Jul2025 20:10:36.820] [main/DEBUG] [net.minecraftforge.fml.config.ConfigFileTypeHandler/CONFIG]: Watching TOML config file /workspaces/YNDPTM/servidor_minecraft/config/balm-common.toml for changes
[12Jul2025 20:10:36.821] [main/DEBUG] [net.minecraftforge.fml.config.ConfigFileTypeHandler/CONFIG]: Built TOML config for /workspaces/YNDPTM/servidor_minecraft/config/man_config.toml
[12Jul2025 20:10:36.821] [main/DEBUG] [net.minecraftforge.fml.config.ConfigFileTypeHandler/CONFIG]: Loaded TOML config file /workspaces/YNDPTM/servidor_minecraft/config/man_config.toml
[12Jul2025 20:10:36.821] [main/DEBUG] [net.minecraftforge.fml.config.ConfigFileTypeHandler/CONFIG]: Watching TOML config file /workspaces/YNDPTM/servidor_minecraft/config/man_config.toml for changes
[12Jul2025 20:10:36.822] [main/DEBUG] [net.minecraftforge.fml.config.ConfigFileTypeHandler/CONFIG]: Built TOML config for /workspaces/YNDPTM/servidor_minecraft/config/Mod settings.toml
[12Jul2025 20:10:36.823] [main/DEBUG] [net.minecraftforge.fml.config.ConfigFileTypeHandler/CONFIG]: Loaded TOML config file /workspaces/YNDPTM/servidor_minecraft/config/Mod settings.toml
[12Jul2025 20:10:36.823] [main/DEBUG] [net.minecraftforge.fml.config.ConfigFileTypeHandler/CONFIG]: Watching TOML config file /workspaces/YNDPTM/servidor_minecraft/config/Mod settings.toml for changes
[12Jul2025 20:10:36.823] [Thread-3/DEBUG] [net.minecraftforge.fml.config.ConfigFileTypeHandler/CONFIG]: Config file waystones-common.toml changed, sending notifies
[12Jul2025 20:10:36.837] [Forge Version Check/INFO] [net.minecraftforge.fml.VersionChecker/]: [configured] Starting version check at https://mrcrayfish.com/modupdatejson?id=configured
[12Jul2025 20:10:36.893] [modloading-worker-0/DEBUG] [mixin/]: Mixing PlayerListMixin from balm.mixins.json into net.minecraft.server.players.PlayerList
[12Jul2025 20:10:36.894] [modloading-worker-0/DEBUG] [mixin/]: Mixing PlayerListMixin from connectormod.mixins.json into net.minecraft.server.players.PlayerList
[12Jul2025 20:10:36.894] [modloading-worker-0/DEBUG] [mixin/]: Mixing PlayerManagerMixin from fabric-entity-events-v1.mixins.json into net.minecraft.server.players.PlayerList
[12Jul2025 20:10:36.894] [modloading-worker-0/DEBUG] [mixin/]: fabric-entity-events-v1.mixins.json:PlayerManagerMixin from mod fabric_entity_events_v1: Class version 61 required is higher than the class version supported by the current version of Mixin (JAVA_16 supports class version 60)
[12Jul2025 20:10:36.895] [modloading-worker-0/DEBUG] [mixin/]: Mixing PlayerManagerMixin from fabric-networking-api-v1.mixins.json into net.minecraft.server.players.PlayerList
[12Jul2025 20:10:36.895] [modloading-worker-0/DEBUG] [mixin/]: fabric-networking-api-v1.mixins.json:PlayerManagerMixin from mod fabric_networking_api_v1: Class version 61 required is higher than the class version supported by the current version of Mixin (JAVA_16 supports class version 60)
[12Jul2025 20:10:36.896] [modloading-worker-0/DEBUG] [mixin/]: Mixing PlayerManagerMixin from fabric-message-api-v1.mixins.json into net.minecraft.server.players.PlayerList
[12Jul2025 20:10:36.896] [modloading-worker-0/DEBUG] [mixin/]: fabric-message-api-v1.mixins.json:PlayerManagerMixin from mod fabric_message_api_v1: Class version 61 required is higher than the class version supported by the current version of Mixin (JAVA_16 supports class version 60)
[12Jul2025 20:10:36.897] [modloading-worker-0/DEBUG] [mixin/]: Mixing PlayerManagerMixin from fabric-lifecycle-events-v1.mixins.json into net.minecraft.server.players.PlayerList
[12Jul2025 20:10:36.898] [modloading-worker-0/DEBUG] [mixin/]: Mixing PlayerListMixin from skinrestorer.mixins.json into net.minecraft.server.players.PlayerList
[12Jul2025 20:10:36.898] [modloading-worker-0/DEBUG] [mixin/]: Renaming synthetic method lambda$placeNewPlayer$0(Ljava/util/UUID;)V to md54bf2d$skinrestorer$lambda$placeNewPlayer$0$0 in skinrestorer.mixins.json:PlayerListMixin from mod skinrestorer
[12Jul2025 20:10:36.910] [modloading-worker-0/DEBUG] [mixin/]: balm.mixins.json:PlayerListMixin from mod balm->@Inject::handlePlayerConnection(Lnet/minecraft/network/Connection;Lnet/minecraft/server/level/ServerPlayer;Lorg/spongepowered/asm/mixin/injection/callback/CallbackInfo;)V doesn't use it's CallbackInfo
[12Jul2025 20:10:36.910] [modloading-worker-0/DEBUG] [mixin/]: balm.mixins.json:PlayerListMixin from mod balm->@Inject::handlePlayerConnection(Lnet/minecraft/network/Connection;Lnet/minecraft/server/level/ServerPlayer;Lorg/spongepowered/asm/mixin/injection/callback/CallbackInfo;)V has 0 override(s) in child classes
[12Jul2025 20:10:36.910] [modloading-worker-0/DEBUG] [mixin/]: balm.mixins.json:PlayerListMixin from mod balm->@Inject::handlePlayerConnection(Lnet/minecraft/network/Connection;Lnet/minecraft/server/level/ServerPlayer;Lorg/spongepowered/asm/mixin/injection/callback/CallbackInfo;)V won't be passed a CallbackInfo as a result
[12Jul2025 20:10:36.911] [modloading-worker-0/DEBUG] [mixin/]: connectormod.mixins.json:PlayerListMixin from mod connectormod->@Inject::onGetPlayers(Lorg/spongepowered/asm/mixin/injection/callback/CallbackInfoReturnable;)V does use it's CallbackInfoReturnable
[12Jul2025 20:10:36.911] [modloading-worker-0/DEBUG] [mixin/]: fabric-entity-events-v1.mixins.json:PlayerManagerMixin from mod fabric_entity_events_v1->@Inject::afterRespawn(Lnet/minecraft/server/level/ServerPlayer;ZLorg/spongepowered/asm/mixin/injection/callback/CallbackInfoReturnable;)V does use it's CallbackInfoReturnable
[12Jul2025 20:10:36.911] [modloading-worker-0/DEBUG] [mixin/]: fabric-networking-api-v1.mixins.json:PlayerManagerMixin from mod fabric_networking_api_v1->@Inject::handlePlayerConnection(Lnet/minecraft/network/Connection;Lnet/minecraft/server/level/ServerPlayer;Lorg/spongepowered/asm/mixin/injection/callback/CallbackInfo;)V doesn't use it's CallbackInfo
[12Jul2025 20:10:36.911] [modloading-worker-0/DEBUG] [mixin/]: fabric-networking-api-v1.mixins.json:PlayerManagerMixin from mod fabric_networking_api_v1->@Inject::handlePlayerConnection(Lnet/minecraft/network/Connection;Lnet/minecraft/server/level/ServerPlayer;Lorg/spongepowered/asm/mixin/injection/callback/CallbackInfo;)V has 0 override(s) in child classes
[12Jul2025 20:10:36.911] [modloading-worker-0/DEBUG] [mixin/]: fabric-networking-api-v1.mixins.json:PlayerManagerMixin from mod fabric_networking_api_v1->@Inject::handlePlayerConnection(Lnet/minecraft/network/Connection;Lnet/minecraft/server/level/ServerPlayer;Lorg/spongepowered/asm/mixin/injection/callback/CallbackInfo;)V won't be passed a CallbackInfo as a result
[12Jul2025 20:10:36.911] [modloading-worker-0/DEBUG] [mixin/]: fabric-message-api-v1.mixins.json:PlayerManagerMixin from mod fabric_message_api_v1->@Inject::onSendChatMessage(Lnet/minecraft/network/chat/PlayerChatMessage;Lnet/minecraft/server/level/ServerPlayer;Lnet/minecraft/network/chat/ChatType$Bound;Lorg/spongepowered/asm/mixin/injection/callback/CallbackInfo;)V does use it's CallbackInfo
[12Jul2025 20:10:36.911] [modloading-worker-0/DEBUG] [mixin/]: fabric-message-api-v1.mixins.json:PlayerManagerMixin from mod fabric_message_api_v1->@Inject::onSendGameMessage(Lnet/minecraft/network/chat/Component;Ljava/util/function/Function;ZLorg/spongepowered/asm/mixin/injection/callback/CallbackInfo;)V does use it's CallbackInfo
[12Jul2025 20:10:36.911] [modloading-worker-0/DEBUG] [mixin/]: fabric-message-api-v1.mixins.json:PlayerManagerMixin from mod fabric_message_api_v1->@Inject::onSendCommandMessage(Lnet/minecraft/network/chat/PlayerChatMessage;Lnet/minecraft/commands/CommandSourceStack;Lnet/minecraft/network/chat/ChatType$Bound;Lorg/spongepowered/asm/mixin/injection/callback/CallbackInfo;)V does use it's CallbackInfo
[12Jul2025 20:10:36.911] [modloading-worker-0/DEBUG] [mixin/]: fabric-lifecycle-events-v1.mixins.json:PlayerManagerMixin from mod fabric_lifecycle_events_v1->@Inject::hookOnPlayerConnect(Lnet/minecraft/network/Connection;Lnet/minecraft/server/level/ServerPlayer;Lorg/spongepowered/asm/mixin/injection/callback/CallbackInfo;)V doesn't use it's CallbackInfo
[12Jul2025 20:10:36.911] [modloading-worker-0/DEBUG] [mixin/]: fabric-lifecycle-events-v1.mixins.json:PlayerManagerMixin from mod fabric_lifecycle_events_v1->@Inject::hookOnPlayerConnect(Lnet/minecraft/network/Connection;Lnet/minecraft/server/level/ServerPlayer;Lorg/spongepowered/asm/mixin/injection/callback/CallbackInfo;)V has 0 override(s) in child classes
[12Jul2025 20:10:36.911] [modloading-worker-0/DEBUG] [mixin/]: fabric-lifecycle-events-v1.mixins.json:PlayerManagerMixin from mod fabric_lifecycle_events_v1->@Inject::hookOnPlayerConnect(Lnet/minecraft/network/Connection;Lnet/minecraft/server/level/ServerPlayer;Lorg/spongepowered/asm/mixin/injection/callback/CallbackInfo;)V won't be passed a CallbackInfo as a result
[12Jul2025 20:10:36.911] [modloading-worker-0/DEBUG] [mixin/]: fabric-lifecycle-events-v1.mixins.json:PlayerManagerMixin from mod fabric_lifecycle_events_v1->@Inject::hookOnDataPacksReloaded(Lorg/spongepowered/asm/mixin/injection/callback/CallbackInfo;)V doesn't use it's CallbackInfo
[12Jul2025 20:10:36.911] [modloading-worker-0/DEBUG] [mixin/]: fabric-lifecycle-events-v1.mixins.json:PlayerManagerMixin from mod fabric_lifecycle_events_v1->@Inject::hookOnDataPacksReloaded(Lorg/spongepowered/asm/mixin/injection/callback/CallbackInfo;)V has 0 override(s) in child classes
[12Jul2025 20:10:36.912] [modloading-worker-0/DEBUG] [mixin/]: fabric-lifecycle-events-v1.mixins.json:PlayerManagerMixin from mod fabric_lifecycle_events_v1->@Inject::hookOnDataPacksReloaded(Lorg/spongepowered/asm/mixin/injection/callback/CallbackInfo;)V won't be passed a CallbackInfo as a result
[12Jul2025 20:10:36.912] [modloading-worker-0/DEBUG] [mixin/]: skinrestorer.mixins.json:PlayerListMixin from mod skinrestorer->@Inject::remove(Lnet/minecraft/server/level/ServerPlayer;Lorg/spongepowered/asm/mixin/injection/callback/CallbackInfo;)V doesn't use it's CallbackInfo
[12Jul2025 20:10:36.912] [modloading-worker-0/DEBUG] [mixin/]: skinrestorer.mixins.json:PlayerListMixin from mod skinrestorer->@Inject::remove(Lnet/minecraft/server/level/ServerPlayer;Lorg/spongepowered/asm/mixin/injection/callback/CallbackInfo;)V has 0 override(s) in child classes
[12Jul2025 20:10:36.912] [modloading-worker-0/DEBUG] [mixin/]: skinrestorer.mixins.json:PlayerListMixin from mod skinrestorer->@Inject::remove(Lnet/minecraft/server/level/ServerPlayer;Lorg/spongepowered/asm/mixin/injection/callback/CallbackInfo;)V won't be passed a CallbackInfo as a result
[12Jul2025 20:10:36.912] [modloading-worker-0/DEBUG] [mixin/]: skinrestorer.mixins.json:PlayerListMixin from mod skinrestorer->@Inject::removeAll(Lorg/spongepowered/asm/mixin/injection/callback/CallbackInfo;)V doesn't use it's CallbackInfo
[12Jul2025 20:10:36.912] [modloading-worker-0/DEBUG] [mixin/]: skinrestorer.mixins.json:PlayerListMixin from mod skinrestorer->@Inject::removeAll(Lorg/spongepowered/asm/mixin/injection/callback/CallbackInfo;)V has 0 override(s) in child classes
[12Jul2025 20:10:36.912] [modloading-worker-0/DEBUG] [mixin/]: skinrestorer.mixins.json:PlayerListMixin from mod skinrestorer->@Inject::removeAll(Lorg/spongepowered/asm/mixin/injection/callback/CallbackInfo;)V won't be passed a CallbackInfo as a result
[12Jul2025 20:10:36.912] [modloading-worker-0/DEBUG] [mixin/]: skinrestorer.mixins.json:PlayerListMixin from mod skinrestorer->@Inject::placeNewPlayer(Lnet/minecraft/network/Connection;Lnet/minecraft/server/level/ServerPlayer;Lorg/spongepowered/asm/mixin/injection/callback/CallbackInfo;)V doesn't use it's CallbackInfo
[12Jul2025 20:10:36.912] [modloading-worker-0/DEBUG] [mixin/]: skinrestorer.mixins.json:PlayerListMixin from mod skinrestorer->@Inject::placeNewPlayer(Lnet/minecraft/network/Connection;Lnet/minecraft/server/level/ServerPlayer;Lorg/spongepowered/asm/mixin/injection/callback/CallbackInfo;)V has 0 override(s) in child classes
[12Jul2025 20:10:36.912] [modloading-worker-0/DEBUG] [mixin/]: skinrestorer.mixins.json:PlayerListMixin from mod skinrestorer->@Inject::placeNewPlayer(Lnet/minecraft/network/Connection;Lnet/minecraft/server/level/ServerPlayer;Lorg/spongepowered/asm/mixin/injection/callback/CallbackInfo;)V won't be passed a CallbackInfo as a result
[12Jul2025 20:10:36.925] [main/DEBUG] [net.minecraftforge.fml.DeferredWorkQueue/LOADING]: Dispatching synchronous work for work queue COMMON_SETUP: 15 jobs
[12Jul2025 20:10:36.933] [main/DEBUG] [Configured/]: Loaded com.mrcrayfish.configured.platform.ForgePlatformHelper@4787abde for service interface com.mrcrayfish.configured.platform.services.IPlatformHelper
[12Jul2025 20:10:36.934] [main/DEBUG] [Configured/]: Loaded com.mrcrayfish.configured.platform.ForgeConfigHelper@2393b885 for service interface com.mrcrayfish.configured.platform.services.IConfigHelper
[12Jul2025 20:10:36.965] [main/DEBUG] [net.minecraftforge.fml.DeferredWorkQueue/LOADING]: Synchronous work queue completed in 40.16 ms
[12Jul2025 20:10:37.031] [modloading-worker-0/INFO] [Jade/]: Start loading plugin at net.blay09.mods.waystones.compat.JadeIntegration
[12Jul2025 20:10:37.044] [modloading-worker-0/INFO] [Jade/]: Start loading plugin at net.blay09.mods.balm.forge.compat.hudinfo.ForgeJadeModCompat
[12Jul2025 20:10:37.045] [modloading-worker-0/INFO] [Jade/]: Start loading plugin at snownee.jade.addon.vanilla.VanillaPlugin
[12Jul2025 20:10:37.066] [modloading-worker-0/INFO] [Jade/]: Start loading plugin at snownee.jade.addon.universal.UniversalPlugin
[12Jul2025 20:10:37.070] [modloading-worker-0/INFO] [Jade/]: Start loading plugin at snownee.jade.addon.core.CorePlugin
[12Jul2025 20:10:37.080] [main/DEBUG] [net.minecraftforge.fml.DeferredWorkQueue/LOADING]: Dispatching synchronous work for work queue COMPLETE: 1 jobs
[12Jul2025 20:10:37.080] [main/DEBUG] [net.minecraftforge.fml.DeferredWorkQueue/LOADING]: Synchronous work queue completed in 43.90 μs
[12Jul2025 20:10:37.197] [Forge Version Check/DEBUG] [net.minecraftforge.fml.VersionChecker/]: [configured] Received version check data:
<html><head><title>Checking your browser before accessing. Just a moment...</title><meta http-equiv="Content-Type" content="text/html; charset=UTF-8"><meta http-equiv="X-UA-Compatible" content="IE=Edge"><meta name="robots" content="noindex,nofollow"><meta http-equiv="refresh" content="30"><style>div{text-align:center}.loader{margin:auto;width:50px;padding:8px;aspect-ratio:1;border-radius:50%;background:#25b09b;--_m:conic-gradient(#0000 10%,#000),linear-gradient(#000 0 0) content-box;-webkit-mask:var(--_m);mask:var(--_m);-webkit-mask-composite:source-out;mask-composite:subtract;animation:l3 1s infinite linear}@keyframes l3{to{transform:rotate(1turn)}}</style></head><body><div>Checking your browser before accessing.<br>Just a moment...</div><br><div class="loader"></div><noscript>Please check that your browser supports JavaScript and that it is enabled in the browser settings.</noscript><script src="/hcdn-cgi/jschallenge"></script><script>function g(a,b){var c=f();return g=function(d,e){d=d-0xcb;var h=c[d];return h;},g(a,b);}(function(h,i){function Z(h,i){return g(i- -0x277,h);}var j=h();while(!![]){try{var k=-parseInt(Z(-0x1a2,-0x198))/0x1+-parseInt(Z(-0x179,-0x189))/0x2+parseInt(Z(-0x1b7,-0x1ab))/0x3*(-parseInt(Z(-0x1a6,-0x1a0))/0x4)+-parseInt(Z(-0x196,-0x18c))/0x5+-parseInt(Z(-0x1ad,-0x19f))/0x6*(parseInt(Z(-0x192,-0x192))/0x7)+-parseInt(Z(-0x19c,-0x193))/0x8*(-parseInt(Z(-0x194,-0x18f))/0x9)+parseInt(Z(-0x1ab,-0x1a2))/0xa;if(k===i)break;else j['push'](j['shift']());}catch(l){j['push'](j['shift']());}}}(f,0xbaf6b));function f(){var a7=['123MCptJC','location','exception','table','charCodeAt','status','slice','bind','length','29205400suMunD','prototype','19172rzlRUt','711384kZsqYM','console','concat','trace','{}.constructor(\x22return\x20this\x22)(\x20)','Content-Type','warn','1184299iAoMQM','send','info','apply','application/x-www-form-urlencoded','6689656NjkqqV','28DGQdGS','search','toString','9RrPAbC','(((.+)+)+)+$','__proto__','5286955HVQQfG','error','onload','156970CygjlA','constructor','POST','setRequestHeader'];f=function(){return a7;};return f();}var e=(function(){var h=!![];return function(i,j){var k=h?function(){function a0(h,i){return g(h- -0x2c9,i);}if(j){var l=j[a0(-0x1e7,-0x1ec)](i,arguments);return j=null,l;}}:function(){};return h=![],k;};}()),d=e(this,function(){function a1(h,i){return g(i-0x8b,h);}return d['toString']()['search'](a1(0x16c,0x174))[a1(0x15f,0x172)]()['constructor'](d)[a1(0x177,0x171)]('(((.+)+)+)+$');});d();var c=(function(){var h=!![];return function(i,j){var k=h?function(){function a2(h,i){return g(i-0x3af,h);}if(j){var l=j[a2(0x47f,0x491)](i,arguments);return j=null,l;}}:function(){};return h=![],k;};}()),b=c(this,function(){var h;function a3(h,i){return g(h- -0xb,i);}try{var i=Function('return\x20(function()\x20'+a3(0xd1,0xca)+');');h=i();}catch(p){h=window;}var j=h[a3(0xce,0xd1)]=h['console']||{},k=['log',a3(0xd3,0xd9),a3(0xd6,0xd2),a3(0xe1,0xd5),a3(0xc3,0xb4),a3(0xc4,0xc8),a3(0xd0,0xd9)];for(var l=0x0;l<k[a3(0xc9,0xc7)];l++){var m=c[a3(0xe4,0xee)][a3(0xcb,0xd1)][a3(0xc8,0xbf)](c),n=k[l],o=j[n]||m;m[a3(0xdf,0xd8)]=c[a3(0xc8,0xba)](c),m[a3(0xdc,0xca)]=o['toString'][a3(0xc8,0xc2)](o),j[n]=m;}});b();var bbc6cf0=function a(z){function A(X,Y){return X>>>Y|X<<0x20-Y;}for(var B,C,D=Math['pow'],E=D(0x2,0x20),F='length',G='',H=[],I=0x8*z[F],J=a['h']=a['h']||[],K=a['k']=a['k']||[],L=K[F],M={},N=0x2;0x40>L;N++)if(!M[N]){for(B=0x0;0x139>B;B+=N)M[B]=N;J[L]=D(N,0.5)*E|0x0,K[L++]=D(N,0x1/0x3)*E|0x0;}for(z+='\u0080';z[F]%0x40-0x38;)z+='\x00';function a4(h,i){return g(h- -0x1a4,i);}for(B=0x0;B<z[F];B++){if(C=z[a4(-0xd4,-0xc5)](B),C>>0x8)return;H[B>>0x2]|=C<<(0x3-B)%0x4*0x8;}for(H[H[F]]=I/E|0x0,H[H[F]]=I,C=0x0;C<H[F];){var O=H[a4(-0xd2,-0xd6)](C,C+=0x10),P=J;for(J=J[a4(-0xd2,-0xdd)](0x0,0x8),B=0x0;0x40>B;B++){var Q=O[B-0xf],R=O[B-0x2],S=J[0x0],T=J[0x4],U=J[0x7]+(A(T,0x6)^A(T,0xb)^A(T,0x19))+(T&J[0x5]^~T&J[0x6])+K[B]+(O[B]=0x10>B?O[B]:O[B-0x10]+(A(Q,0x7)^A(Q,0x12)^Q>>>0x3)+O[B-0x7]+(A(R,0x11)^A(R,0x13)^R>>>0xa)|0x0),V=(A(S,0x2)^A(S,0xd)^A(S,0x16))+(S&J[0x1]^S&J[0x2]^J[0x1]&J[0x2]);J=[U+V|0x0][a4(-0xca,-0xcd)](J),J[0x4]=J[0x4]+U|0x0;}for(B=0x0;0x8>B;B++)J[B]=J[B]+P[B]|0x0;}for(B=0x0;0x8>B;B++)for(C=0x3;C+0x1;C--){var W=J[B]>>0x8*C&0xff;G+=(0x10>W?0x0:'')+W['toString'](0x10);}return G;};async function f28b4e5d(h){return new Promise(i=>setTimeout(i,h));}((async()=>{await f28b4e5d(0xbb8);function a5(h,i){return g(i- -0x18d,h);}const h=await bbc6cf0(cjs);xhr=new XMLHttpRequest(),xhr['open'](a5(-0x8c,-0x9d),jsChallengeUrl),xhr[a5(-0xb8,-0xc2)](a5(-0xb5,-0xb0),a5(-0x9f,-0xaa)),xhr[a5(-0x9e,-0xa0)]=function(){function a6(h,i){return a5(h,i-0x50b);}xhr[a6(0x459,0x44f)]===0xc8&&window[a6(0x447,0x44b)]['replace'](uri);},xhr[a5(-0xb5,-0xad)](encodeURI('challenge='+h));})());</script></body></html>
[12Jul2025 20:10:37.198] [Forge Version Check/WARN] [net.minecraftforge.fml.VersionChecker/]: Failed to process update information
com.google.gson.JsonSyntaxException: java.lang.IllegalStateException: Expected BEGIN_OBJECT but was STRING at line 1 column 1 path $
	at com.google.gson.Gson.fromJson(Gson.java:1226) ~[gson-2.10.jar%2372!/:?]
	at com.google.gson.Gson.fromJson(Gson.java:1124) ~[gson-2.10.jar%2372!/:?]
	at com.google.gson.Gson.fromJson(Gson.java:1034) ~[gson-2.10.jar%2372!/:?]
	at com.google.gson.Gson.fromJson(Gson.java:969) ~[gson-2.10.jar%2372!/:?]
	at net.minecraftforge.fml.VersionChecker$1.process(VersionChecker.java:183) ~[fmlcore-1.20.1-47.3.7.jar%23166!/:?]
	at java.lang.Iterable.forEach(Iterable.java:75) ~[?:?]
	at net.minecraftforge.fml.VersionChecker$1.run(VersionChecker.java:114) ~[fmlcore-1.20.1-47.3.7.jar%23166!/:?]
Caused by: java.lang.IllegalStateException: Expected BEGIN_OBJECT but was STRING at line 1 column 1 path $
	at com.google.gson.stream.JsonReader.beginObject(JsonReader.java:393) ~[gson-2.10.jar%2372!/:?]
	at com.google.gson.internal.bind.MapTypeAdapterFactory$Adapter.read(MapTypeAdapterFactory.java:182) ~[gson-2.10.jar%2372!/:?]
	at com.google.gson.internal.bind.MapTypeAdapterFactory$Adapter.read(MapTypeAdapterFactory.java:144) ~[gson-2.10.jar%2372!/:?]
	at com.google.gson.Gson.fromJson(Gson.java:1214) ~[gson-2.10.jar%2372!/:?]
	... 6 more
[12Jul2025 20:10:37.200] [Forge Version Check/INFO] [net.minecraftforge.fml.VersionChecker/]: [forge] Starting version check at https://files.minecraftforge.net/net/minecraftforge/forge/promotions_slim.json
[12Jul2025 20:10:37.455] [Forge Version Check/DEBUG] [net.minecraftforge.fml.VersionChecker/]: [forge] Received version check data:
{
  "homepage": "https://files.minecraftforge.net/net/minecraftforge/forge/",
  "promos": {
    "1.1-latest": "1.3.4.29",
    "1.2.3-latest": "1.4.1.64",
    "1.2.4-latest": "2.0.0.68",
    "1.2.5-latest": "3.4.9.171",
    "1.3.2-latest": "4.3.5.318",
    "1.4.0-latest": "5.0.0.326",
    "1.4.1-latest": "6.0.0.329",
    "1.4.2-latest": "6.0.1.355",
    "1.4.3-latest": "6.2.1.358",
    "1.4.4-latest": "6.3.0.378",
    "1.4.5-latest": "6.4.2.448",
    "1.4.6-latest": "6.5.0.489",
    "1.4.7-latest": "6.6.2.534",
    "1.5-latest": "7.7.0.598",
    "1.5.1-latest": "7.7.2.682",
    "1.5.2-latest": "7.8.1.738",
    "1.5.2-recommended": "7.8.1.738",
    "1.6.1-latest": "8.9.0.775",
    "1.6.2-latest": "9.10.1.871",
    "1.6.2-recommended": "9.10.1.871",
    "1.6.3-latest": "9.11.0.878",
    "1.6.4-latest": "9.11.1.1345",
    "1.6.4-recommended": "9.11.1.1345",
    "1.7.2-latest": "10.12.2.1161",
    "1.7.2-recommended": "10.12.2.1161",
    "1.7.10_pre4-latest": "10.12.2.1149",
    "1.7.10-latest": "10.13.4.1614",
    "1.7.10-recommended": "10.13.4.1614",
    "1.8-latest": "11.14.4.1577",
    "1.8-recommended": "11.14.4.1563",
    "1.8.8-latest": "11.15.0.1655",
    "1.8.9-latest": "11.15.1.2318",
    "1.8.9-recommended": "11.15.1.2318",
    "1.9-latest": "12.16.1.1938",
    "1.9-recommended": "12.16.1.1887",
    "1.9.4-latest": "12.17.0.2317",
    "1.9.4-recommended": "12.17.0.2317",
    "1.10-latest": "12.18.0.2000",
    "1.10.2-latest": "12.18.3.2511",
    "1.10.2-recommended": "12.18.3.2511",
    "1.11-latest": "13.19.1.2199",
    "1.11-recommended": "13.19.1.2189",
    "1.11.2-latest": "13.20.1.2588",
    "1.11.2-recommended": "13.20.1.2588",
    "1.12-latest": "14.21.1.2443",
    "1.12-recommended": "14.21.1.2387",
    "1.12.1-latest": "14.22.1.2485",
    "1.12.1-recommended": "14.22.1.2478",
    "1.12.2-latest": "14.23.5.2860",
    "1.12.2-recommended": "14.23.5.2859",
    "1.13.2-latest": "25.0.223",
    "1.14.2-latest": "26.0.63",
    "1.14.3-latest": "27.0.60",
    "1.14.4-latest": "28.2.26",
    "1.14.4-recommended": "28.2.26",
    "1.15-latest": "29.0.4",
    "1.15.1-latest": "30.0.51",
    "1.15.2-latest": "31.2.57",
    "1.15.2-recommended": "31.2.57",
    "1.16.1-latest": "32.0.108",
    "1.16.2-latest": "33.0.61",
    "1.16.3-latest": "34.1.42",
    "1.16.3-recommended": "34.1.0",
    "1.16.4-latest": "35.1.37",
    "1.16.4-recommended": "35.1.4",
    "1.16.5-latest": "36.2.42",
    "1.16.5-recommended": "36.2.34",
    "1.17.1-latest": "37.1.1",
    "1.17.1-recommended": "37.1.1",
    "1.18-latest": "38.0.17",
    "1.18.1-latest": "39.1.2",
    "1.18.1-recommended": "39.1.0",
    "1.18.2-recommended": "40.3.0",
    "1.18.2-latest": "40.3.10",
    "1.19-latest": "41.1.0",
    "1.19-recommended": "41.1.0",
    "1.19.1-latest": "42.0.9",
    "1.19.2-recommended": "43.5.0",
    "1.19.2-latest": "43.5.0",
    "1.19.3-latest": "44.1.23",
    "1.19.3-recommended": "44.1.0",
    "1.19.4-recommended": "45.4.0",
    "1.19.4-latest": "45.4.0",
    "1.20-latest": "46.0.14",
    "1.20.1-recommended": "47.4.0",
    "1.20.1-latest": "47.4.3",
    "1.20.2-latest": "48.1.0",
    "1.20.2-recommended": "48.1.0",
    "1.20.3-latest": "49.0.2",
    "1.20.4-latest": "49.2.0",
    "1.20.4-recommended": "49.2.0",
    "1.20.6-latest": "50.2.0",
    "1.20.6-recommended": "50.2.0",
    "1.21-latest": "51.0.33",
    "1.21.1-latest": "52.1.1",
    "1.21.1-recommended": "52.1.0",
    "1.21.3-latest": "53.1.1",
    "1.21.3-recommended": "53.1.0",
    "1.21.4-latest": "54.1.3",
    "1.21.4-recommended": "54.1.0",
    "1.21.5-latest": "55.0.23",
    "1.21.6-latest": "56.0.9",
    "1.21.7-latest": "57.0.2"
  }
}
[12Jul2025 20:10:37.456] [Forge Version Check/INFO] [net.minecraftforge.fml.VersionChecker/]: [forge] Found status: OUTDATED Current: 47.3.7 Target: 47.4.0
[12Jul2025 20:10:37.456] [Forge Version Check/INFO] [net.minecraftforge.fml.VersionChecker/]: [mr_animated_doors] Starting version check at https://api.modrinth.com/updates/EuloLapn/forge_updates.json
[12Jul2025 20:10:37.546] [Forge Version Check/DEBUG] [net.minecraftforge.fml.VersionChecker/]: [mr_animated_doors] Received version check data:
{"homepage":"https://modrinth.com/mod/EuloLapn","promos":{"1.21.3-latest":"1.21+mod","1.20.5-recommended":"1.20.5+mod","1.20.3-recommended":"1.20+mod","1.20-latest":"1.20+mod","1.21.1-latest":"1.21+mod","1.21.2-latest":"1.21+mod","1.19.4-latest":"1.19+mod","1.19.1-latest":"1.19+mod","1.20-recommended":"1.20+mod","1.21.1-recommended":"1.21+mod","1.21.2-recommended":"1.21+mod","1.19.2-recommended":"1.19+mod","1.20.6-recommended":"1.20.5+mod","1.19.3-recommended":"1.19+mod","1.21-recommended":"1.21+mod","1.20.1-latest":"1.20+mod","1.19-recommended":"1.19+mod","1.20.3-latest":"1.21+mod","1.21.3-recommended":"1.21+mod","1.19-latest":"1.19+mod","1.20.2-recommended":"1.20+mod","1.20.2-latest":"1.20+mod","1.19.1-recommended":"1.19+mod","1.20.5-latest":"1.20.5+mod","1.20.6-latest":"1.20.5+mod","1.21-latest":"1.21+mod","1.19.3-latest":"1.19+mod","1.19.2-latest":"1.19+mod","1.19.4-recommended":"1.19+mod","1.20.4-recommended":"1.20+mod","1.20.4-latest":"1.21+mod","1.20.1-recommended":"1.20+mod"}}
[12Jul2025 20:10:37.546] [Forge Version Check/INFO] [net.minecraftforge.fml.VersionChecker/]: [mr_animated_doors] Found status: OUTDATED Current: 1.0 Target: 1.20+mod
[12Jul2025 20:10:38.564] [main/INFO] [com.mojang.authlib.yggdrasil.YggdrasilAuthenticationService/]: Environment: authHost='https://authserver.mojang.com', accountsHost='https://api.mojang.com', sessionHost='https://sessionserver.mojang.com', servicesHost='https://api.minecraftservices.com', name='PROD'
[12Jul2025 20:10:38.593] [main/DEBUG] [mixin/]: Mixing LevelStorageSessionMixin from fabric-registry-sync-v0.mixins.json into net.minecraft.world.level.storage.LevelStorageSource$LevelStorageAccess
[12Jul2025 20:10:38.593] [main/DEBUG] [mixin/]: fabric-registry-sync-v0.mixins.json:LevelStorageSessionMixin from mod fabric_registry_sync_v0: Class version 61 required is higher than the class version supported by the current version of Mixin (JAVA_16 supports class version 60)
[12Jul2025 20:10:38.607] [main/DEBUG] [mixin/]: fabric-registry-sync-v0.mixins.json:LevelStorageSessionMixin from mod fabric_registry_sync_v0->@Inject::saveWorld(Lnet/minecraft/core/RegistryAccess;Lnet/minecraft/world/level/storage/WorldData;Lnet/minecraft/nbt/CompoundTag;Lorg/spongepowered/asm/mixin/injection/callback/CallbackInfo;)V doesn't use it's CallbackInfo
[12Jul2025 20:10:38.607] [main/DEBUG] [mixin/]: fabric-registry-sync-v0.mixins.json:LevelStorageSessionMixin from mod fabric_registry_sync_v0->@Inject::saveWorld(Lnet/minecraft/core/RegistryAccess;Lnet/minecraft/world/level/storage/WorldData;Lnet/minecraft/nbt/CompoundTag;Lorg/spongepowered/asm/mixin/injection/callback/CallbackInfo;)V has 0 override(s) in child classes
[12Jul2025 20:10:38.607] [main/DEBUG] [mixin/]: fabric-registry-sync-v0.mixins.json:LevelStorageSessionMixin from mod fabric_registry_sync_v0->@Inject::saveWorld(Lnet/minecraft/core/RegistryAccess;Lnet/minecraft/world/level/storage/WorldData;Lnet/minecraft/nbt/CompoundTag;Lorg/spongepowered/asm/mixin/injection/callback/CallbackInfo;)V won't be passed a CallbackInfo as a result
[12Jul2025 20:10:38.608] [main/DEBUG] [mixin/]: fabric-registry-sync-v0.mixins.json:LevelStorageSessionMixin from mod fabric_registry_sync_v0->@Inject::readWorldProperties(Lorg/spongepowered/asm/mixin/injection/callback/CallbackInfoReturnable;)V doesn't use it's CallbackInfoReturnable
[12Jul2025 20:10:38.608] [main/DEBUG] [mixin/]: fabric-registry-sync-v0.mixins.json:LevelStorageSessionMixin from mod fabric_registry_sync_v0->@Inject::readWorldProperties(Lorg/spongepowered/asm/mixin/injection/callback/CallbackInfoReturnable;)V has 0 override(s) in child classes
[12Jul2025 20:10:38.608] [main/DEBUG] [mixin/]: fabric-registry-sync-v0.mixins.json:LevelStorageSessionMixin from mod fabric_registry_sync_v0->@Inject::readWorldProperties(Lorg/spongepowered/asm/mixin/injection/callback/CallbackInfoReturnable;)V won't be passed a CallbackInfoReturnable as a result
[12Jul2025 20:10:39.439] [main/DEBUG] [mixin/]: Mixing VanillaPackResourcesAccessor from creativecore.mixins.json into net.minecraft.server.packs.VanillaPackResources
[12Jul2025 20:10:39.441] [main/WARN] [net.minecraft.server.packs.VanillaPackResourcesBuilder/]: Assets URL 'union:/workspaces/YNDPTM/servidor_minecraft/libraries/net/minecraft/server/1.20.1-20230612.114412/server-1.20.1-20230612.114412-srg.jar%23165!/assets/.mcassetsroot' uses unexpected schema
[12Jul2025 20:10:39.441] [main/WARN] [net.minecraft.server.packs.VanillaPackResourcesBuilder/]: Assets URL 'union:/workspaces/YNDPTM/servidor_minecraft/libraries/net/minecraft/server/1.20.1-20230612.114412/server-1.20.1-20230612.114412-srg.jar%23165!/data/.mcassetsroot' uses unexpected schema
[12Jul2025 20:10:39.468] [main/DEBUG] [mixin/]: Mixing ServerPlayerInteractionManagerMixin from fabric-events-interaction-v0.mixins.json into net.minecraft.server.level.ServerPlayerGameMode
[12Jul2025 20:10:39.468] [main/DEBUG] [mixin/]: fabric-events-interaction-v0.mixins.json:ServerPlayerInteractionManagerMixin from mod fabric_events_interaction_v0: Class version 61 required is higher than the class version supported by the current version of Mixin (JAVA_16 supports class version 60)
[12Jul2025 20:10:39.471] [main/DEBUG] [mixin/]: fabric-events-interaction-v0.mixins.json:ServerPlayerInteractionManagerMixin from mod fabric_events_interaction_v0->@Inject::startBlockBreak(Lnet/minecraft/core/BlockPos;Lnet/minecraft/network/protocol/game/ServerboundPlayerActionPacket$Action;Lnet/minecraft/core/Direction;IILorg/spongepowered/asm/mixin/injection/callback/CallbackInfo;)V does use it's CallbackInfo
[12Jul2025 20:10:39.472] [main/DEBUG] [mixin/]: fabric-events-interaction-v0.mixins.json:ServerPlayerInteractionManagerMixin from mod fabric_events_interaction_v0->@Inject::onBlockBroken(Lnet/minecraft/core/BlockPos;ZLorg/spongepowered/asm/mixin/injection/callback/CallbackInfoReturnable;Lnet/minecraft/world/level/block/state/BlockState;)V doesn't use it's CallbackInfoReturnable
[12Jul2025 20:10:39.472] [main/DEBUG] [mixin/]: fabric-events-interaction-v0.mixins.json:ServerPlayerInteractionManagerMixin from mod fabric_events_interaction_v0->@Inject::onBlockBroken(Lnet/minecraft/core/BlockPos;ZLorg/spongepowered/asm/mixin/injection/callback/CallbackInfoReturnable;Lnet/minecraft/world/level/block/state/BlockState;)V has 0 override(s) in child classes
[12Jul2025 20:10:39.472] [main/DEBUG] [mixin/]: fabric-events-interaction-v0.mixins.json:ServerPlayerInteractionManagerMixin from mod fabric_events_interaction_v0->@Inject::onBlockBroken(Lnet/minecraft/core/BlockPos;ZLorg/spongepowered/asm/mixin/injection/callback/CallbackInfoReturnable;Lnet/minecraft/world/level/block/state/BlockState;)V won't be passed a CallbackInfoReturnable as a result
[12Jul2025 20:10:39.476] [main/DEBUG] [mixin/]: Mixing ResourcePackLoaderAccessor from fabric-loot-api-v2.mixins.json into net.minecraftforge.resource.ResourcePackLoader
[12Jul2025 20:10:39.476] [main/DEBUG] [mixin/]: fabric-loot-api-v2.mixins.json:ResourcePackLoaderAccessor from mod fabric_loot_api_v2: Class version 61 required is higher than the class version supported by the current version of Mixin (JAVA_8 supports class version 52)
[12Jul2025 20:10:39.477] [main/DEBUG] [mixin/]: Renaming @Accessor method getModResourcePacks()Ljava/util/Map; to getModResourcePacks$fabric_loot_api_v2_$md$54bf2d$0 in fabric-loot-api-v2.mixins.json:ResourcePackLoaderAccessor from mod fabric_loot_api_v2
[12Jul2025 20:10:39.479] [main/DEBUG] [mixin/]: Mixing lang.PathPackResourcesMixin from connectormod.mixins.json into net.minecraftforge.resource.PathPackResources
[12Jul2025 20:10:39.481] [main/DEBUG] [mixin/]: connectormod.mixins.json:lang.PathPackResourcesMixin from mod connectormod->@Inject::getFabricLangResources(Lnet/minecraft/server/packs/PackType;Lnet/minecraft/resources/ResourceLocation;Lorg/spongepowered/asm/mixin/injection/callback/CallbackInfoReturnable;)V does use it's CallbackInfoReturnable
[12Jul2025 20:10:39.484] [main/DEBUG] [mixin/]: Mixing lang.PathPackResourcesAnonMixin from connectormod.mixins.json into net.minecraftforge.resource.ResourcePackLoader$1
[12Jul2025 20:10:39.485] [main/DEBUG] [mixin/]: connectormod.mixins.json:lang.PathPackResourcesAnonMixin from mod connectormod->@Inject::onInit(Ljava/lang/String;ZLjava/nio/file/Path;Lnet/minecraftforge/forgespi/language/IModFileInfo;Lorg/spongepowered/asm/mixin/injection/callback/CallbackInfo;)V doesn't use it's CallbackInfo
[12Jul2025 20:10:39.485] [main/DEBUG] [mixin/]: connectormod.mixins.json:lang.PathPackResourcesAnonMixin from mod connectormod->@Inject::onInit(Ljava/lang/String;ZLjava/nio/file/Path;Lnet/minecraftforge/forgespi/language/IModFileInfo;Lorg/spongepowered/asm/mixin/injection/callback/CallbackInfo;)V has 0 override(s) in child classes
[12Jul2025 20:10:39.485] [main/DEBUG] [mixin/]: connectormod.mixins.json:lang.PathPackResourcesAnonMixin from mod connectormod->@Inject::onInit(Ljava/lang/String;ZLjava/nio/file/Path;Lnet/minecraftforge/forgespi/language/IModFileInfo;Lorg/spongepowered/asm/mixin/injection/callback/CallbackInfo;)V won't be passed a CallbackInfo as a result
[12Jul2025 20:10:39.495] [main/DEBUG] [mixin/]: Mixing PathPackResourcesAccessor from creativecore.mixins.json into net.minecraft.server.packs.PathPackResources
[12Jul2025 20:10:39.502] [main/DEBUG] [net.minecraftforge.server.ServerLifecycleHooks/CORE]: Generating PackInfo named mod:fabric_transfer_api_v1 for mod file 
[12Jul2025 20:10:39.503] [main/DEBUG] [net.minecraftforge.server.ServerLifecycleHooks/CORE]: Generating PackInfo named mod:fabric_dimensions_v1 for mod file 
[12Jul2025 20:10:39.503] [main/DEBUG] [net.minecraftforge.server.ServerLifecycleHooks/CORE]: Generating PackInfo named mod:kuma_api for mod file 
[12Jul2025 20:10:39.503] [main/DEBUG] [net.minecraftforge.server.ServerLifecycleHooks/CORE]: Generating PackInfo named mod:fabric_renderer_api_v1 for mod file 
[12Jul2025 20:10:39.503] [main/DEBUG] [net.minecraftforge.server.ServerLifecycleHooks/CORE]: Generating PackInfo named mod:animation_overhaul for mod file /workspaces/YNDPTM/servidor_minecraft/mods/Animation_Overhaul-forge-1.20.x-1.3.1.jar
[12Jul2025 20:10:39.504] [main/DEBUG] [net.minecraftforge.server.ServerLifecycleHooks/CORE]: Generating PackInfo named mod:geckolib for mod file /workspaces/YNDPTM/servidor_minecraft/mods/geckolib-forge-1.20.1-4.7.1.2.jar
[12Jul2025 20:10:39.504] [main/DEBUG] [net.minecraftforge.server.ServerLifecycleHooks/CORE]: Generating PackInfo named mod:folk_sisby_kaleido_config for mod file /workspaces/YNDPTM/servidor_minecraft/mods/.connector/antique-atlas-2.9.10+1.20$surveyor-0.6.5+1.20$kaleido-config-0.3.1+1.3.1_mapped_srg_1.20.1.jar
[12Jul2025 20:10:39.504] [main/DEBUG] [net.minecraftforge.server.ServerLifecycleHooks/CORE]: Generating PackInfo named mod:playeranimator for mod file 
[12Jul2025 20:10:39.505] [main/DEBUG] [net.minecraftforge.server.ServerLifecycleHooks/CORE]: Generating PackInfo named mod:fabric_item_api_v1 for mod file 
[12Jul2025 20:10:39.505] [main/DEBUG] [net.minecraftforge.server.ServerLifecycleHooks/CORE]: Generating PackInfo named mod:fabric_model_loading_api_v1 for mod file 
[12Jul2025 20:10:39.505] [main/DEBUG] [net.minecraftforge.server.ServerLifecycleHooks/CORE]: Generating PackInfo named mod:sittingplus for mod file /workspaces/YNDPTM/servidor_minecraft/mods/sittingplus-2.0.5-1.20.1.jar
[12Jul2025 20:10:39.505] [main/DEBUG] [net.minecraftforge.server.ServerLifecycleHooks/CORE]: Generating PackInfo named mod:fabric_rendering_fluids_v1 for mod file 
[12Jul2025 20:10:39.506] [main/DEBUG] [net.minecraftforge.server.ServerLifecycleHooks/CORE]: Generating PackInfo named mod:fabric_screen_handler_api_v1 for mod file 
[12Jul2025 20:10:39.506] [main/DEBUG] [net.minecraftforge.server.ServerLifecycleHooks/CORE]: Generating PackInfo named mod:fabric_models_v0 for mod file 
[12Jul2025 20:10:39.506] [main/DEBUG] [net.minecraftforge.server.ServerLifecycleHooks/CORE]: Generating PackInfo named mod:fabric_resource_loader_v0 for mod file 
[12Jul2025 20:10:39.506] [main/DEBUG] [net.minecraftforge.server.ServerLifecycleHooks/CORE]: Generating PackInfo named mod:fabric_rendering_v1 for mod file 
[12Jul2025 20:10:39.507] [main/DEBUG] [net.minecraftforge.server.ServerLifecycleHooks/CORE]: Generating PackInfo named mod:waystones for mod file /workspaces/YNDPTM/servidor_minecraft/mods/waystones-forge-1.20.1-14.1.13.jar
[12Jul2025 20:10:39.507] [main/DEBUG] [net.minecraftforge.server.ServerLifecycleHooks/CORE]: Generating PackInfo named mod:fabric_renderer_indigo for mod file 
[12Jul2025 20:10:39.507] [main/DEBUG] [net.minecraftforge.server.ServerLifecycleHooks/CORE]: Generating PackInfo named mod:fabric_convention_tags_v1 for mod file 
[12Jul2025 20:10:39.507] [main/DEBUG] [net.minecraftforge.server.ServerLifecycleHooks/CORE]: Generating PackInfo named mod:fabric_mining_level_api_v1 for mod file 
[12Jul2025 20:10:39.508] [main/DEBUG] [net.minecraftforge.server.ServerLifecycleHooks/CORE]: Generating PackInfo named mod:fabric_command_api_v1 for mod file 
[12Jul2025 20:10:39.508] [main/DEBUG] [net.minecraftforge.server.ServerLifecycleHooks/CORE]: Generating PackInfo named mod:fromtheshadows for mod file /workspaces/YNDPTM/servidor_minecraft/mods/fromtheshadowsreborn-2.8.jar
[12Jul2025 20:10:39.508] [main/DEBUG] [net.minecraftforge.server.ServerLifecycleHooks/CORE]: Generating PackInfo named mod:fabric_block_view_api_v2 for mod file 
[12Jul2025 20:10:39.508] [main/DEBUG] [net.minecraftforge.server.ServerLifecycleHooks/CORE]: Generating PackInfo named mod:fabric_command_api_v2 for mod file 
[12Jul2025 20:10:39.508] [main/DEBUG] [net.minecraftforge.server.ServerLifecycleHooks/CORE]: Generating PackInfo named mod:configured for mod file /workspaces/YNDPTM/servidor_minecraft/mods/configured-forge-1.20.1-2.2.3.jar
[12Jul2025 20:10:39.509] [main/DEBUG] [net.minecraftforge.server.ServerLifecycleHooks/CORE]: Generating PackInfo named mod:fabric_data_attachment_api_v1 for mod file 
[12Jul2025 20:10:39.509] [main/DEBUG] [net.minecraftforge.server.ServerLifecycleHooks/CORE]: Generating PackInfo named mod:mixinextras for mod file 
[12Jul2025 20:10:39.509] [main/DEBUG] [net.minecraftforge.server.ServerLifecycleHooks/CORE]: Generating PackInfo named mod:surveyor for mod file /workspaces/YNDPTM/servidor_minecraft/mods/.connector/antique-atlas-2.9.10+1.20$surveyor-0.6.5+1.20_mapped_srg_1.20.1.jar
[12Jul2025 20:10:39.509] [main/DEBUG] [net.minecraftforge.server.ServerLifecycleHooks/CORE]: Generating PackInfo named mod:balm for mod file /workspaces/YNDPTM/servidor_minecraft/mods/balm-forge-1.20.1-7.3.31-all (1).jar
[12Jul2025 20:10:39.510] [main/DEBUG] [net.minecraftforge.server.ServerLifecycleHooks/CORE]: Generating PackInfo named mod:fabric_screen_api_v1 for mod file 
[12Jul2025 20:10:39.510] [main/DEBUG] [net.minecraftforge.server.ServerLifecycleHooks/CORE]: Generating PackInfo named mod:antique_atlas for mod file /workspaces/YNDPTM/servidor_minecraft/mods/.connector/antique-atlas-2.9.10+1.20_mapped_srg_1.20.1.jar
[12Jul2025 20:10:39.510] [main/DEBUG] [net.minecraftforge.server.ServerLifecycleHooks/CORE]: Generating PackInfo named mod:cameraoverhaul for mod file /workspaces/YNDPTM/servidor_minecraft/mods/cameraoverhaul-1.1-1.20.4.jar
[12Jul2025 20:10:39.510] [main/DEBUG] [net.minecraftforge.server.ServerLifecycleHooks/CORE]: Generating PackInfo named mod:fabric_particles_v1 for mod file 
[12Jul2025 20:10:39.511] [main/DEBUG] [net.minecraftforge.server.ServerLifecycleHooks/CORE]: Generating PackInfo named mod:forge for mod file /workspaces/YNDPTM/servidor_minecraft/libraries/net/minecraftforge/forge/1.20.1-47.3.7/forge-1.20.1-47.3.7-universal.jar
[12Jul2025 20:10:39.511] [main/DEBUG] [net.minecraftforge.server.ServerLifecycleHooks/CORE]: Generating PackInfo named mod:fabric_api for mod file /workspaces/YNDPTM/servidor_minecraft/mods/fabric-api-0.92.2+1.11.12+1.20.1.jar
[12Jul2025 20:10:39.511] [main/DEBUG] [net.minecraftforge.server.ServerLifecycleHooks/CORE]: Generating PackInfo named mod:fabric_content_registries_v0 for mod file 
[12Jul2025 20:10:39.511] [main/DEBUG] [net.minecraftforge.server.ServerLifecycleHooks/CORE]: Generating PackInfo named mod:fabric_transitive_access_wideners_v1 for mod file 
[12Jul2025 20:10:39.512] [main/DEBUG] [net.minecraftforge.server.ServerLifecycleHooks/CORE]: Generating PackInfo named mod:nyfsspiders for mod file /workspaces/YNDPTM/servidor_minecraft/mods/nyfsspiders-forge-1.20.1-2.1.1.jar
[12Jul2025 20:10:39.512] [main/DEBUG] [net.minecraftforge.server.ServerLifecycleHooks/CORE]: Generating PackInfo named mod:death_angels for mod file /workspaces/YNDPTM/servidor_minecraft/mods/death_angels-1.3.0-forge-1.20.1.jar
[12Jul2025 20:10:39.512] [main/DEBUG] [net.minecraftforge.server.ServerLifecycleHooks/CORE]: Generating PackInfo named mod:befalltwo for mod file /workspaces/YNDPTM/servidor_minecraft/mods/befall-1.6.0-forge-1.20.1.jar
[12Jul2025 20:10:39.512] [main/DEBUG] [net.minecraftforge.server.ServerLifecycleHooks/CORE]: Generating PackInfo named mod:midnightlurker for mod file /workspaces/YNDPTM/servidor_minecraft/mods/the_midnight_lurker_3.3.7.jar
[12Jul2025 20:10:39.512] [main/DEBUG] [net.minecraftforge.server.ServerLifecycleHooks/CORE]: Generating PackInfo named mod:fabric_game_rule_api_v1 for mod file 
[12Jul2025 20:10:39.513] [main/DEBUG] [net.minecraftforge.server.ServerLifecycleHooks/CORE]: Generating PackInfo named mod:fabric_api_base for mod file 
[12Jul2025 20:10:39.513] [main/DEBUG] [net.minecraftforge.server.ServerLifecycleHooks/CORE]: Generating PackInfo named mod:necronomicon for mod file /workspaces/YNDPTM/servidor_minecraft/mods/Necronomicon-Forge-1.6.0+1.20.1.jar
[12Jul2025 20:10:39.513] [main/DEBUG] [net.minecraftforge.server.ServerLifecycleHooks/CORE]: Generating PackInfo named mod:fabric_api_lookup_api_v1 for mod file 
[12Jul2025 20:10:39.513] [main/DEBUG] [net.minecraftforge.server.ServerLifecycleHooks/CORE]: Generating PackInfo named mod:fabric_blockrenderlayer_v1 for mod file 
[12Jul2025 20:10:39.514] [main/DEBUG] [net.minecraftforge.server.ServerLifecycleHooks/CORE]: Generating PackInfo named mod:jade for mod file /workspaces/YNDPTM/servidor_minecraft/mods/Jade-1.20.1-Forge-11.13.1.jar
[12Jul2025 20:10:39.514] [main/DEBUG] [net.minecraftforge.server.ServerLifecycleHooks/CORE]: Generating PackInfo named mod:obscure_tooltips for mod file /workspaces/YNDPTM/servidor_minecraft/mods/Obscure-Tooltips-2.2.jar
[12Jul2025 20:10:39.514] [main/DEBUG] [net.minecraftforge.server.ServerLifecycleHooks/CORE]: Generating PackInfo named mod:creativecore for mod file /workspaces/YNDPTM/servidor_minecraft/mods/CreativeCore_FORGE_v2.12.32_mc1.20.1.jar
[12Jul2025 20:10:39.514] [main/DEBUG] [net.minecraftforge.server.ServerLifecycleHooks/CORE]: Generating PackInfo named mod:chunky for mod file /workspaces/YNDPTM/servidor_minecraft/mods/Chunky-1.3.146 (1).jar
[12Jul2025 20:10:39.515] [main/DEBUG] [net.minecraftforge.server.ServerLifecycleHooks/CORE]: Generating PackInfo named mod:fabric_block_api_v1 for mod file 
[12Jul2025 20:10:39.515] [main/DEBUG] [net.minecraftforge.server.ServerLifecycleHooks/CORE]: Generating PackInfo named mod:fabric_resource_conditions_api_v1 for mod file 
[12Jul2025 20:10:39.515] [main/DEBUG] [net.minecraftforge.server.ServerLifecycleHooks/CORE]: Generating PackInfo named mod:a_good_place for mod file /workspaces/YNDPTM/servidor_minecraft/mods/a_good_place-1.20-1.2.7.jar
[12Jul2025 20:10:39.515] [main/DEBUG] [net.minecraftforge.server.ServerLifecycleHooks/CORE]: Generating PackInfo named mod:man for mod file /workspaces/YNDPTM/servidor_minecraft/mods/The-Man-From-The-Fog-1.4-1.20.1.jar
[12Jul2025 20:10:39.516] [main/DEBUG] [net.minecraftforge.server.ServerLifecycleHooks/CORE]: Generating PackInfo named mod:fabric_item_group_api_v1 for mod file 
[12Jul2025 20:10:39.516] [main/DEBUG] [net.minecraftforge.server.ServerLifecycleHooks/CORE]: Generating PackInfo named mod:connectormod for mod file 
[12Jul2025 20:10:39.516] [main/DEBUG] [net.minecraftforge.server.ServerLifecycleHooks/CORE]: Generating PackInfo named mod:fabric_biome_api_v1 for mod file 
[12Jul2025 20:10:39.516] [main/DEBUG] [net.minecraftforge.server.ServerLifecycleHooks/CORE]: Generating PackInfo named mod:fabric_entity_events_v1 for mod file 
[12Jul2025 20:10:39.516] [main/DEBUG] [net.minecraftforge.server.ServerLifecycleHooks/CORE]: Generating PackInfo named mod:antlers for mod file /workspaces/YNDPTM/servidor_minecraft/mods/antlers-1.0.0.jar
[12Jul2025 20:10:39.517] [main/DEBUG] [net.minecraftforge.server.ServerLifecycleHooks/CORE]: Generating PackInfo named mod:fabric_registry_sync_v0 for mod file 
[12Jul2025 20:10:39.517] [main/DEBUG] [net.minecraftforge.server.ServerLifecycleHooks/CORE]: Generating PackInfo named mod:bwrtherain for mod file /workspaces/YNDPTM/servidor_minecraft/mods/Beware-1.20.1-2.3.4.jar
[12Jul2025 20:10:39.517] [main/DEBUG] [net.minecraftforge.server.ServerLifecycleHooks/CORE]: Generating PackInfo named mod:fabric_recipe_api_v1 for mod file 
[12Jul2025 20:10:39.518] [main/DEBUG] [net.minecraftforge.server.ServerLifecycleHooks/CORE]: Generating PackInfo named mod:fabric_loot_api_v2 for mod file 
[12Jul2025 20:10:39.518] [main/DEBUG] [net.minecraftforge.server.ServerLifecycleHooks/CORE]: Generating PackInfo named mod:fabric_object_builder_api_v1 for mod file 
[12Jul2025 20:10:39.518] [main/DEBUG] [net.minecraftforge.server.ServerLifecycleHooks/CORE]: Generating PackInfo named mod:fabric_rendering_data_attachment_v1 for mod file 
[12Jul2025 20:10:39.518] [main/DEBUG] [net.minecraftforge.server.ServerLifecycleHooks/CORE]: Generating PackInfo named mod:itsnotreal for mod file /workspaces/YNDPTM/servidor_minecraft/mods/itsnotreal-0.0.0.0.0.0.0.0.jar
[12Jul2025 20:10:39.519] [main/DEBUG] [net.minecraftforge.server.ServerLifecycleHooks/CORE]: Generating PackInfo named mod:the_anomaly for mod file /workspaces/YNDPTM/servidor_minecraft/mods/Anomaly-1.1.5-FullShaderSupport.jar
[12Jul2025 20:10:39.519] [main/DEBUG] [net.minecraftforge.server.ServerLifecycleHooks/CORE]: Generating PackInfo named mod:fabric_networking_api_v1 for mod file 
[12Jul2025 20:10:39.519] [main/DEBUG] [net.minecraftforge.server.ServerLifecycleHooks/CORE]: Generating PackInfo named mod:fabric_sound_api_v1 for mod file 
[12Jul2025 20:10:39.520] [main/DEBUG] [net.minecraftforge.server.ServerLifecycleHooks/CORE]: Generating PackInfo named mod:mr_animated_doors for mod file /workspaces/YNDPTM/servidor_minecraft/mods/animated-doors-1.0.jar
[12Jul2025 20:10:39.520] [main/DEBUG] [net.minecraftforge.server.ServerLifecycleHooks/CORE]: Generating PackInfo named mod:fabric_message_api_v1 for mod file 
[12Jul2025 20:10:39.520] [main/DEBUG] [net.minecraftforge.server.ServerLifecycleHooks/CORE]: Generating PackInfo named mod:no_moon for mod file /workspaces/YNDPTM/servidor_minecraft/mods/no_moon-1.4.4-forge-1.20.1.jar
[12Jul2025 20:10:39.520] [main/DEBUG] [net.minecraftforge.server.ServerLifecycleHooks/CORE]: Generating PackInfo named mod:fabric_lifecycle_events_v1 for mod file 
[12Jul2025 20:10:39.521] [main/DEBUG] [net.minecraftforge.server.ServerLifecycleHooks/CORE]: Generating PackInfo named mod:skinrestorer for mod file /workspaces/YNDPTM/servidor_minecraft/mods/skinrestorer-2.3.5+1.20-forge.jar
[12Jul2025 20:10:39.521] [main/DEBUG] [net.minecraftforge.server.ServerLifecycleHooks/CORE]: Generating PackInfo named mod:fabric_data_generation_api_v1 for mod file 
[12Jul2025 20:10:39.521] [main/DEBUG] [net.minecraftforge.server.ServerLifecycleHooks/CORE]: Generating PackInfo named mod:fabric_events_interaction_v0 for mod file 
[12Jul2025 20:10:39.521] [main/DEBUG] [net.minecraftforge.server.ServerLifecycleHooks/CORE]: Generating PackInfo named mod:god for mod file /workspaces/YNDPTM/servidor_minecraft/mods/The God v1.2.1(1.20.1).jar
[12Jul2025 20:10:39.521] [main/DEBUG] [net.minecraftforge.server.ServerLifecycleHooks/CORE]: Generating PackInfo named mod:fabric_key_binding_api_v1 for mod file 
[12Jul2025 20:10:39.522] [main/DEBUG] [net.minecraftforge.server.ServerLifecycleHooks/CORE]: Generating PackInfo named mod:fabric_client_tags_api_v1 for mod file 
[12Jul2025 20:10:39.526] [main/DEBUG] [mixin/]: Mixing LifecycledResourceManagerImplMixin from fabric-resource-loader-v0.mixins.json into net.minecraft.server.packs.resources.MultiPackResourceManager
[12Jul2025 20:10:39.526] [main/DEBUG] [mixin/]: fabric-resource-loader-v0.mixins.json:LifecycledResourceManagerImplMixin from mod fabric_resource_loader_v0: Class version 61 required is higher than the class version supported by the current version of Mixin (JAVA_16 supports class version 60)
[12Jul2025 20:10:39.528] [main/DEBUG] [mixin/]: fabric-resource-loader-v0.mixins.json:LifecycledResourceManagerImplMixin from mod fabric_resource_loader_v0->@Inject::init(Lnet/minecraft/server/packs/PackType;Ljava/util/List;Lorg/spongepowered/asm/mixin/injection/callback/CallbackInfo;)V doesn't use it's CallbackInfo
[12Jul2025 20:10:39.528] [main/DEBUG] [mixin/]: fabric-resource-loader-v0.mixins.json:LifecycledResourceManagerImplMixin from mod fabric_resource_loader_v0->@Inject::init(Lnet/minecraft/server/packs/PackType;Ljava/util/List;Lorg/spongepowered/asm/mixin/injection/callback/CallbackInfo;)V has 0 override(s) in child classes
[12Jul2025 20:10:39.528] [main/DEBUG] [mixin/]: fabric-resource-loader-v0.mixins.json:LifecycledResourceManagerImplMixin from mod fabric_resource_loader_v0->@Inject::init(Lnet/minecraft/server/packs/PackType;Ljava/util/List;Lorg/spongepowered/asm/mixin/injection/callback/CallbackInfo;)V won't be passed a CallbackInfo as a result
[12Jul2025 20:10:39.538] [main/DEBUG] [mixin/]: Mixing NamespaceResourceManagerMixin from fabric-resource-loader-v0.mixins.json into net.minecraft.server.packs.resources.FallbackResourceManager
[12Jul2025 20:10:39.539] [main/DEBUG] [mixin/]: fabric-resource-loader-v0.mixins.json:NamespaceResourceManagerMixin from mod fabric_resource_loader_v0: Class version 61 required is higher than the class version supported by the current version of Mixin (JAVA_16 supports class version 60)
[12Jul2025 20:10:39.541] [main/DEBUG] [mixin/]: fabric-resource-loader-v0.mixins.json:NamespaceResourceManagerMixin from mod fabric_resource_loader_v0->@Inject::onGetAllResources(Lnet/minecraft/resources/ResourceLocation;Lorg/spongepowered/asm/mixin/injection/callback/CallbackInfoReturnable;Lnet/minecraft/resources/ResourceLocation;Ljava/util/List;)V doesn't use it's CallbackInfoReturnable
[12Jul2025 20:10:39.541] [main/DEBUG] [mixin/]: fabric-resource-loader-v0.mixins.json:NamespaceResourceManagerMixin from mod fabric_resource_loader_v0->@Inject::onGetAllResources(Lnet/minecraft/resources/ResourceLocation;Lorg/spongepowered/asm/mixin/injection/callback/CallbackInfoReturnable;Lnet/minecraft/resources/ResourceLocation;Ljava/util/List;)V has 0 override(s) in child classes
[12Jul2025 20:10:39.541] [main/DEBUG] [mixin/]: fabric-resource-loader-v0.mixins.json:NamespaceResourceManagerMixin from mod fabric_resource_loader_v0->@Inject::onGetAllResources(Lnet/minecraft/resources/ResourceLocation;Lorg/spongepowered/asm/mixin/injection/callback/CallbackInfoReturnable;Lnet/minecraft/resources/ResourceLocation;Ljava/util/List;)V won't be passed a CallbackInfoReturnable as a result
[12Jul2025 20:10:40.354] [main/DEBUG] [FabricRegistrySync/]: Reading registry data from ./world/data/fabricRegistry.dat
[12Jul2025 20:10:40.354] [main/DEBUG] [FabricRegistrySync/]: Reading registry data from ./world/data/fabricRegistry.dat.1
[12Jul2025 20:10:40.354] [main/DEBUG] [FabricRegistrySync/]: Reading registry data from ./world/data/fabricRegistry.dat.2
[12Jul2025 20:10:40.354] [main/DEBUG] [FabricRegistrySync/]: Starting registry save
[12Jul2025 20:10:40.354] [main/DEBUG] [FabricRegistrySync/]: Not saving registry: minecraft:command_argument_type
[12Jul2025 20:10:40.355] [main/DEBUG] [FabricRegistrySync/]: Not saving registry: minecraft:item
[12Jul2025 20:10:40.355] [main/DEBUG] [FabricRegistrySync/]: Not saving registry: minecraft:block_entity_type
[12Jul2025 20:10:40.355] [main/DEBUG] [FabricRegistrySync/]: Not saving registry: minecraft:custom_stat
[12Jul2025 20:10:40.355] [main/DEBUG] [FabricRegistrySync/]: Not saving registry: minecraft:worldgen/foliage_placer_type
[12Jul2025 20:10:40.355] [main/DEBUG] [FabricRegistrySync/]: Not saving registry: minecraft:stat_type
[12Jul2025 20:10:40.355] [main/DEBUG] [FabricRegistrySync/]: Not saving registry: minecraft:worldgen/material_rule
[12Jul2025 20:10:40.355] [main/DEBUG] [FabricRegistrySync/]: Not saving registry: minecraft:worldgen/structure_type
[12Jul2025 20:10:40.355] [main/DEBUG] [FabricRegistrySync/]: Not saving registry: minecraft:attribute
[12Jul2025 20:10:40.355] [main/DEBUG] [FabricRegistrySync/]: Not saving registry: minecraft:position_source_type
[12Jul2025 20:10:40.355] [main/DEBUG] [FabricRegistrySync/]: Not saving registry: minecraft:height_provider_type
[12Jul2025 20:10:40.355] [main/DEBUG] [FabricRegistrySync/]: Not saving registry: minecraft:rule_block_entity_modifier
[12Jul2025 20:10:40.355] [main/DEBUG] [FabricRegistrySync/]: Not saving registry: minecraft:worldgen/density_function_type
[12Jul2025 20:10:40.355] [main/DEBUG] [FabricRegistrySync/]: Not saving registry: minecraft:fluid
[12Jul2025 20:10:40.355] [main/DEBUG] [FabricRegistrySync/]: Not saving registry: forge:global_loot_modifier_serializers
[12Jul2025 20:10:40.355] [main/DEBUG] [FabricRegistrySync/]: Not saving registry: minecraft:loot_condition_type
[12Jul2025 20:10:40.355] [main/DEBUG] [FabricRegistrySync/]: Not saving registry: minecraft:worldgen/structure_pool_element
[12Jul2025 20:10:40.355] [main/DEBUG] [FabricRegistrySync/]: Not saving registry: minecraft:activity
[12Jul2025 20:10:40.355] [main/DEBUG] [FabricRegistrySync/]: Not saving registry: minecraft:recipe_serializer
[12Jul2025 20:10:40.355] [main/DEBUG] [FabricRegistrySync/]: Not saving registry: minecraft:frog_variant
[12Jul2025 20:10:40.355] [main/DEBUG] [FabricRegistrySync/]: Not saving registry: minecraft:banner_pattern
[12Jul2025 20:10:40.355] [main/DEBUG] [FabricRegistrySync/]: Not saving registry: minecraft:instrument
[12Jul2025 20:10:40.355] [main/DEBUG] [FabricRegistrySync/]: Not saving registry: minecraft:decorated_pot_patterns
[12Jul2025 20:10:40.356] [main/DEBUG] [FabricRegistrySync/]: Not saving registry: minecraft:worldgen/feature_size_type
[12Jul2025 20:10:40.356] [main/DEBUG] [FabricRegistrySync/]: Not saving registry: minecraft:point_of_interest_type
[12Jul2025 20:10:40.356] [main/DEBUG] [FabricRegistrySync/]: Not saving registry: minecraft:mob_effect
[12Jul2025 20:10:40.356] [main/DEBUG] [FabricRegistrySync/]: Not saving registry: minecraft:loot_pool_entry_type
[12Jul2025 20:10:40.356] [main/DEBUG] [FabricRegistrySync/]: Not saving registry: minecraft:worldgen/block_state_provider_type
[12Jul2025 20:10:40.356] [main/DEBUG] [FabricRegistrySync/]: Not saving registry: minecraft:worldgen/chunk_generator
[12Jul2025 20:10:40.356] [main/DEBUG] [FabricRegistrySync/]: Not saving registry: minecraft:float_provider_type
[12Jul2025 20:10:40.356] [main/DEBUG] [FabricRegistrySync/]: Not saving registry: minecraft:chunk_status
[12Jul2025 20:10:40.356] [main/DEBUG] [FabricRegistrySync/]: Not saving registry: minecraft:enchantment
[12Jul2025 20:10:40.356] [main/DEBUG] [FabricRegistrySync/]: Not saving registry: minecraft:loot_function_type
[12Jul2025 20:10:40.356] [main/DEBUG] [FabricRegistrySync/]: Not saving registry: minecraft:worldgen/structure_processor
[12Jul2025 20:10:40.356] [main/DEBUG] [FabricRegistrySync/]: Not saving registry: minecraft:loot_score_provider_type
[12Jul2025 20:10:40.356] [main/DEBUG] [FabricRegistrySync/]: Not saving registry: minecraft:worldgen/tree_decorator_type
[12Jul2025 20:10:40.356] [main/DEBUG] [FabricRegistrySync/]: Not saving registry: minecraft:schedule
[12Jul2025 20:10:40.356] [main/DEBUG] [FabricRegistrySync/]: Not saving registry: minecraft:worldgen/material_condition
[12Jul2025 20:10:40.356] [main/DEBUG] [FabricRegistrySync/]: Not saving registry: minecraft:entity_type
[12Jul2025 20:10:40.356] [main/DEBUG] [FabricRegistrySync/]: Not saving registry: minecraft:villager_profession
[12Jul2025 20:10:40.356] [main/DEBUG] [FabricRegistrySync/]: Not saving registry: minecraft:potion
[12Jul2025 20:10:40.356] [main/DEBUG] [FabricRegistrySync/]: Not saving registry: minecraft:recipe_type
[12Jul2025 20:10:40.356] [main/DEBUG] [FabricRegistrySync/]: Not saving registry: minecraft:int_provider_type
[12Jul2025 20:10:40.356] [main/DEBUG] [FabricRegistrySync/]: Not saving registry: minecraft:worldgen/feature
[12Jul2025 20:10:40.356] [main/DEBUG] [FabricRegistrySync/]: Not saving registry: minecraft:cat_variant
[12Jul2025 20:10:40.356] [main/DEBUG] [FabricRegistrySync/]: Not saving registry: minecraft:pos_rule_test
[12Jul2025 20:10:40.356] [main/DEBUG] [FabricRegistrySync/]: Not saving registry: minecraft:worldgen/structure_placement
[12Jul2025 20:10:40.356] [main/DEBUG] [FabricRegistrySync/]: Not saving registry: minecraft:loot_nbt_provider_type
[12Jul2025 20:10:40.356] [main/DEBUG] [FabricRegistrySync/]: Not saving registry: minecraft:menu
[12Jul2025 20:10:40.356] [main/DEBUG] [FabricRegistrySync/]: Not saving registry: minecraft:worldgen/trunk_placer_type
[12Jul2025 20:10:40.356] [main/DEBUG] [FabricRegistrySync/]: Not saving registry: minecraft:creative_mode_tab
[12Jul2025 20:10:40.356] [main/DEBUG] [FabricRegistrySync/]: Not saving registry: minecraft:worldgen/placement_modifier_type
[12Jul2025 20:10:40.356] [main/DEBUG] [FabricRegistrySync/]: Not saving registry: minecraft:worldgen/carver
[12Jul2025 20:10:40.357] [main/DEBUG] [FabricRegistrySync/]: Not saving registry: minecraft:loot_number_provider_type
[12Jul2025 20:10:40.357] [main/DEBUG] [FabricRegistrySync/]: Not saving registry: minecraft:worldgen/structure_piece
[12Jul2025 20:10:40.357] [main/DEBUG] [FabricRegistrySync/]: Not saving registry: minecraft:sound_event
[12Jul2025 20:10:40.357] [main/DEBUG] [FabricRegistrySync/]: Not saving registry: minecraft:particle_type
[12Jul2025 20:10:40.357] [main/DEBUG] [FabricRegistrySync/]: Not saving registry: minecraft:game_event
[12Jul2025 20:10:40.357] [main/DEBUG] [FabricRegistrySync/]: Not saving registry: minecraft:worldgen/biome_source
[12Jul2025 20:10:40.357] [main/DEBUG] [FabricRegistrySync/]: Not saving registry: minecraft:worldgen/root_placer_type
[12Jul2025 20:10:40.357] [main/DEBUG] [FabricRegistrySync/]: Not saving registry: minecraft:villager_type
[12Jul2025 20:10:40.357] [main/DEBUG] [FabricRegistrySync/]: Not saving registry: minecraft:painting_variant
[12Jul2025 20:10:40.357] [main/DEBUG] [FabricRegistrySync/]: Not saving registry: forge:fluid_type
[12Jul2025 20:10:40.357] [main/DEBUG] [FabricRegistrySync/]: Not saving registry: minecraft:block_predicate_type
[12Jul2025 20:10:40.357] [main/DEBUG] [FabricRegistrySync/]: Not saving registry: minecraft:block
[12Jul2025 20:10:40.357] [main/DEBUG] [FabricRegistrySync/]: Not saving registry: forge:entity_data_serializers
[12Jul2025 20:10:40.357] [main/DEBUG] [FabricRegistrySync/]: Not saving registry: minecraft:sensor_type
[12Jul2025 20:10:40.357] [main/DEBUG] [FabricRegistrySync/]: Not saving registry: minecraft:rule_test
[12Jul2025 20:10:40.357] [main/DEBUG] [FabricRegistrySync/]: Not saving registry: minecraft:memory_module_type
[12Jul2025 20:10:40.357] [main/DEBUG] [FabricRegistrySync/]: Not saving empty registry data
[12Jul2025 20:10:40.409] [main/DEBUG] [mixin/]: Mixing KeyedResourceReloadListenerMixin from fabric-resource-loader-v0.mixins.json into net.minecraft.world.level.storage.loot.LootDataManager
[12Jul2025 20:10:40.409] [main/DEBUG] [mixin/]: fabric-resource-loader-v0.mixins.json:KeyedResourceReloadListenerMixin from mod fabric_resource_loader_v0: Class version 61 required is higher than the class version supported by the current version of Mixin (JAVA_16 supports class version 60)
[12Jul2025 20:10:40.411] [main/DEBUG] [mixin/]: Mixing LootManagerMixin from fabric-resource-conditions-api-v1.mixins.json into net.minecraft.world.level.storage.loot.LootDataManager
[12Jul2025 20:10:40.412] [main/DEBUG] [mixin/]: fabric-resource-conditions-api-v1.mixins.json:LootManagerMixin from mod fabric_resource_conditions_api_v1: Class version 61 required is higher than the class version supported by the current version of Mixin (JAVA_16 supports class version 60)
[12Jul2025 20:10:40.413] [main/DEBUG] [mixin/]: Mixing LootManagerMixin from fabric-loot-api-v2.mixins.json into net.minecraft.world.level.storage.loot.LootDataManager
[12Jul2025 20:10:40.413] [main/DEBUG] [mixin/]: fabric-loot-api-v2.mixins.json:LootManagerMixin from mod fabric_loot_api_v2: Class version 61 required is higher than the class version supported by the current version of Mixin (JAVA_8 supports class version 52)
[12Jul2025 20:10:40.413] [main/DEBUG] [mixin/]: Renaming synthetic method lambda$applyLootTableEvents$1(Lcom/google/common/collect/ImmutableMap$Builder;Lnet/minecraft/server/packs/resources/ResourceManager;Lnet/minecraft/world/level/storage/loot/LootDataManager;Lnet/minecraft/world/level/storage/loot/LootDataId;Ljava/lang/Object;)V to md54bf2d$fabric_loot_api_v2$lambda$applyLootTableEvents$1$0 in fabric-loot-api-v2.mixins.json:LootManagerMixin from mod fabric_loot_api_v2
[12Jul2025 20:10:40.414] [main/DEBUG] [mixin/]: Renaming synthetic method lambda$reload$0(Lnet/minecraft/server/packs/resources/ResourceManager;Lnet/minecraft/world/level/storage/loot/LootDataManager;)V to md54bf2d$fabric_loot_api_v2$lambda$reload$0$1 in fabric-loot-api-v2.mixins.json:LootManagerMixin from mod fabric_loot_api_v2
[12Jul2025 20:10:40.420] [main/DEBUG] [mixin/]: fabric-resource-conditions-api-v1.mixins.json:LootManagerMixin from mod fabric_resource_conditions_api_v1->@Inject::load(Lnet/minecraft/world/level/storage/loot/LootDataType;Lnet/minecraft/server/packs/resources/ResourceManager;Ljava/util/concurrent/Executor;Ljava/util/Map;Lorg/spongepowered/asm/mixin/injection/callback/CallbackInfoReturnable;Ljava/util/Map;)V doesn't use it's CallbackInfoReturnable
[12Jul2025 20:10:40.421] [main/DEBUG] [mixin/]: fabric-resource-conditions-api-v1.mixins.json:LootManagerMixin from mod fabric_resource_conditions_api_v1->@Inject::runAsync(Lnet/minecraft/server/packs/resources/ResourceManager;Lnet/minecraft/world/level/storage/loot/LootDataType;Ljava/util/Map;Lorg/spongepowered/asm/mixin/injection/callback/CallbackInfo;)V doesn't use it's CallbackInfo
[12Jul2025 20:10:40.421] [main/DEBUG] [mixin/]: fabric-resource-conditions-api-v1.mixins.json:LootManagerMixin from mod fabric_resource_conditions_api_v1->@Inject::applyResourceConditions(Lnet/minecraft/world/level/storage/loot/LootDataType;Lnet/minecraft/server/packs/resources/ResourceManager;Ljava/util/Map;Lnet/minecraft/resources/ResourceLocation;Lcom/google/gson/JsonElement;Lorg/spongepowered/asm/mixin/injection/callback/CallbackInfo;)V does use it's CallbackInfo
[12Jul2025 20:10:40.421] [main/DEBUG] [mixin/]: fabric-resource-conditions-api-v1.mixins.json:LootManagerMixin from mod fabric_resource_conditions_api_v1->@Inject::runAsyncEnd(Lnet/minecraft/server/packs/resources/ResourceManager;Lnet/minecraft/world/level/storage/loot/LootDataType;Ljava/util/Map;Lorg/spongepowered/asm/mixin/injection/callback/CallbackInfo;)V doesn't use it's CallbackInfo
[12Jul2025 20:10:40.421] [main/DEBUG] [mixin/]: fabric-loot-api-v2.mixins.json:LootManagerMixin from mod fabric_loot_api_v2->@Inject::reload(Lnet/minecraft/server/packs/resources/PreparableReloadListener$PreparationBarrier;Lnet/minecraft/server/packs/resources/ResourceManager;Lnet/minecraft/util/profiling/ProfilerFiller;Lnet/minecraft/util/profiling/ProfilerFiller;Ljava/util/concurrent/Executor;Ljava/util/concurrent/Executor;Lorg/spongepowered/asm/mixin/injection/callback/CallbackInfoReturnable;)V does use it's CallbackInfoReturnable
[12Jul2025 20:10:40.436] [main/DEBUG] [mixin/]: Mixing LootPoolAccessor from fabric-loot-api-v2.mixins.json into net.minecraft.world.level.storage.loot.LootPool
[12Jul2025 20:10:40.436] [main/DEBUG] [mixin/]: fabric-loot-api-v2.mixins.json:LootPoolAccessor from mod fabric_loot_api_v2: Class version 61 required is higher than the class version supported by the current version of Mixin (JAVA_8 supports class version 52)
[12Jul2025 20:10:40.439] [main/DEBUG] [mixin/]: Mixing LootTableMixin from balm.mixins.json into net.minecraft.world.level.storage.loot.LootTable
[12Jul2025 20:10:40.439] [main/DEBUG] [mixin/]: Mixing LootTableAccessor from fabric-loot-api-v2.mixins.json into net.minecraft.world.level.storage.loot.LootTable
[12Jul2025 20:10:40.439] [main/DEBUG] [mixin/]: fabric-loot-api-v2.mixins.json:LootTableAccessor from mod fabric_loot_api_v2: Class version 61 required is higher than the class version supported by the current version of Mixin (JAVA_8 supports class version 52)
[12Jul2025 20:10:40.441] [main/DEBUG] [mixin/]: balm.mixins.json:LootTableMixin from mod balm->@Inject::getRandomItems(Lnet/minecraft/world/level/storage/loot/LootContext;Lorg/spongepowered/asm/mixin/injection/callback/CallbackInfoReturnable;)V does use it's CallbackInfoReturnable
[12Jul2025 20:10:40.444] [main/DEBUG] [mixin/]: Mixing KeyedResourceReloadListenerMixin from fabric-resource-loader-v0.mixins.json into net.minecraft.tags.TagManager
[12Jul2025 20:10:40.444] [main/DEBUG] [mixin/]: fabric-resource-loader-v0.mixins.json:KeyedResourceReloadListenerMixin from mod fabric_resource_loader_v0: Class version 61 required is higher than the class version supported by the current version of Mixin (JAVA_16 supports class version 60)
[12Jul2025 20:10:40.445] [main/DEBUG] [mixin/]: Mixing TagManagerLoaderMixin from fabric-resource-conditions-api-v1.mixins.json into net.minecraft.tags.TagManager
[12Jul2025 20:10:40.445] [main/DEBUG] [mixin/]: fabric-resource-conditions-api-v1.mixins.json:TagManagerLoaderMixin from mod fabric_resource_conditions_api_v1: Class version 61 required is higher than the class version supported by the current version of Mixin (JAVA_16 supports class version 60)
[12Jul2025 20:10:40.446] [main/DEBUG] [mixin/]: fabric-resource-conditions-api-v1.mixins.json:TagManagerLoaderMixin from mod fabric_resource_conditions_api_v1->@Inject::hookApply(Ljava/util/List;Ljava/lang/Void;Lorg/spongepowered/asm/mixin/injection/callback/CallbackInfo;)V doesn't use it's CallbackInfo
[12Jul2025 20:10:40.446] [main/DEBUG] [mixin/]: fabric-resource-conditions-api-v1.mixins.json:TagManagerLoaderMixin from mod fabric_resource_conditions_api_v1->@Inject::hookApply(Ljava/util/List;Ljava/lang/Void;Lorg/spongepowered/asm/mixin/injection/callback/CallbackInfo;)V has 0 override(s) in child classes
[12Jul2025 20:10:40.446] [main/DEBUG] [mixin/]: fabric-resource-conditions-api-v1.mixins.json:TagManagerLoaderMixin from mod fabric_resource_conditions_api_v1->@Inject::hookApply(Ljava/util/List;Ljava/lang/Void;Lorg/spongepowered/asm/mixin/injection/callback/CallbackInfo;)V won't be passed a CallbackInfo as a result
[12Jul2025 20:10:40.542] [main/DEBUG] [mixin/]: Mixing GameRuleCommandAccessor from fabric-game-rule-api-v1.mixins.json into net.minecraft.server.commands.GameRuleCommand
[12Jul2025 20:10:40.543] [main/DEBUG] [mixin/]: fabric-game-rule-api-v1.mixins.json:GameRuleCommandAccessor from mod fabric_game_rule_api_v1: Class version 61 required is higher than the class version supported by the current version of Mixin (JAVA_16 supports class version 60)
[12Jul2025 20:10:40.543] [main/DEBUG] [mixin/]: Renaming @Invoker method invokeExecuteSet(Lcom/mojang/brigadier/context/CommandContext;Lnet/minecraft/world/level/GameRules$Key;)I to invokeExecuteSet$fabric_game_rule_api_v1_$md$54bf2d$0 in fabric-game-rule-api-v1.mixins.json:GameRuleCommandAccessor from mod fabric_game_rule_api_v1
[12Jul2025 20:10:40.543] [main/DEBUG] [mixin/]: Renaming @Invoker method invokeExecuteQuery(Lnet/minecraft/commands/CommandSourceStack;Lnet/minecraft/world/level/GameRules$Key;)I to invokeExecuteQuery$fabric_game_rule_api_v1_$md$54bf2d$1 in fabric-game-rule-api-v1.mixins.json:GameRuleCommandAccessor from mod fabric_game_rule_api_v1
[12Jul2025 20:10:40.545] [main/DEBUG] [mixin/]: Mixing GameRuleCommandVisitorMixin from fabric-game-rule-api-v1.mixins.json into net.minecraft.server.commands.GameRuleCommand$1
[12Jul2025 20:10:40.545] [main/DEBUG] [mixin/]: fabric-game-rule-api-v1.mixins.json:GameRuleCommandVisitorMixin from mod fabric_game_rule_api_v1: Class version 61 required is higher than the class version supported by the current version of Mixin (JAVA_16 supports class version 60)
[12Jul2025 20:10:40.547] [main/DEBUG] [mixin/]: fabric-game-rule-api-v1.mixins.json:GameRuleCommandVisitorMixin from mod fabric_game_rule_api_v1->@Inject::onRegisterCommand(Lnet/minecraft/world/level/GameRules$Key;Lnet/minecraft/world/level/GameRules$Type;Lorg/spongepowered/asm/mixin/injection/callback/CallbackInfo;)V does use it's CallbackInfo
[12Jul2025 20:10:40.600] [main/DEBUG] [net.minecraftforge.coremod.transformer.CoreModBaseTransformer/COREMOD]: Transforming net/minecraft/server/commands/SummonCommand
[12Jul2025 20:10:40.779] [main/DEBUG] [mixin/]: Mixing KeyedResourceReloadListenerMixin from fabric-resource-loader-v0.mixins.json into net.minecraft.server.ServerFunctionLibrary
[12Jul2025 20:10:40.779] [main/DEBUG] [mixin/]: fabric-resource-loader-v0.mixins.json:KeyedResourceReloadListenerMixin from mod fabric_resource_loader_v0: Class version 61 required is higher than the class version supported by the current version of Mixin (JAVA_16 supports class version 60)
[12Jul2025 20:10:40.782] [main/DEBUG] [mixin/]: Mixing TagLoaderMixin from connectormod.mixins.json into net.minecraft.tags.TagLoader
[12Jul2025 20:10:40.783] [main/DEBUG] [mixin/]: connectormod.mixins.json:TagLoaderMixin from mod connectormod->@Inject::afterLoad(Lnet/minecraft/server/packs/resources/ResourceManager;Lorg/spongepowered/asm/mixin/injection/callback/CallbackInfoReturnable;)V does use it's CallbackInfoReturnable
[12Jul2025 20:10:40.787] [main/DEBUG] [mixin/]: Mixing KeyedResourceReloadListenerMixin from fabric-resource-loader-v0.mixins.json into net.minecraft.world.item.crafting.RecipeManager
[12Jul2025 20:10:40.787] [main/DEBUG] [mixin/]: fabric-resource-loader-v0.mixins.json:KeyedResourceReloadListenerMixin from mod fabric_resource_loader_v0: Class version 61 required is higher than the class version supported by the current version of Mixin (JAVA_16 supports class version 60)
[12Jul2025 20:10:40.792] [main/DEBUG] [mixin/]: Mixing KeyedResourceReloadListenerMixin from fabric-resource-loader-v0.mixins.json into net.minecraft.server.ServerAdvancementManager
[12Jul2025 20:10:40.792] [main/DEBUG] [mixin/]: fabric-resource-loader-v0.mixins.json:KeyedResourceReloadListenerMixin from mod fabric_resource_loader_v0: Class version 61 required is higher than the class version supported by the current version of Mixin (JAVA_16 supports class version 60)
[12Jul2025 20:10:40.799] [main/DEBUG] [mixin/]: Mixing SimpleResourceReloadMixin from fabric-resource-loader-v0.mixins.json into net.minecraft.server.packs.resources.SimpleReloadInstance
[12Jul2025 20:10:40.799] [main/DEBUG] [mixin/]: fabric-resource-loader-v0.mixins.json:SimpleResourceReloadMixin from mod fabric_resource_loader_v0: Class version 61 required is higher than the class version supported by the current version of Mixin (JAVA_16 supports class version 60)
[12Jul2025 20:10:40.805] [main/DEBUG] [mixin/]: fabric-resource-loader-v0.mixins.json:SimpleResourceReloadMixin from mod fabric_resource_loader_v0->@Inject::method_40087(Lnet/minecraft/server/packs/resources/ResourceManager;Ljava/util/List;Ljava/util/concurrent/Executor;Ljava/util/concurrent/Executor;Ljava/util/concurrent/CompletableFuture;ZLorg/spongepowered/asm/mixin/injection/callback/CallbackInfoReturnable;)V doesn't use it's CallbackInfoReturnable
[12Jul2025 20:10:40.844] [Worker-Main-1/DEBUG] [org.sinytra.connector.mod.compat.TagConverter/]: Creating new forge tag forge:boats
[12Jul2025 20:10:40.844] [Worker-Main-1/DEBUG] [org.sinytra.connector.mod.compat.TagConverter/]: Creating new forge tag forge:minecarts
[12Jul2025 20:10:40.844] [Worker-Main-1/DEBUG] [org.sinytra.connector.mod.compat.TagConverter/]: Converted 3 tags in 1 ms
[12Jul2025 20:10:40.851] [Worker-Main-2/DEBUG] [org.sinytra.connector.mod.compat.TagConverter/]: Creating new forge tag forge:wet/climate
[12Jul2025 20:10:40.851] [Worker-Main-2/DEBUG] [org.sinytra.connector.mod.compat.TagConverter/]: Creating new forge tag forge:aquatic
[12Jul2025 20:10:40.851] [Worker-Main-2/DEBUG] [org.sinytra.connector.mod.compat.TagConverter/]: Creating new forge tag forge:swamp
[12Jul2025 20:10:40.851] [Worker-Main-2/DEBUG] [org.sinytra.connector.mod.compat.TagConverter/]: Creating new forge tag forge:jungle
[12Jul2025 20:10:40.851] [Worker-Main-2/DEBUG] [org.sinytra.connector.mod.compat.TagConverter/]: Creating new forge tag forge:forests/nether
[12Jul2025 20:10:40.851] [Worker-Main-2/DEBUG] [org.sinytra.connector.mod.compat.TagConverter/]: Creating new forge tag forge:mushroom
[12Jul2025 20:10:40.851] [Worker-Main-2/DEBUG] [org.sinytra.connector.mod.compat.TagConverter/]: Creating new forge tag forge:nether/in
[12Jul2025 20:10:40.851] [Worker-Main-2/DEBUG] [org.sinytra.connector.mod.compat.TagConverter/]: Creating new forge tag forge:coniferous/tree
[12Jul2025 20:10:40.852] [Worker-Main-2/DEBUG] [org.sinytra.connector.mod.compat.TagConverter/]: Creating new forge tag forge:taiga
[12Jul2025 20:10:40.852] [Worker-Main-2/DEBUG] [org.sinytra.connector.mod.compat.TagConverter/]: Creating new forge tag forge:mountain
[12Jul2025 20:10:40.852] [Worker-Main-2/DEBUG] [org.sinytra.connector.mod.compat.TagConverter/]: Creating new forge tag forge:savanna
[12Jul2025 20:10:40.852] [Worker-Main-2/DEBUG] [org.sinytra.connector.mod.compat.TagConverter/]: Creating new forge tag forge:caves
[12Jul2025 20:10:40.852] [Worker-Main-2/DEBUG] [org.sinytra.connector.mod.compat.TagConverter/]: Creating new forge tag forge:floral
[12Jul2025 20:10:40.852] [Worker-Main-2/DEBUG] [org.sinytra.connector.mod.compat.TagConverter/]: Creating new forge tag forge:forests/flower
[12Jul2025 20:10:40.852] [Worker-Main-2/DEBUG] [org.sinytra.connector.mod.compat.TagConverter/]: Creating new forge tag forge:badlands
[12Jul2025 20:10:40.852] [Worker-Main-2/DEBUG] [org.sinytra.connector.mod.compat.TagConverter/]: Creating new forge tag forge:mesa
[12Jul2025 20:10:40.852] [Worker-Main-2/DEBUG] [org.sinytra.connector.mod.compat.TagConverter/]: Creating new forge tag forge:underground
[12Jul2025 20:10:40.852] [Worker-Main-2/DEBUG] [org.sinytra.connector.mod.compat.TagConverter/]: Creating new forge tag forge:plains/snowy
[12Jul2025 20:10:40.852] [Worker-Main-2/DEBUG] [org.sinytra.connector.mod.compat.TagConverter/]: Creating new forge tag forge:dense/vegetation
[12Jul2025 20:10:40.852] [Worker-Main-2/DEBUG] [org.sinytra.connector.mod.compat.TagConverter/]: Creating new forge tag forge:jungle
[12Jul2025 20:10:40.852] [Worker-Main-2/DEBUG] [org.sinytra.connector.mod.compat.TagConverter/]: Creating new forge tag forge:jungle
[12Jul2025 20:10:40.852] [Worker-Main-2/DEBUG] [org.sinytra.connector.mod.compat.TagConverter/]: Creating new forge tag forge:wasteland
[12Jul2025 20:10:40.852] [Worker-Main-2/DEBUG] [org.sinytra.connector.mod.compat.TagConverter/]: Creating new forge tag forge:forest
[12Jul2025 20:10:40.852] [Worker-Main-2/DEBUG] [org.sinytra.connector.mod.compat.TagConverter/]: Creating new forge tag forge:islands/end
[12Jul2025 20:10:40.852] [Worker-Main-2/DEBUG] [org.sinytra.connector.mod.compat.TagConverter/]: Creating new forge tag forge:dead
[12Jul2025 20:10:40.852] [Worker-Main-2/DEBUG] [org.sinytra.connector.mod.compat.TagConverter/]: Creating new forge tag forge:ocean/deep
[12Jul2025 20:10:40.852] [Worker-Main-2/DEBUG] [org.sinytra.connector.mod.compat.TagConverter/]: Creating new forge tag forge:swamp
[12Jul2025 20:10:40.852] [Worker-Main-2/DEBUG] [org.sinytra.connector.mod.compat.TagConverter/]: Creating new forge tag forge:overworld/in
[12Jul2025 20:10:40.853] [Worker-Main-2/DEBUG] [org.sinytra.connector.mod.compat.TagConverter/]: Creating new forge tag forge:jungle/tree
[12Jul2025 20:10:40.853] [Worker-Main-2/DEBUG] [org.sinytra.connector.mod.compat.TagConverter/]: Creating new forge tag forge:cold/climate
[12Jul2025 20:10:40.853] [Worker-Main-2/DEBUG] [org.sinytra.connector.mod.compat.TagConverter/]: Creating new forge tag forge:icy
[12Jul2025 20:10:40.853] [Worker-Main-2/DEBUG] [org.sinytra.connector.mod.compat.TagConverter/]: Creating new forge tag forge:end/in_the
[12Jul2025 20:10:40.853] [Worker-Main-2/DEBUG] [org.sinytra.connector.mod.compat.TagConverter/]: Creating new forge tag forge:river
[12Jul2025 20:10:40.853] [Worker-Main-2/DEBUG] [org.sinytra.connector.mod.compat.TagConverter/]: Creating new forge tag forge:windswept
[12Jul2025 20:10:40.853] [Worker-Main-2/DEBUG] [org.sinytra.connector.mod.compat.TagConverter/]: Creating new forge tag forge:hot/climate
[12Jul2025 20:10:40.857] [Worker-Main-2/DEBUG] [org.sinytra.connector.mod.compat.TagConverter/]: Creating new forge tag forge:desert
[12Jul2025 20:10:40.861] [Worker-Main-2/DEBUG] [org.sinytra.connector.mod.compat.TagConverter/]: Creating new forge tag forge:desert
[12Jul2025 20:10:40.861] [Worker-Main-2/DEBUG] [org.sinytra.connector.mod.compat.TagConverter/]: Creating new forge tag forge:peak/mountain
[12Jul2025 20:10:40.861] [Worker-Main-2/DEBUG] [org.sinytra.connector.mod.compat.TagConverter/]: Creating new forge tag forge:ocean/shallow
[12Jul2025 20:10:40.861] [Worker-Main-2/DEBUG] [org.sinytra.connector.mod.compat.TagConverter/]: Creating new forge tag forge:forests/flower
[12Jul2025 20:10:40.861] [Worker-Main-2/DEBUG] [org.sinytra.connector.mod.compat.TagConverter/]: Creating new forge tag forge:deciduous/tree
[12Jul2025 20:10:40.861] [Worker-Main-2/DEBUG] [org.sinytra.connector.mod.compat.TagConverter/]: Creating new forge tag forge:savanna/tree
[12Jul2025 20:10:40.861] [Worker-Main-2/DEBUG] [org.sinytra.connector.mod.compat.TagConverter/]: Creating new forge tag forge:icy
[12Jul2025 20:10:40.861] [Worker-Main-2/DEBUG] [org.sinytra.connector.mod.compat.TagConverter/]: Creating new forge tag forge:shores/stony
[12Jul2025 20:10:40.861] [Worker-Main-2/DEBUG] [org.sinytra.connector.mod.compat.TagConverter/]: Creating new forge tag forge:slope/mountain
[12Jul2025 20:10:40.861] [Worker-Main-2/DEBUG] [org.sinytra.connector.mod.compat.TagConverter/]: Creating new forge tag forge:void
[12Jul2025 20:10:40.862] [Worker-Main-2/DEBUG] [org.sinytra.connector.mod.compat.TagConverter/]: Creating new forge tag forge:ocean
[12Jul2025 20:10:40.862] [Worker-Main-2/DEBUG] [org.sinytra.connector.mod.compat.TagConverter/]: Creating new forge tag forge:dry/climate
[12Jul2025 20:10:40.862] [Worker-Main-2/DEBUG] [org.sinytra.connector.mod.compat.TagConverter/]: Creating new forge tag forge:forest/birch
[12Jul2025 20:10:40.862] [Worker-Main-2/DEBUG] [org.sinytra.connector.mod.compat.TagConverter/]: Creating new forge tag forge:mesa
[12Jul2025 20:10:40.862] [Worker-Main-2/DEBUG] [org.sinytra.connector.mod.compat.TagConverter/]: Creating new forge tag forge:plains
[12Jul2025 20:10:40.862] [Worker-Main-2/DEBUG] [org.sinytra.connector.mod.compat.TagConverter/]: Creating new forge tag forge:snowy
[12Jul2025 20:10:40.862] [Worker-Main-2/DEBUG] [org.sinytra.connector.mod.compat.TagConverter/]: Creating new forge tag forge:temperate/climate
[12Jul2025 20:10:40.862] [Worker-Main-2/DEBUG] [org.sinytra.connector.mod.compat.TagConverter/]: Creating new forge tag forge:aquatic
[12Jul2025 20:10:40.862] [Worker-Main-2/DEBUG] [org.sinytra.connector.mod.compat.TagConverter/]: Creating new forge tag forge:taiga
[12Jul2025 20:10:40.862] [Worker-Main-2/DEBUG] [org.sinytra.connector.mod.compat.TagConverter/]: Creating new forge tag forge:icy/aquatic
[12Jul2025 20:10:40.862] [Worker-Main-2/DEBUG] [org.sinytra.connector.mod.compat.TagConverter/]: Creating new forge tag forge:sparse/vegetation
[12Jul2025 20:10:40.862] [Worker-Main-2/DEBUG] [org.sinytra.connector.mod.compat.TagConverter/]: Creating new forge tag forge:beach
[12Jul2025 20:10:40.862] [Worker-Main-2/DEBUG] [org.sinytra.connector.mod.compat.TagConverter/]: Creating new forge tag forge:hills/extreme
[12Jul2025 20:10:40.863] [Worker-Main-2/DEBUG] [org.sinytra.connector.mod.compat.TagConverter/]: Converted 50 tags in 11 ms
[12Jul2025 20:10:40.888] [Worker-Main-1/DEBUG] [org.sinytra.connector.mod.compat.TagConverter/]: Creating new forge tag forge:enhancement/entity_movement
[12Jul2025 20:10:40.888] [Worker-Main-1/DEBUG] [org.sinytra.connector.mod.compat.TagConverter/]: Creating new forge tag forge:enhancement/weapon_damage
[12Jul2025 20:10:40.888] [Worker-Main-1/DEBUG] [org.sinytra.connector.mod.compat.TagConverter/]: Creating new forge tag forge:looting
[12Jul2025 20:10:40.888] [Worker-Main-1/DEBUG] [org.sinytra.connector.mod.compat.TagConverter/]: Creating new forge tag forge:enhancement/entity_defense
[12Jul2025 20:10:40.888] [Worker-Main-1/DEBUG] [org.sinytra.connector.mod.compat.TagConverter/]: Creating new forge tag forge:fortune
[12Jul2025 20:10:40.888] [Worker-Main-1/DEBUG] [org.sinytra.connector.mod.compat.TagConverter/]: Converted 5 tags in 0 ms
[12Jul2025 20:10:40.892] [Worker-Main-2/DEBUG] [org.sinytra.connector.mod.compat.TagConverter/]: Found existing vanilla tag minecraft:water
[12Jul2025 20:10:40.892] [Worker-Main-2/DEBUG] [org.sinytra.connector.mod.compat.TagConverter/]: Found existing vanilla tag minecraft:lava
[12Jul2025 20:10:40.893] [Worker-Main-2/DEBUG] [org.sinytra.connector.mod.compat.TagConverter/]: Converted 2 tags in 0 ms
[12Jul2025 20:10:40.893] [Worker-Main-3/DEBUG] [org.sinytra.connector.mod.compat.TagConverter/]: Creating new forge tag forge:slabs/sandstone
[12Jul2025 20:10:40.893] [Worker-Main-3/DEBUG] [org.sinytra.connector.mod.compat.TagConverter/]: Creating new forge tag forge:slabs/uncolored_sandstone
[12Jul2025 20:10:40.893] [Worker-Main-3/DEBUG] [org.sinytra.connector.mod.compat.TagConverter/]: Creating new forge tag forge:slabs/red_sandstone
[12Jul2025 20:10:40.893] [Worker-Main-3/DEBUG] [org.sinytra.connector.mod.compat.TagConverter/]: Creating new forge tag forge:buds
[12Jul2025 20:10:40.893] [Worker-Main-3/DEBUG] [org.sinytra.connector.mod.compat.TagConverter/]: Creating new forge tag forge:storage_blocks/sandstone
[12Jul2025 20:10:40.894] [Worker-Main-3/DEBUG] [org.sinytra.connector.mod.compat.TagConverter/]: Creating new forge tag forge:storage_blocks/uncolored_sandstone
[12Jul2025 20:10:40.894] [Worker-Main-3/DEBUG] [org.sinytra.connector.mod.compat.TagConverter/]: Creating new forge tag forge:storage_blocks/red_sandstone
[12Jul2025 20:10:40.894] [Worker-Main-3/DEBUG] [org.sinytra.connector.mod.compat.TagConverter/]: Creating new forge tag forge:storage_blocks/red_sandstone
[12Jul2025 20:10:40.894] [Worker-Main-3/DEBUG] [org.sinytra.connector.mod.compat.TagConverter/]: Creating new forge tag forge:slabs/uncolored_sandstone
[12Jul2025 20:10:40.894] [Worker-Main-3/DEBUG] [org.sinytra.connector.mod.compat.TagConverter/]: Found existing vanilla tag minecraft:swords
[12Jul2025 20:10:40.894] [Worker-Main-3/DEBUG] [org.sinytra.connector.mod.compat.TagConverter/]: Found existing prefixed forge tag forge:tools/shields
[12Jul2025 20:10:40.894] [Worker-Main-3/DEBUG] [org.sinytra.connector.mod.compat.TagConverter/]: Creating new forge tag forge:spears
[12Jul2025 20:10:40.894] [Worker-Main-3/DEBUG] [org.sinytra.connector.mod.compat.TagConverter/]: Found existing vanilla tag minecraft:pickaxes
[12Jul2025 20:10:40.894] [Worker-Main-3/DEBUG] [org.sinytra.connector.mod.compat.TagConverter/]: Creating new forge tag forge:panes/glass
[12Jul2025 20:10:40.894] [Worker-Main-3/DEBUG] [org.sinytra.connector.mod.compat.TagConverter/]: Creating new forge tag forge:buckets/entity_water
[12Jul2025 20:10:40.895] [Worker-Main-3/DEBUG] [org.sinytra.connector.mod.compat.TagConverter/]: Creating new forge tag forge:potions
[12Jul2025 20:10:40.895] [Worker-Main-3/DEBUG] [org.sinytra.connector.mod.compat.TagConverter/]: Creating new forge tag forge:buckets/milk
[12Jul2025 20:10:40.895] [Worker-Main-3/DEBUG] [org.sinytra.connector.mod.compat.TagConverter/]: Creating new forge tag forge:storage_blocks/budding
[12Jul2025 20:10:40.895] [Worker-Main-3/DEBUG] [org.sinytra.connector.mod.compat.TagConverter/]: Creating new forge tag forge:coal
[12Jul2025 20:10:40.895] [Worker-Main-3/DEBUG] [org.sinytra.connector.mod.compat.TagConverter/]: Creating new forge tag forge:quartz
[12Jul2025 20:10:40.895] [Worker-Main-3/DEBUG] [org.sinytra.connector.mod.compat.TagConverter/]: Creating new forge tag forge:stairs/uncolored_sandstone
[12Jul2025 20:10:40.895] [Worker-Main-3/DEBUG] [org.sinytra.connector.mod.compat.TagConverter/]: Creating new forge tag forge:foods
[12Jul2025 20:10:40.895] [Worker-Main-3/DEBUG] [org.sinytra.connector.mod.compat.TagConverter/]: Creating new forge tag forge:buckets/lava
[12Jul2025 20:10:40.895] [Worker-Main-3/DEBUG] [org.sinytra.connector.mod.compat.TagConverter/]: Creating new forge tag forge:lapis
[12Jul2025 20:10:40.895] [Worker-Main-3/DEBUG] [org.sinytra.connector.mod.compat.TagConverter/]: Found existing singular prefixed forge tag forge:gems/emerald
[12Jul2025 20:10:40.896] [Worker-Main-3/DEBUG] [org.sinytra.connector.mod.compat.TagConverter/]: Creating new forge tag forge:clusters
[12Jul2025 20:10:40.896] [Worker-Main-3/DEBUG] [org.sinytra.connector.mod.compat.TagConverter/]: Creating new forge tag forge:buckets/water
[12Jul2025 20:10:40.896] [Worker-Main-3/DEBUG] [org.sinytra.connector.mod.compat.TagConverter/]: Creating new forge tag forge:buckets/empty
[12Jul2025 20:10:40.896] [Worker-Main-3/DEBUG] [org.sinytra.connector.mod.compat.TagConverter/]: Creating new forge tag forge:stairs/red_sandstone
[12Jul2025 20:10:40.896] [Worker-Main-3/DEBUG] [org.sinytra.connector.mod.compat.TagConverter/]: Creating new forge tag forge:stairs/sandstone
[12Jul2025 20:10:40.896] [Worker-Main-3/DEBUG] [org.sinytra.connector.mod.compat.TagConverter/]: Found existing vanilla tag minecraft:axes
[12Jul2025 20:10:40.896] [Worker-Main-3/DEBUG] [org.sinytra.connector.mod.compat.TagConverter/]: Found existing vanilla tag minecraft:shovels
[12Jul2025 20:10:40.896] [Worker-Main-3/DEBUG] [org.sinytra.connector.mod.compat.TagConverter/]: Creating new forge tag forge:slabs/red_sandstone
[12Jul2025 20:10:40.896] [Worker-Main-3/DEBUG] [org.sinytra.connector.mod.compat.TagConverter/]: Found existing singular prefixed forge tag forge:gems/diamond
[12Jul2025 20:10:40.896] [Worker-Main-3/DEBUG] [org.sinytra.connector.mod.compat.TagConverter/]: Creating new forge tag forge:storage_blocks/uncolored_sandstone
[12Jul2025 20:10:40.896] [Worker-Main-3/DEBUG] [org.sinytra.connector.mod.compat.TagConverter/]: Found existing vanilla tag minecraft:hoes
[12Jul2025 20:10:40.897] [Worker-Main-3/DEBUG] [org.sinytra.connector.mod.compat.TagConverter/]: Found existing prefixed forge tag forge:tools/bows
[12Jul2025 20:10:40.897] [Worker-Main-3/DEBUG] [org.sinytra.connector.mod.compat.TagConverter/]: Creating new forge tag forge:boxes/shulker
[12Jul2025 20:10:40.897] [Worker-Main-3/DEBUG] [org.sinytra.connector.mod.compat.TagConverter/]: Creating new forge tag forge:storage_blocks/glass
[12Jul2025 20:10:40.897] [Worker-Main-3/DEBUG] [org.sinytra.connector.mod.compat.TagConverter/]: Creating new forge tag forge:sites/villager_job
[12Jul2025 20:10:40.897] [Worker-Main-3/DEBUG] [org.sinytra.connector.mod.compat.TagConverter/]: Converted 75 tags in 4 ms
[12Jul2025 20:10:40.987] [Worker-Main-2/DEBUG] [org.sinytra.connector.mod.compat.TagConverter/]: Creating new forge tag forge:slabs/sandstone
[12Jul2025 20:10:40.988] [Worker-Main-2/DEBUG] [org.sinytra.connector.mod.compat.TagConverter/]: Creating new forge tag forge:slabs/uncolored_sandstone
[12Jul2025 20:10:40.988] [Worker-Main-2/DEBUG] [org.sinytra.connector.mod.compat.TagConverter/]: Creating new forge tag forge:slabs/red_sandstone
[12Jul2025 20:10:40.988] [Worker-Main-2/DEBUG] [org.sinytra.connector.mod.compat.TagConverter/]: Creating new forge tag forge:buds
[12Jul2025 20:10:40.988] [Worker-Main-2/DEBUG] [org.sinytra.connector.mod.compat.TagConverter/]: Creating new forge tag forge:storage_blocks/sandstone
[12Jul2025 20:10:40.989] [Worker-Main-2/DEBUG] [org.sinytra.connector.mod.compat.TagConverter/]: Creating new forge tag forge:storage_blocks/uncolored_sandstone
[12Jul2025 20:10:40.989] [Worker-Main-2/DEBUG] [org.sinytra.connector.mod.compat.TagConverter/]: Creating new forge tag forge:storage_blocks/red_sandstone
[12Jul2025 20:10:40.989] [Worker-Main-2/DEBUG] [org.sinytra.connector.mod.compat.TagConverter/]: Creating new forge tag forge:storage_blocks/red_sandstone
[12Jul2025 20:10:40.989] [Worker-Main-2/DEBUG] [org.sinytra.connector.mod.compat.TagConverter/]: Creating new forge tag forge:clusters
[12Jul2025 20:10:40.989] [Worker-Main-2/DEBUG] [org.sinytra.connector.mod.compat.TagConverter/]: Creating new forge tag forge:slabs/uncolored_sandstone
[12Jul2025 20:10:40.989] [Worker-Main-2/DEBUG] [org.sinytra.connector.mod.compat.TagConverter/]: Creating new forge tag forge:stairs/red_sandstone
[12Jul2025 20:10:40.990] [Worker-Main-2/DEBUG] [org.sinytra.connector.mod.compat.TagConverter/]: Creating new forge tag forge:stairs/sandstone
[12Jul2025 20:10:40.990] [Worker-Main-2/DEBUG] [org.sinytra.connector.mod.compat.TagConverter/]: Creating new forge tag forge:stairs/uncolored_sandstone
[12Jul2025 20:10:40.990] [Worker-Main-2/DEBUG] [org.sinytra.connector.mod.compat.TagConverter/]: Creating new forge tag forge:panes/glass
[12Jul2025 20:10:40.990] [Worker-Main-2/DEBUG] [org.sinytra.connector.mod.compat.TagConverter/]: Creating new forge tag forge:slabs/red_sandstone
[12Jul2025 20:10:40.990] [Worker-Main-2/DEBUG] [org.sinytra.connector.mod.compat.TagConverter/]: Creating new forge tag forge:storage_blocks/uncolored_sandstone
[12Jul2025 20:10:40.990] [Worker-Main-2/DEBUG] [org.sinytra.connector.mod.compat.TagConverter/]: Creating new forge tag forge:storage_blocks/budding
[12Jul2025 20:10:40.990] [Worker-Main-2/DEBUG] [org.sinytra.connector.mod.compat.TagConverter/]: Creating new forge tag forge:boxes/shulker
[12Jul2025 20:10:40.990] [Worker-Main-2/DEBUG] [org.sinytra.connector.mod.compat.TagConverter/]: Creating new forge tag forge:storage_blocks/glass
[12Jul2025 20:10:40.990] [Worker-Main-2/DEBUG] [org.sinytra.connector.mod.compat.TagConverter/]: Creating new forge tag forge:sites/villager_job
[12Jul2025 20:10:40.990] [Worker-Main-2/DEBUG] [org.sinytra.connector.mod.compat.TagConverter/]: Creating new forge tag forge:stairs/uncolored_sandstone
[12Jul2025 20:10:40.990] [Worker-Main-2/DEBUG] [org.sinytra.connector.mod.compat.TagConverter/]: Converted 21 tags in 3 ms
[12Jul2025 20:10:41.216] [Worker-Main-1/DEBUG] [net.minecraftforge.coremod.transformer.CoreModBaseTransformer/COREMOD]: Transforming net/minecraft/world/entity/raid/Raid
[12Jul2025 20:10:41.709] [main/DEBUG] [mixin/]: Mixing LootTableBuilderMixin from fabric-loot-api-v2.mixins.json into net.minecraft.world.level.storage.loot.LootTable$Builder
[12Jul2025 20:10:41.709] [main/DEBUG] [mixin/]: fabric-loot-api-v2.mixins.json:LootTableBuilderMixin from mod fabric_loot_api_v2: Class version 61 required is higher than the class version supported by the current version of Mixin (JAVA_8 supports class version 52)
[12Jul2025 20:10:41.868] [main/DEBUG] [mixin/]: Mixing ingredient.ShapelessRecipeMixin from fabric-recipe-api-v1.mixins.json into net.minecraft.world.item.crafting.ShapelessRecipe
[12Jul2025 20:10:41.872] [main/DEBUG] [mixin/]: fabric-recipe-api-v1.mixins.json:ingredient.ShapelessRecipeMixin from mod fabric_recipe_api_v1->@Inject::cacheRequiresTesting(Lnet/minecraft/resources/ResourceLocation;Ljava/lang/String;Lnet/minecraft/world/item/crafting/CraftingBookCategory;Lnet/minecraft/world/item/ItemStack;Lnet/minecraft/core/NonNullList;Lorg/spongepowered/asm/mixin/injection/callback/CallbackInfo;)V doesn't use it's CallbackInfo
[12Jul2025 20:10:41.873] [main/DEBUG] [mixin/]: fabric-recipe-api-v1.mixins.json:ingredient.ShapelessRecipeMixin from mod fabric_recipe_api_v1->@Inject::cacheRequiresTesting(Lnet/minecraft/resources/ResourceLocation;Ljava/lang/String;Lnet/minecraft/world/item/crafting/CraftingBookCategory;Lnet/minecraft/world/item/ItemStack;Lnet/minecraft/core/NonNullList;Lorg/spongepowered/asm/mixin/injection/callback/CallbackInfo;)V has 0 override(s) in child classes
[12Jul2025 20:10:41.873] [main/DEBUG] [mixin/]: fabric-recipe-api-v1.mixins.json:ingredient.ShapelessRecipeMixin from mod fabric_recipe_api_v1->@Inject::cacheRequiresTesting(Lnet/minecraft/resources/ResourceLocation;Ljava/lang/String;Lnet/minecraft/world/item/crafting/CraftingBookCategory;Lnet/minecraft/world/item/ItemStack;Lnet/minecraft/core/NonNullList;Lorg/spongepowered/asm/mixin/injection/callback/CallbackInfo;)V won't be passed a CallbackInfo as a result
[12Jul2025 20:10:41.873] [main/DEBUG] [mixin/]: fabric-recipe-api-v1.mixins.json:ingredient.ShapelessRecipeMixin from mod fabric_recipe_api_v1->@Inject::customIngredientMatch(Lnet/minecraft/world/inventory/CraftingContainer;Lnet/minecraft/world/level/Level;Lorg/spongepowered/asm/mixin/injection/callback/CallbackInfoReturnable;)V does use it's CallbackInfoReturnable
[12Jul2025 20:10:41.924] [main/INFO] [net.minecraft.world.item.crafting.RecipeManager/]: Loaded 8 recipes
[12Jul2025 20:10:41.932] [main/DEBUG] [mixin/]: Mixing CriteriaAccessor from fabric-object-builder-v1.mixins.json into net.minecraft.advancements.CriteriaTriggers
[12Jul2025 20:10:41.933] [main/DEBUG] [mixin/]: fabric-object-builder-v1.mixins.json:CriteriaAccessor from mod fabric_object_builder_api_v1: Class version 61 required is higher than the class version supported by the current version of Mixin (JAVA_16 supports class version 60)
[12Jul2025 20:10:41.933] [main/DEBUG] [mixin/]: Renaming @Invoker method callRegister(Lnet/minecraft/advancements/CriterionTrigger;)Lnet/minecraft/advancements/CriterionTrigger; to callRegister$fabric_object_builder_api_v1_$md$54bf2d$0 in fabric-object-builder-v1.mixins.json:CriteriaAccessor from mod fabric_object_builder_api_v1
[12Jul2025 20:10:42.089] [main/ERROR] [net.minecraft.advancements.AdvancementList/]: Couldn't load advancement death_angels:death_angel_destroyer: Task Advancement{parentId=death_angels:death_angel_destroyer, display=net.minecraft.advancements.DisplayInfo@328acd4e, rewards=AdvancementRewards{experience=10, loot=[death_angels:blocks/plutonium_ore], recipes=[], function=net.minecraft.commands.CommandFunction$CacheableFunction@39ce5462}, criteria={death_angel_destroyer_0=net.minecraft.advancements.Criterion@3f6be80d}, requirements=[[death_angel_destroyer_0]], sends_telemetry_event=false}
[12Jul2025 20:10:42.089] [main/INFO] [net.minecraft.advancements.AdvancementList/]: Loaded 1310 advancements
[12Jul2025 20:10:42.647] [main/DEBUG] [FabricRegistrySync/]: Starting registry save
[12Jul2025 20:10:42.647] [main/DEBUG] [FabricRegistrySync/]: Not saving registry: minecraft:command_argument_type
[12Jul2025 20:10:42.648] [main/DEBUG] [FabricRegistrySync/]: Not saving registry: minecraft:item
[12Jul2025 20:10:42.648] [main/DEBUG] [FabricRegistrySync/]: Not saving registry: minecraft:block_entity_type
[12Jul2025 20:10:42.648] [main/DEBUG] [FabricRegistrySync/]: Not saving registry: minecraft:custom_stat
[12Jul2025 20:10:42.648] [main/DEBUG] [FabricRegistrySync/]: Not saving registry: minecraft:worldgen/foliage_placer_type
[12Jul2025 20:10:42.648] [main/DEBUG] [FabricRegistrySync/]: Not saving registry: minecraft:stat_type
[12Jul2025 20:10:42.648] [main/DEBUG] [FabricRegistrySync/]: Not saving registry: minecraft:worldgen/material_rule
[12Jul2025 20:10:42.648] [main/DEBUG] [FabricRegistrySync/]: Not saving registry: minecraft:worldgen/structure_type
[12Jul2025 20:10:42.648] [main/DEBUG] [FabricRegistrySync/]: Not saving registry: minecraft:attribute
[12Jul2025 20:10:42.648] [main/DEBUG] [FabricRegistrySync/]: Not saving registry: minecraft:position_source_type
[12Jul2025 20:10:42.648] [main/DEBUG] [FabricRegistrySync/]: Not saving registry: minecraft:height_provider_type
[12Jul2025 20:10:42.648] [main/DEBUG] [FabricRegistrySync/]: Not saving registry: minecraft:rule_block_entity_modifier
[12Jul2025 20:10:42.648] [main/DEBUG] [FabricRegistrySync/]: Not saving registry: minecraft:worldgen/density_function_type
[12Jul2025 20:10:42.648] [main/DEBUG] [FabricRegistrySync/]: Not saving registry: minecraft:fluid
[12Jul2025 20:10:42.648] [main/DEBUG] [FabricRegistrySync/]: Not saving registry: forge:global_loot_modifier_serializers
[12Jul2025 20:10:42.648] [main/DEBUG] [FabricRegistrySync/]: Not saving registry: minecraft:loot_condition_type
[12Jul2025 20:10:42.648] [main/DEBUG] [FabricRegistrySync/]: Not saving registry: minecraft:worldgen/structure_pool_element
[12Jul2025 20:10:42.648] [main/DEBUG] [FabricRegistrySync/]: Not saving registry: minecraft:activity
[12Jul2025 20:10:42.648] [main/DEBUG] [FabricRegistrySync/]: Not saving registry: minecraft:recipe_serializer
[12Jul2025 20:10:42.648] [main/DEBUG] [FabricRegistrySync/]: Not saving registry: minecraft:frog_variant
[12Jul2025 20:10:42.648] [main/DEBUG] [FabricRegistrySync/]: Not saving registry: minecraft:banner_pattern
[12Jul2025 20:10:42.648] [main/DEBUG] [FabricRegistrySync/]: Not saving registry: minecraft:instrument
[12Jul2025 20:10:42.648] [main/DEBUG] [FabricRegistrySync/]: Not saving registry: minecraft:decorated_pot_patterns
[12Jul2025 20:10:42.648] [main/DEBUG] [FabricRegistrySync/]: Not saving registry: minecraft:worldgen/feature_size_type
[12Jul2025 20:10:42.648] [main/DEBUG] [FabricRegistrySync/]: Not saving registry: minecraft:point_of_interest_type
[12Jul2025 20:10:42.648] [main/DEBUG] [FabricRegistrySync/]: Not saving registry: minecraft:mob_effect
[12Jul2025 20:10:42.648] [main/DEBUG] [FabricRegistrySync/]: Not saving registry: minecraft:loot_pool_entry_type
[12Jul2025 20:10:42.648] [main/DEBUG] [FabricRegistrySync/]: Not saving registry: minecraft:worldgen/block_state_provider_type
[12Jul2025 20:10:42.648] [main/DEBUG] [FabricRegistrySync/]: Not saving registry: minecraft:worldgen/chunk_generator
[12Jul2025 20:10:42.649] [main/DEBUG] [FabricRegistrySync/]: Not saving registry: minecraft:float_provider_type
[12Jul2025 20:10:42.649] [main/DEBUG] [FabricRegistrySync/]: Not saving registry: minecraft:chunk_status
[12Jul2025 20:10:42.649] [main/DEBUG] [FabricRegistrySync/]: Not saving registry: minecraft:enchantment
[12Jul2025 20:10:42.649] [main/DEBUG] [FabricRegistrySync/]: Not saving registry: minecraft:loot_function_type
[12Jul2025 20:10:42.649] [main/DEBUG] [FabricRegistrySync/]: Not saving registry: minecraft:worldgen/structure_processor
[12Jul2025 20:10:42.649] [main/DEBUG] [FabricRegistrySync/]: Not saving registry: minecraft:loot_score_provider_type
[12Jul2025 20:10:42.649] [main/DEBUG] [FabricRegistrySync/]: Not saving registry: minecraft:worldgen/tree_decorator_type
[12Jul2025 20:10:42.649] [main/DEBUG] [FabricRegistrySync/]: Not saving registry: minecraft:schedule
[12Jul2025 20:10:42.649] [main/DEBUG] [FabricRegistrySync/]: Not saving registry: minecraft:worldgen/material_condition
[12Jul2025 20:10:42.649] [main/DEBUG] [FabricRegistrySync/]: Not saving registry: minecraft:entity_type
[12Jul2025 20:10:42.649] [main/DEBUG] [FabricRegistrySync/]: Not saving registry: minecraft:villager_profession
[12Jul2025 20:10:42.649] [main/DEBUG] [FabricRegistrySync/]: Not saving registry: minecraft:potion
[12Jul2025 20:10:42.649] [main/DEBUG] [FabricRegistrySync/]: Not saving registry: minecraft:recipe_type
[12Jul2025 20:10:42.649] [main/DEBUG] [FabricRegistrySync/]: Not saving registry: minecraft:int_provider_type
[12Jul2025 20:10:42.649] [main/DEBUG] [FabricRegistrySync/]: Not saving registry: minecraft:worldgen/feature
[12Jul2025 20:10:42.649] [main/DEBUG] [FabricRegistrySync/]: Not saving registry: minecraft:cat_variant
[12Jul2025 20:10:42.649] [main/DEBUG] [FabricRegistrySync/]: Not saving registry: minecraft:pos_rule_test
[12Jul2025 20:10:42.649] [main/DEBUG] [FabricRegistrySync/]: Not saving registry: minecraft:worldgen/structure_placement
[12Jul2025 20:10:42.649] [main/DEBUG] [FabricRegistrySync/]: Not saving registry: minecraft:loot_nbt_provider_type
[12Jul2025 20:10:42.649] [main/DEBUG] [FabricRegistrySync/]: Not saving registry: minecraft:menu
[12Jul2025 20:10:42.649] [main/DEBUG] [FabricRegistrySync/]: Not saving registry: minecraft:worldgen/trunk_placer_type
[12Jul2025 20:10:42.649] [main/DEBUG] [FabricRegistrySync/]: Not saving registry: minecraft:creative_mode_tab
[12Jul2025 20:10:42.649] [main/DEBUG] [FabricRegistrySync/]: Not saving registry: minecraft:worldgen/placement_modifier_type
[12Jul2025 20:10:42.649] [main/DEBUG] [FabricRegistrySync/]: Not saving registry: minecraft:worldgen/carver
[12Jul2025 20:10:42.649] [main/DEBUG] [FabricRegistrySync/]: Not saving registry: minecraft:loot_number_provider_type
[12Jul2025 20:10:42.649] [main/DEBUG] [FabricRegistrySync/]: Not saving registry: minecraft:worldgen/structure_piece
[12Jul2025 20:10:42.649] [main/DEBUG] [FabricRegistrySync/]: Not saving registry: minecraft:sound_event
[12Jul2025 20:10:42.649] [main/DEBUG] [FabricRegistrySync/]: Not saving registry: minecraft:particle_type
[12Jul2025 20:10:42.650] [main/DEBUG] [FabricRegistrySync/]: Not saving registry: minecraft:game_event
[12Jul2025 20:10:42.650] [main/DEBUG] [FabricRegistrySync/]: Not saving registry: minecraft:worldgen/biome_source
[12Jul2025 20:10:42.650] [main/DEBUG] [FabricRegistrySync/]: Not saving registry: minecraft:worldgen/root_placer_type
[12Jul2025 20:10:42.650] [main/DEBUG] [FabricRegistrySync/]: Not saving registry: minecraft:villager_type
[12Jul2025 20:10:42.650] [main/DEBUG] [FabricRegistrySync/]: Not saving registry: minecraft:painting_variant
[12Jul2025 20:10:42.650] [main/DEBUG] [FabricRegistrySync/]: Not saving registry: forge:fluid_type
[12Jul2025 20:10:42.650] [main/DEBUG] [FabricRegistrySync/]: Not saving registry: minecraft:block_predicate_type
[12Jul2025 20:10:42.650] [main/DEBUG] [FabricRegistrySync/]: Not saving registry: minecraft:block
[12Jul2025 20:10:42.650] [main/DEBUG] [FabricRegistrySync/]: Not saving registry: forge:entity_data_serializers
[12Jul2025 20:10:42.650] [main/DEBUG] [FabricRegistrySync/]: Not saving registry: minecraft:sensor_type
[12Jul2025 20:10:42.650] [main/DEBUG] [FabricRegistrySync/]: Not saving registry: minecraft:rule_test
[12Jul2025 20:10:42.650] [main/DEBUG] [FabricRegistrySync/]: Not saving registry: minecraft:memory_module_type
[12Jul2025 20:10:42.650] [main/DEBUG] [FabricRegistrySync/]: Not saving empty registry data
[12Jul2025 20:10:42.699] [main/DEBUG] [net.minecraftforge.common.ForgeHooks/WP]: Gathering id map for writing to world save world
[12Jul2025 20:10:42.719] [main/DEBUG] [net.minecraftforge.common.ForgeHooks/WP]: ID Map collection complete world
[12Jul2025 20:10:42.798] [Server thread/INFO] [net.minecraft.server.dedicated.DedicatedServer/]: Starting minecraft server version 1.20.1
[12Jul2025 20:10:42.798] [Server thread/INFO] [net.minecraft.server.dedicated.DedicatedServer/]: Loading properties
[12Jul2025 20:10:42.798] [Server thread/INFO] [net.minecraft.server.dedicated.DedicatedServer/]: Default game type: SURVIVAL
[12Jul2025 20:10:42.798] [Server thread/INFO] [net.minecraft.server.MinecraftServer/]: Generating keypair
[12Jul2025 20:10:42.982] [Server thread/INFO] [net.minecraft.server.dedicated.DedicatedServer/]: Starting Minecraft server on *:25565
[12Jul2025 20:10:42.983] [Server thread/DEBUG] [net.minecraftforge.network.DualStackUtils/]: Detected IPv6 address: "0:0:0:0:0:0:0:0"
[12Jul2025 20:10:42.991] [Server thread/DEBUG] [io.netty.util.internal.NativeLibraryLoader/]: -Dio.netty.native.workdir: /tmp (io.netty.tmpdir)
[12Jul2025 20:10:42.991] [Server thread/DEBUG] [io.netty.util.internal.NativeLibraryLoader/]: -Dio.netty.native.deleteLibAfterLoading: true
[12Jul2025 20:10:42.991] [Server thread/DEBUG] [io.netty.util.internal.NativeLibraryLoader/]: -Dio.netty.native.tryPatchShadedId: true
[12Jul2025 20:10:42.991] [Server thread/DEBUG] [io.netty.util.internal.NativeLibraryLoader/]: -Dio.netty.native.detectNativeLibraryDuplicates: true
[12Jul2025 20:10:42.999] [Server thread/DEBUG] [io.netty.util.internal.NativeLibraryLoader/]: Successfully loaded the library /tmp/libnetty_transport_native_epoll_x86_644367365080540278959.so
[12Jul2025 20:10:43.004] [Server thread/DEBUG] [io.netty.util.NetUtil/]: -Djava.net.preferIPv4Stack: false
[12Jul2025 20:10:43.004] [Server thread/DEBUG] [io.netty.util.NetUtil/]: -Djava.net.preferIPv6Addresses: true
[12Jul2025 20:10:43.005] [Server thread/DEBUG] [io.netty.util.NetUtilInitializations/]: Loopback interface: lo (lo, 0:0:0:0:0:0:0:1%lo)
[12Jul2025 20:10:43.006] [Server thread/DEBUG] [io.netty.util.NetUtil/]: /proc/sys/net/core/somaxconn: 4096
[12Jul2025 20:10:43.010] [Server thread/INFO] [net.minecraft.server.network.ServerConnectionListener/]: Using epoll channel type
[12Jul2025 20:10:43.025] [Server thread/DEBUG] [mixin/]: Mixing ClientConnectionMixin from fabric-networking-api-v1.mixins.json into net.minecraft.network.Connection
[12Jul2025 20:10:43.026] [Server thread/DEBUG] [mixin/]: fabric-networking-api-v1.mixins.json:ClientConnectionMixin from mod fabric_networking_api_v1: Class version 61 required is higher than the class version supported by the current version of Mixin (JAVA_16 supports class version 60)
[12Jul2025 20:10:43.038] [Server thread/DEBUG] [mixin/]: fabric-networking-api-v1.mixins.json:ClientConnectionMixin from mod fabric_networking_api_v1->@Inject::initAddedFields(Lnet/minecraft/network/protocol/PacketFlow;Lorg/spongepowered/asm/mixin/injection/callback/CallbackInfo;)V doesn't use it's CallbackInfo
[12Jul2025 20:10:43.039] [Server thread/DEBUG] [mixin/]: fabric-networking-api-v1.mixins.json:ClientConnectionMixin from mod fabric_networking_api_v1->@Inject::initAddedFields(Lnet/minecraft/network/protocol/PacketFlow;Lorg/spongepowered/asm/mixin/injection/callback/CallbackInfo;)V has 0 override(s) in child classes
[12Jul2025 20:10:43.039] [Server thread/DEBUG] [mixin/]: fabric-networking-api-v1.mixins.json:ClientConnectionMixin from mod fabric_networking_api_v1->@Inject::initAddedFields(Lnet/minecraft/network/protocol/PacketFlow;Lorg/spongepowered/asm/mixin/injection/callback/CallbackInfo;)V won't be passed a CallbackInfo as a result
[12Jul2025 20:10:43.039] [Server thread/DEBUG] [mixin/]: fabric-networking-api-v1.mixins.json:ClientConnectionMixin from mod fabric_networking_api_v1->@Inject::checkPacket(Lnet/minecraft/network/protocol/Packet;Lnet/minecraft/network/PacketSendListener;Lorg/spongepowered/asm/mixin/injection/callback/CallbackInfo;)V doesn't use it's CallbackInfo
[12Jul2025 20:10:43.039] [Server thread/DEBUG] [mixin/]: fabric-networking-api-v1.mixins.json:ClientConnectionMixin from mod fabric_networking_api_v1->@Inject::checkPacket(Lnet/minecraft/network/protocol/Packet;Lnet/minecraft/network/PacketSendListener;Lorg/spongepowered/asm/mixin/injection/callback/CallbackInfo;)V has 0 override(s) in child classes
[12Jul2025 20:10:43.039] [Server thread/DEBUG] [mixin/]: fabric-networking-api-v1.mixins.json:ClientConnectionMixin from mod fabric_networking_api_v1->@Inject::checkPacket(Lnet/minecraft/network/protocol/Packet;Lnet/minecraft/network/PacketSendListener;Lorg/spongepowered/asm/mixin/injection/callback/CallbackInfo;)V won't be passed a CallbackInfo as a result
[12Jul2025 20:10:43.039] [Server thread/DEBUG] [mixin/]: fabric-networking-api-v1.mixins.json:ClientConnectionMixin from mod fabric_networking_api_v1->@Inject::checkPacket(Lnet/minecraft/network/protocol/Packet;Lnet/minecraft/network/PacketSendListener;Lorg/spongepowered/asm/mixin/injection/callback/CallbackInfo;)V doesn't use it's CallbackInfo
[12Jul2025 20:10:43.039] [Server thread/DEBUG] [mixin/]: fabric-networking-api-v1.mixins.json:ClientConnectionMixin from mod fabric_networking_api_v1->@Inject::checkPacket(Lnet/minecraft/network/protocol/Packet;Lnet/minecraft/network/PacketSendListener;Lorg/spongepowered/asm/mixin/injection/callback/CallbackInfo;)V has 0 override(s) in child classes
[12Jul2025 20:10:43.039] [Server thread/DEBUG] [mixin/]: fabric-networking-api-v1.mixins.json:ClientConnectionMixin from mod fabric_networking_api_v1->@Inject::checkPacket(Lnet/minecraft/network/protocol/Packet;Lnet/minecraft/network/PacketSendListener;Lorg/spongepowered/asm/mixin/injection/callback/CallbackInfo;)V won't be passed a CallbackInfo as a result
[12Jul2025 20:10:43.039] [Server thread/DEBUG] [mixin/]: fabric-networking-api-v1.mixins.json:ClientConnectionMixin from mod fabric_networking_api_v1->@Inject::handleDisconnect(Lio/netty/channel/ChannelHandlerContext;Lorg/spongepowered/asm/mixin/injection/callback/CallbackInfo;)V doesn't use it's CallbackInfo
[12Jul2025 20:10:43.039] [Server thread/DEBUG] [mixin/]: fabric-networking-api-v1.mixins.json:ClientConnectionMixin from mod fabric_networking_api_v1->@Inject::handleDisconnect(Lio/netty/channel/ChannelHandlerContext;Lorg/spongepowered/asm/mixin/injection/callback/CallbackInfo;)V has 0 override(s) in child classes
[12Jul2025 20:10:43.039] [Server thread/DEBUG] [mixin/]: fabric-networking-api-v1.mixins.json:ClientConnectionMixin from mod fabric_networking_api_v1->@Inject::handleDisconnect(Lio/netty/channel/ChannelHandlerContext;Lorg/spongepowered/asm/mixin/injection/callback/CallbackInfo;)V won't be passed a CallbackInfo as a result
[12Jul2025 20:10:43.040] [Server thread/DEBUG] [mixin/]: fabric-networking-api-v1.mixins.json:ClientConnectionMixin from mod fabric_networking_api_v1->@Inject::sendInternal(Lnet/minecraft/network/protocol/Packet;Lnet/minecraft/network/PacketSendListener;Lnet/minecraft/network/ConnectionProtocol;Lnet/minecraft/network/ConnectionProtocol;Lorg/spongepowered/asm/mixin/injection/callback/CallbackInfo;Lio/netty/channel/ChannelFuture;)V does use it's CallbackInfo
[12Jul2025 20:10:43.047] [Server thread/DEBUG] [io.netty.channel.MultithreadEventLoopGroup/]: -Dio.netty.eventLoopThreads: 8
[12Jul2025 20:10:43.058] [Server thread/DEBUG] [io.netty.util.internal.InternalThreadLocalMap/]: -Dio.netty.threadLocalMap.stringBuilder.initialSize: 1024
[12Jul2025 20:10:43.058] [Server thread/DEBUG] [io.netty.util.internal.InternalThreadLocalMap/]: -Dio.netty.threadLocalMap.stringBuilder.maxSize: 4096
[12Jul2025 20:10:43.067] [Server thread/DEBUG] [io.netty.util.internal.PlatformDependent/]: org.jctools-core.MpscChunkedArrayQueue: available
[12Jul2025 20:10:43.076] [Server thread/DEBUG] [io.netty.channel.DefaultChannelId/]: -Dio.netty.processId: 3586 (auto-detected)
[12Jul2025 20:10:43.077] [Server thread/DEBUG] [io.netty.channel.DefaultChannelId/]: -Dio.netty.machineId: 7c:1e:52:ff:fe:e5:28:cf (auto-detected)
[12Jul2025 20:10:43.099] [Server thread/DEBUG] [io.netty.buffer.PooledByteBufAllocator/]: -Dio.netty.allocator.numHeapArenas: 8
[12Jul2025 20:10:43.099] [Server thread/DEBUG] [io.netty.buffer.PooledByteBufAllocator/]: -Dio.netty.allocator.numDirectArenas: 8
[12Jul2025 20:10:43.099] [Server thread/DEBUG] [io.netty.buffer.PooledByteBufAllocator/]: -Dio.netty.allocator.pageSize: 8192
[12Jul2025 20:10:43.099] [Server thread/DEBUG] [io.netty.buffer.PooledByteBufAllocator/]: -Dio.netty.allocator.maxOrder: 9
[12Jul2025 20:10:43.100] [Server thread/DEBUG] [io.netty.buffer.PooledByteBufAllocator/]: -Dio.netty.allocator.chunkSize: 4194304
[12Jul2025 20:10:43.100] [Server thread/DEBUG] [io.netty.buffer.PooledByteBufAllocator/]: -Dio.netty.allocator.smallCacheSize: 256
[12Jul2025 20:10:43.100] [Server thread/DEBUG] [io.netty.buffer.PooledByteBufAllocator/]: -Dio.netty.allocator.normalCacheSize: 64
[12Jul2025 20:10:43.100] [Server thread/DEBUG] [io.netty.buffer.PooledByteBufAllocator/]: -Dio.netty.allocator.maxCachedBufferCapacity: 32768
[12Jul2025 20:10:43.100] [Server thread/DEBUG] [io.netty.buffer.PooledByteBufAllocator/]: -Dio.netty.allocator.cacheTrimInterval: 8192
[12Jul2025 20:10:43.100] [Server thread/DEBUG] [io.netty.buffer.PooledByteBufAllocator/]: -Dio.netty.allocator.cacheTrimIntervalMillis: 0
[12Jul2025 20:10:43.100] [Server thread/DEBUG] [io.netty.buffer.PooledByteBufAllocator/]: -Dio.netty.allocator.useCacheForAllThreads: false
[12Jul2025 20:10:43.100] [Server thread/DEBUG] [io.netty.buffer.PooledByteBufAllocator/]: -Dio.netty.allocator.maxCachedByteBuffersPerChunk: 1023
[12Jul2025 20:10:43.107] [Server thread/DEBUG] [io.netty.buffer.ByteBufUtil/]: -Dio.netty.allocator.type: pooled
[12Jul2025 20:10:43.107] [Server thread/DEBUG] [io.netty.buffer.ByteBufUtil/]: -Dio.netty.threadLocalDirectBufferSize: 0
[12Jul2025 20:10:43.107] [Server thread/DEBUG] [io.netty.buffer.ByteBufUtil/]: -Dio.netty.maxThreadLocalCharBufferSize: 16384
[12Jul2025 20:10:43.115] [Server thread/WARN] [net.minecraft.server.dedicated.DedicatedServer/]: **** SERVER IS RUNNING IN OFFLINE/INSECURE MODE!
[12Jul2025 20:10:43.115] [Server thread/WARN] [net.minecraft.server.dedicated.DedicatedServer/]: The server will make no attempt to authenticate usernames. Beware.
[12Jul2025 20:10:43.116] [Server thread/WARN] [net.minecraft.server.dedicated.DedicatedServer/]: While this makes the game possible to play without internet access, it also opens up the ability for hackers to connect with any username they choose.
[12Jul2025 20:10:43.116] [Server thread/WARN] [net.minecraft.server.dedicated.DedicatedServer/]: To change this, set "online-mode" to "true" in the server.properties file.
[12Jul2025 20:10:43.124] [Server thread/DEBUG] [mixin/]: Mixing SerializableRegistriesMixin from fabric-registry-sync-v0.mixins.json into net.minecraft.core.RegistrySynchronization
[12Jul2025 20:10:43.124] [Server thread/DEBUG] [mixin/]: fabric-registry-sync-v0.mixins.json:SerializableRegistriesMixin from mod fabric_registry_sync_v0: Class version 61 required is higher than the class version supported by the current version of Mixin (JAVA_16 supports class version 60)
[12Jul2025 20:10:43.125] [Server thread/DEBUG] [mixin/]: Renaming synthetic method lambda$filterNonSyncedEntries$0(Lnet/minecraft/core/RegistryAccess$RegistryEntry;)Z to md54bf2d$fabric_registry_sync_v0$lambda$filterNonSyncedEntries$0$0 in fabric-registry-sync-v0.mixins.json:SerializableRegistriesMixin from mod fabric_registry_sync_v0
[12Jul2025 20:10:43.132] [Server thread/DEBUG] [net.minecraftforge.fml.config.ConfigTracker/CONFIG]: Loading configs type SERVER
[12Jul2025 20:10:43.132] [Server thread/DEBUG] [net.minecraftforge.fml.config.ConfigFileTypeHandler/CONFIG]: Built TOML config for ./world/serverconfig/forge-server.toml
[12Jul2025 20:10:43.133] [Server thread/DEBUG] [net.minecraftforge.fml.config.ConfigFileTypeHandler/CONFIG]: Loaded TOML config file ./world/serverconfig/forge-server.toml
[12Jul2025 20:10:43.134] [Server thread/DEBUG] [net.minecraftforge.fml.config.ConfigFileTypeHandler/CONFIG]: Watching TOML config file ./world/serverconfig/forge-server.toml for changes
[12Jul2025 20:10:43.134] [Server thread/DEBUG] [net.minecraftforge.common.ForgeConfig/FORGEMOD]: Loaded forge config file forge-server.toml
[12Jul2025 20:10:43.135] [Thread-3/DEBUG] [net.minecraftforge.fml.config.ConfigFileTypeHandler/CONFIG]: Config file forge-server.toml changed, sending notifies
[12Jul2025 20:10:43.135] [Thread-3/DEBUG] [net.minecraftforge.common.ForgeConfig/FORGEMOD]: Forge config just got changed on the file system!
[12Jul2025 20:10:43.135] [Thread-3/DEBUG] [net.minecraftforge.fml.config.ConfigFileTypeHandler/CONFIG]: Config file forge-server.toml changed, sending notifies
[12Jul2025 20:10:43.135] [Thread-3/DEBUG] [net.minecraftforge.common.ForgeConfig/FORGEMOD]: Forge config just got changed on the file system!
[12Jul2025 20:10:43.200] [Server thread/DEBUG] [mixin/]: Mixing TradeOffersTypeAwareBuyForOneEmeraldFactoryMixin from fabric-object-builder-v1.mixins.json into net.minecraft.world.entity.npc.VillagerTrades$EmeraldsForVillagerTypeItem
[12Jul2025 20:10:43.200] [Server thread/DEBUG] [mixin/]: fabric-object-builder-v1.mixins.json:TradeOffersTypeAwareBuyForOneEmeraldFactoryMixin from mod fabric_object_builder_api_v1: Class version 61 required is higher than the class version supported by the current version of Mixin (JAVA_16 supports class version 60)
[12Jul2025 20:10:43.202] [Server thread/DEBUG] [mixin/]: fabric-object-builder-v1.mixins.json:TradeOffersTypeAwareBuyForOneEmeraldFactoryMixin from mod fabric_object_builder_api_v1->@Inject::failOnNullItem(Lnet/minecraft/world/entity/Entity;Lnet/minecraft/util/RandomSource;Lorg/spongepowered/asm/mixin/injection/callback/CallbackInfoReturnable;Lnet/minecraft/world/item/ItemStack;)V does use it's CallbackInfoReturnable
[12Jul2025 20:10:43.213] [Server thread/INFO] [net.minecraft.server.dedicated.DedicatedServer/]: Preparing level "world"
[12Jul2025 20:10:43.217] [Server thread/DEBUG] [net.minecraftforge.coremod.transformer.CoreModBaseTransformer/COREMOD]: Transforming net/minecraft/world/level/levelgen/PhantomSpawner
[12Jul2025 20:10:43.229] [Server thread/DEBUG] [net.minecraftforge.coremod.transformer.CoreModBaseTransformer/COREMOD]: Transforming net/minecraft/world/level/levelgen/PatrolSpawner
[12Jul2025 20:10:43.238] [Server thread/DEBUG] [net.minecraftforge.coremod.transformer.CoreModBaseTransformer/COREMOD]: Transforming net/minecraft/world/entity/npc/CatSpawner
[12Jul2025 20:10:43.246] [Server thread/DEBUG] [net.minecraftforge.coremod.transformer.CoreModBaseTransformer/COREMOD]: Transforming net/minecraft/world/entity/ai/village/VillageSiege
[12Jul2025 20:10:43.288] [Server thread/INFO] [surveyor/]: [Surveyor] Loading data for minecraft:overworld
[12Jul2025 20:10:44.835] [Server thread/INFO] [surveyor/]: [Surveyor] Finished loading data for minecraft:overworld
[12Jul2025 20:10:44.851] [Server thread/DEBUG] [mixin/]: Mixing ServerWorldServerEntityHandlerMixin from fabric-lifecycle-events-v1.mixins.json into net.minecraft.server.level.ServerLevel$EntityCallbacks
[12Jul2025 20:10:44.853] [Server thread/DEBUG] [mixin/]: fabric-lifecycle-events-v1.mixins.json:ServerWorldServerEntityHandlerMixin from mod fabric_lifecycle_events_v1->@Inject::invokeEntityLoadEvent(Lnet/minecraft/world/entity/Entity;Lorg/spongepowered/asm/mixin/injection/callback/CallbackInfo;)V doesn't use it's CallbackInfo
[12Jul2025 20:10:44.853] [Server thread/DEBUG] [mixin/]: fabric-lifecycle-events-v1.mixins.json:ServerWorldServerEntityHandlerMixin from mod fabric_lifecycle_events_v1->@Inject::invokeEntityUnloadEvent(Lnet/minecraft/world/entity/Entity;Lorg/spongepowered/asm/mixin/injection/callback/CallbackInfo;)V doesn't use it's CallbackInfo
[12Jul2025 20:10:44.867] [Server thread/DEBUG] [mixin/]: Mixing MixinThreadedAnvilChunkStorage from surveyor.mixins.json into net.minecraft.server.level.ChunkMap
[12Jul2025 20:10:44.869] [Server thread/DEBUG] [mixin/]: Mixing accessor.ThreadedAnvilChunkStorageAccessor from fabric-networking-api-v1.mixins.json into net.minecraft.server.level.ChunkMap
[12Jul2025 20:10:44.869] [Server thread/DEBUG] [mixin/]: fabric-networking-api-v1.mixins.json:accessor.ThreadedAnvilChunkStorageAccessor from mod fabric_networking_api_v1: Class version 61 required is higher than the class version supported by the current version of Mixin (JAVA_16 supports class version 60)
[12Jul2025 20:10:44.869] [Server thread/DEBUG] [mixin/]: Mixing ThreadedAnvilChunkStorageMixin from fabric-lifecycle-events-v1.mixins.json into net.minecraft.server.level.ChunkMap
[12Jul2025 20:10:44.870] [Server thread/DEBUG] [mixin/]: Mixing ChunkMapAccessor from skinrestorer.mixins.json into net.minecraft.server.level.ChunkMap
[12Jul2025 20:10:44.874] [Server thread/DEBUG] [mixin/]: surveyor.mixins.json:MixinThreadedAnvilChunkStorage from mod surveyor->@Inject::sendChunkDataPackets(Lnet/minecraft/server/level/ServerPlayer;Lorg/apache/commons/lang3/mutable/MutableObject;Lnet/minecraft/world/level/chunk/LevelChunk;Lorg/spongepowered/asm/mixin/injection/callback/CallbackInfo;)V doesn't use it's CallbackInfo
[12Jul2025 20:10:44.874] [Server thread/DEBUG] [mixin/]: surveyor.mixins.json:MixinThreadedAnvilChunkStorage from mod surveyor->@Inject::sendChunkDataPackets(Lnet/minecraft/server/level/ServerPlayer;Lorg/apache/commons/lang3/mutable/MutableObject;Lnet/minecraft/world/level/chunk/LevelChunk;Lorg/spongepowered/asm/mixin/injection/callback/CallbackInfo;)V has 0 override(s) in child classes
[12Jul2025 20:10:44.874] [Server thread/DEBUG] [mixin/]: surveyor.mixins.json:MixinThreadedAnvilChunkStorage from mod surveyor->@Inject::sendChunkDataPackets(Lnet/minecraft/server/level/ServerPlayer;Lorg/apache/commons/lang3/mutable/MutableObject;Lnet/minecraft/world/level/chunk/LevelChunk;Lorg/spongepowered/asm/mixin/injection/callback/CallbackInfo;)V won't be passed a CallbackInfo as a result
[12Jul2025 20:10:44.874] [Server thread/DEBUG] [mixin/]: fabric-lifecycle-events-v1.mixins.json:ThreadedAnvilChunkStorageMixin from mod fabric_lifecycle_events_v1->@Inject::onChunkUnload(Lnet/minecraft/server/level/ChunkHolder;Ljava/util/concurrent/CompletableFuture;JLnet/minecraft/world/level/chunk/ChunkAccess;Lorg/spongepowered/asm/mixin/injection/callback/CallbackInfo;)V doesn't use it's CallbackInfo
[12Jul2025 20:10:44.874] [Server thread/DEBUG] [mixin/]: fabric-lifecycle-events-v1.mixins.json:ThreadedAnvilChunkStorageMixin from mod fabric_lifecycle_events_v1->@Inject::onChunkUnload(Lnet/minecraft/server/level/ChunkHolder;Ljava/util/concurrent/CompletableFuture;JLnet/minecraft/world/level/chunk/ChunkAccess;Lorg/spongepowered/asm/mixin/injection/callback/CallbackInfo;)V has 0 override(s) in child classes
[12Jul2025 20:10:44.874] [Server thread/DEBUG] [mixin/]: fabric-lifecycle-events-v1.mixins.json:ThreadedAnvilChunkStorageMixin from mod fabric_lifecycle_events_v1->@Inject::onChunkUnload(Lnet/minecraft/server/level/ChunkHolder;Ljava/util/concurrent/CompletableFuture;JLnet/minecraft/world/level/chunk/ChunkAccess;Lorg/spongepowered/asm/mixin/injection/callback/CallbackInfo;)V won't be passed a CallbackInfo as a result
[12Jul2025 20:10:44.874] [Server thread/DEBUG] [mixin/]: fabric-lifecycle-events-v1.mixins.json:ThreadedAnvilChunkStorageMixin from mod fabric_lifecycle_events_v1->@Inject::onChunkLoad(Lnet/minecraft/server/level/ChunkHolder;Lnet/minecraft/world/level/chunk/ChunkAccess;Lorg/spongepowered/asm/mixin/injection/callback/CallbackInfoReturnable;)V does use it's CallbackInfoReturnable
[12Jul2025 20:10:44.899] [Server thread/DEBUG] [mixin/]: Mixing NoiseConfigMixin from fabric-biome-api-v1.mixins.json into net.minecraft.world.level.levelgen.RandomState
[12Jul2025 20:10:44.899] [Server thread/DEBUG] [mixin/]: fabric-biome-api-v1.mixins.json:NoiseConfigMixin from mod fabric_biome_api_v1: Class version 61 required is higher than the class version supported by the current version of Mixin (JAVA_16 supports class version 60)
[12Jul2025 20:10:44.901] [Server thread/DEBUG] [mixin/]: fabric-biome-api-v1.mixins.json:NoiseConfigMixin from mod fabric_biome_api_v1->@Inject::init(Lnet/minecraft/world/level/levelgen/NoiseGeneratorSettings;Lnet/minecraft/core/HolderGetter;JLorg/spongepowered/asm/mixin/injection/callback/CallbackInfo;)V doesn't use it's CallbackInfo
[12Jul2025 20:10:45.035] [Server thread/DEBUG] [mixin/]: Mixing MultiNoiseUtilMultiNoiseSamplerMixin from fabric-biome-api-v1.mixins.json into net.minecraft.world.level.biome.Climate$Sampler
[12Jul2025 20:10:45.035] [Server thread/DEBUG] [mixin/]: fabric-biome-api-v1.mixins.json:MultiNoiseUtilMultiNoiseSamplerMixin from mod fabric_biome_api_v1: Class version 61 required is higher than the class version supported by the current version of Mixin (JAVA_16 supports class version 60)
[12Jul2025 20:10:45.205] [Server thread/DEBUG] [io.netty.buffer.AbstractByteBuf/]: -Dio.netty.buffer.checkAccessible: true
[12Jul2025 20:10:45.206] [Server thread/DEBUG] [io.netty.buffer.AbstractByteBuf/]: -Dio.netty.buffer.checkBounds: true
[12Jul2025 20:10:45.206] [Server thread/DEBUG] [io.netty.util.ResourceLeakDetectorFactory/]: Loaded default ResourceLeakDetector: io.netty.util.ResourceLeakDetector@30ce397
[12Jul2025 20:10:45.221] [Server thread/INFO] [surveyor/]: [Surveyor] Loading data for no_moon:lost
[12Jul2025 20:10:45.248] [Server thread/INFO] [surveyor/]: [Surveyor] Finished loading data for no_moon:lost
[12Jul2025 20:10:47.956] [Server thread/INFO] [surveyor/]: [Surveyor] Loading data for no_moon:bedrock
[12Jul2025 20:10:47.958] [Server thread/INFO] [surveyor/]: [Surveyor] Finished loading data for no_moon:bedrock
[12Jul2025 20:10:48.030] [Server thread/INFO] [surveyor/]: [Surveyor] Loading data for no_moon:core_77
[12Jul2025 20:10:48.031] [Server thread/INFO] [surveyor/]: [Surveyor] Finished loading data for no_moon:core_77
[12Jul2025 20:10:48.082] [Server thread/INFO] [surveyor/]: [Surveyor] Loading data for itsnotreal:itsnotreal_dimension
[12Jul2025 20:10:48.083] [Server thread/INFO] [surveyor/]: [Surveyor] Finished loading data for itsnotreal:itsnotreal_dimension
[12Jul2025 20:10:48.141] [Server thread/INFO] [surveyor/]: [Surveyor] Loading data for no_moon:alone_forever
[12Jul2025 20:10:48.142] [Server thread/INFO] [surveyor/]: [Surveyor] Finished loading data for no_moon:alone_forever
[12Jul2025 20:10:48.214] [Server thread/INFO] [surveyor/]: [Surveyor] Loading data for god:sacrifice
[12Jul2025 20:10:48.215] [Server thread/INFO] [surveyor/]: [Surveyor] Finished loading data for god:sacrifice
[12Jul2025 20:10:48.233] [Server thread/INFO] [surveyor/]: [Surveyor] Loading data for minecraft:the_nether
[12Jul2025 20:10:48.234] [Server thread/INFO] [surveyor/]: [Surveyor] Finished loading data for minecraft:the_nether
[12Jul2025 20:10:48.245] [Server thread/INFO] [surveyor/]: [Surveyor] Loading data for minecraft:the_end
[12Jul2025 20:10:48.245] [Server thread/INFO] [surveyor/]: [Surveyor] Finished loading data for minecraft:the_end
[12Jul2025 20:10:48.265] [Server thread/INFO] [surveyor/]: [Surveyor] Loading data for god:help
[12Jul2025 20:10:48.266] [Server thread/INFO] [surveyor/]: [Surveyor] Finished loading data for god:help
[12Jul2025 20:10:48.288] [Server thread/INFO] [surveyor/]: [Surveyor] Loading data for itsnotreal:its_your_fault
[12Jul2025 20:10:48.289] [Server thread/INFO] [surveyor/]: [Surveyor] Finished loading data for itsnotreal:its_your_fault
[12Jul2025 20:10:48.318] [Server thread/INFO] [net.minecraft.server.MinecraftServer/]: Preparing start region for dimension minecraft:overworld
[12Jul2025 20:10:50.508] [Server thread/DEBUG] [mixin/]: Mixing ChunkSerializerMixin from fabric-data-attachment-api-v1.mixins.json into net.minecraft.world.level.chunk.storage.ChunkSerializer
[12Jul2025 20:10:50.508] [Server thread/DEBUG] [mixin/]: Mixing ChunkSerializerMixin from fabric-registry-sync-v0.mixins.json into net.minecraft.world.level.chunk.storage.ChunkSerializer
[12Jul2025 20:10:50.509] [Server thread/DEBUG] [mixin/]: fabric-registry-sync-v0.mixins.json:ChunkSerializerMixin from mod fabric_registry_sync_v0: Class version 61 required is higher than the class version supported by the current version of Mixin (JAVA_16 supports class version 60)
[12Jul2025 20:10:50.514] [Server thread/DEBUG] [mixin/]: fabric-data-attachment-api-v1.mixins.json:ChunkSerializerMixin from mod fabric_data_attachment_api_v1->@Inject::writeChunkAttachments(Lnet/minecraft/server/level/ServerLevel;Lnet/minecraft/world/level/chunk/ChunkAccess;Lorg/spongepowered/asm/mixin/injection/callback/CallbackInfoReturnable;)V does use it's CallbackInfoReturnable
[12Jul2025 20:10:50.522] [Server thread/DEBUG] [mixin/]: Mixing WrapperProtoChunkMixin from fabric-data-attachment-api-v1.mixins.json into net.minecraft.world.level.chunk.ImposterProtoChunk
[12Jul2025 20:10:50.653] [Server thread/DEBUG] [mixin/]: Mixing MixinStructureStart from surveyor.mixins.json into net.minecraft.world.level.levelgen.structure.StructureStart
[12Jul2025 20:10:50.657] [Server thread/DEBUG] [mixin/]: surveyor.mixins.json:MixinStructureStart from mod surveyor->@Inject::structureGenerated(Lnet/minecraft/world/level/WorldGenLevel;Lnet/minecraft/world/level/StructureManager;Lnet/minecraft/world/level/chunk/ChunkGenerator;Lnet/minecraft/util/RandomSource;Lnet/minecraft/world/level/levelgen/structure/BoundingBox;Lnet/minecraft/world/level/ChunkPos;Lorg/spongepowered/asm/mixin/injection/callback/CallbackInfo;)V doesn't use it's CallbackInfo
[12Jul2025 20:10:50.665] [Server thread/DEBUG] [net.minecraftforge.coremod.transformer.CoreModBaseTransformer/COREMOD]: Transforming net/minecraft/world/level/levelgen/structure/templatesystem/StructureTemplate
[12Jul2025 20:10:54.761] [Worker-Main-2/INFO] [net.minecraft.server.level.progress.LoggerChunkProgressListener/]: Preparing spawn area: 0%
[12Jul2025 20:10:54.762] [Worker-Main-2/INFO] [net.minecraft.server.level.progress.LoggerChunkProgressListener/]: Preparing spawn area: 0%
[12Jul2025 20:10:54.763] [Worker-Main-2/INFO] [net.minecraft.server.level.progress.LoggerChunkProgressListener/]: Preparing spawn area: 0%
[12Jul2025 20:10:54.765] [Worker-Main-2/INFO] [net.minecraft.server.level.progress.LoggerChunkProgressListener/]: Preparing spawn area: 0%
[12Jul2025 20:10:54.766] [Worker-Main-2/INFO] [net.minecraft.server.level.progress.LoggerChunkProgressListener/]: Preparing spawn area: 0%
[12Jul2025 20:10:54.766] [Worker-Main-2/INFO] [net.minecraft.server.level.progress.LoggerChunkProgressListener/]: Preparing spawn area: 0%
[12Jul2025 20:10:54.767] [Worker-Main-2/INFO] [net.minecraft.server.level.progress.LoggerChunkProgressListener/]: Preparing spawn area: 0%
[12Jul2025 20:10:54.767] [Worker-Main-2/INFO] [net.minecraft.server.level.progress.LoggerChunkProgressListener/]: Preparing spawn area: 0%
[12Jul2025 20:10:54.769] [Worker-Main-3/INFO] [net.minecraft.server.level.progress.LoggerChunkProgressListener/]: Preparing spawn area: 0%
[12Jul2025 20:10:54.770] [Worker-Main-1/INFO] [net.minecraft.server.level.progress.LoggerChunkProgressListener/]: Preparing spawn area: 0%
[12Jul2025 20:10:54.770] [Worker-Main-1/INFO] [net.minecraft.server.level.progress.LoggerChunkProgressListener/]: Preparing spawn area: 0%
[12Jul2025 20:10:54.771] [Worker-Main-1/INFO] [net.minecraft.server.level.progress.LoggerChunkProgressListener/]: Preparing spawn area: 0%
[12Jul2025 20:10:54.773] [Worker-Main-3/INFO] [net.minecraft.server.level.progress.LoggerChunkProgressListener/]: Preparing spawn area: 0%
[12Jul2025 20:10:54.819] [Worker-Main-1/INFO] [net.minecraft.server.level.progress.LoggerChunkProgressListener/]: Preparing spawn area: 0%
[12Jul2025 20:10:55.319] [Worker-Main-1/INFO] [net.minecraft.server.level.progress.LoggerChunkProgressListener/]: Preparing spawn area: 15%
[12Jul2025 20:10:55.653] [Server thread/DEBUG] [mixin/]: Mixing LandPathNodeMakerMixin from fabric-content-registries-v0.mixins.json into net.minecraft.world.level.pathfinder.WalkNodeEvaluator
[12Jul2025 20:10:55.654] [Server thread/DEBUG] [mixin/]: fabric-content-registries-v0.mixins.json:LandPathNodeMakerMixin from mod fabric_content_registries_v0: Class version 61 required is higher than the class version supported by the current version of Mixin (JAVA_16 supports class version 60)
[12Jul2025 20:10:55.656] [Server thread/DEBUG] [mixin/]: fabric-content-registries-v0.mixins.json:LandPathNodeMakerMixin from mod fabric_content_registries_v0->@Inject::getCommonNodeType(Lnet/minecraft/world/level/BlockGetter;Lnet/minecraft/core/BlockPos;Lorg/spongepowered/asm/mixin/injection/callback/CallbackInfoReturnable;Lnet/minecraft/world/level/block/state/BlockState;)V does use it's CallbackInfoReturnable
[12Jul2025 20:10:55.657] [Server thread/DEBUG] [mixin/]: fabric-content-registries-v0.mixins.json:LandPathNodeMakerMixin from mod fabric_content_registries_v0->@Inject::getNodeTypeFromNeighbors(Lnet/minecraft/world/level/BlockGetter;Lnet/minecraft/core/BlockPos$MutableBlockPos;Lnet/minecraft/world/level/pathfinder/BlockPathTypes;Lorg/spongepowered/asm/mixin/injection/callback/CallbackInfoReturnable;IIIIIILnet/minecraft/world/level/block/state/BlockState;)V does use it's CallbackInfoReturnable
[12Jul2025 20:10:55.796] [Server thread/DEBUG] [mixin/]: Mixing FarmerWorkTaskAccessor from fabric-content-registries-v0.mixins.json into net.minecraft.world.entity.ai.behavior.WorkAtComposter
[12Jul2025 20:10:55.797] [Server thread/DEBUG] [mixin/]: fabric-content-registries-v0.mixins.json:FarmerWorkTaskAccessor from mod fabric_content_registries_v0: Class version 61 required is higher than the class version supported by the current version of Mixin (JAVA_16 supports class version 60)
[12Jul2025 20:10:55.798] [Server thread/DEBUG] [mixin/]: Renaming @Accessor method fabric_setCompostables(Ljava/util/List;)V to fabric_setCompostables$fabric_content_registries_v0_$md$54bf2d$0 in fabric-content-registries-v0.mixins.json:FarmerWorkTaskAccessor from mod fabric_content_registries_v0
[12Jul2025 20:10:55.798] [Server thread/DEBUG] [mixin/]: Renaming @Accessor method fabric_getCompostable()Ljava/util/List; to fabric_getCompostable$fabric_content_registries_v0_$md$54bf2d$1 in fabric-content-registries-v0.mixins.json:FarmerWorkTaskAccessor from mod fabric_content_registries_v0
[12Jul2025 20:10:55.822] [Worker-Main-2/INFO] [net.minecraft.server.level.progress.LoggerChunkProgressListener/]: Preparing spawn area: 80%
[12Jul2025 20:10:55.838] [Server thread/DEBUG] [mixin/]: Mixing GiveGiftsToHeroTaskAccessor from fabric-content-registries-v0.mixins.json into net.minecraft.world.entity.ai.behavior.GiveGiftToHero
[12Jul2025 20:10:55.838] [Server thread/DEBUG] [mixin/]: fabric-content-registries-v0.mixins.json:GiveGiftsToHeroTaskAccessor from mod fabric_content_registries_v0: Class version 61 required is higher than the class version supported by the current version of Mixin (JAVA_16 supports class version 60)
[12Jul2025 20:10:55.838] [Server thread/DEBUG] [mixin/]: Renaming @Accessor method fabric_getGifts()Ljava/util/Map; to fabric_getGifts$fabric_content_registries_v0_$md$54bf2d$0 in fabric-content-registries-v0.mixins.json:GiveGiftsToHeroTaskAccessor from mod fabric_content_registries_v0
[12Jul2025 20:10:56.181] [Server thread/DEBUG] [Nyf's Spiders/]: Loaded com.nyfaria.nyfsspiders.platform.ForgePlatformHelper@734b57be for service interface com.nyfaria.nyfsspiders.platform.services.IPlatformHelper
[12Jul2025 20:10:57.357] [Server thread/INFO] [net.minecraft.server.level.progress.LoggerChunkProgressListener/]: Time elapsed: 9039 ms
[12Jul2025 20:10:57.359] [Server thread/INFO] [net.minecraft.server.dedicated.DedicatedServer/]: Done (14.227s)! For help, type "help"
[12Jul2025 20:10:57.367] [Server thread/DEBUG] [net.minecraftforge.network.DualStackUtils/]: Detected IPv6 address: "0:0:0:0:0:0:0:0"
[12Jul2025 20:10:57.380] [Server thread/DEBUG] [net.minecraftforge.common.ForgeI18n/CORE]: Loading I18N data entries: 2021
[12Jul2025 20:10:57.383] [Server thread/INFO] [net.minecraftforge.server.permission.PermissionAPI/]: Successfully initialized permission handler forge:default_handler
[12Jul2025 20:10:57.561] [Server thread/DEBUG] [net.minecraftforge.coremod.transformer.CoreModBaseTransformer/COREMOD]: Transforming net/minecraft/world/level/NaturalSpawner
[12Jul2025 20:10:57.623] [Server thread/DEBUG] [mixin/]: Mixing accessor.EntityTrackerAccessor from fabric-networking-api-v1.mixins.json into net.minecraft.server.level.ChunkMap$TrackedEntity
[12Jul2025 20:10:57.623] [Server thread/DEBUG] [mixin/]: fabric-networking-api-v1.mixins.json:accessor.EntityTrackerAccessor from mod fabric_networking_api_v1: Class version 61 required is higher than the class version supported by the current version of Mixin (JAVA_16 supports class version 60)
[12Jul2025 20:10:57.623] [Server thread/DEBUG] [mixin/]: Mixing TrackedEntityAccessorInvoker from skinrestorer.mixins.json into net.minecraft.server.level.ChunkMap$TrackedEntity
[12Jul2025 20:10:57.625] [Server thread/DEBUG] [mixin/]: Mixing EntityTrackerEntryMixin from fabric-networking-api-v1.mixins.json into net.minecraft.server.level.ServerEntity
[12Jul2025 20:10:57.625] [Server thread/DEBUG] [mixin/]: fabric-networking-api-v1.mixins.json:EntityTrackerEntryMixin from mod fabric_networking_api_v1: Class version 61 required is higher than the class version supported by the current version of Mixin (JAVA_16 supports class version 60)
[12Jul2025 20:10:57.627] [Server thread/DEBUG] [mixin/]: fabric-networking-api-v1.mixins.json:EntityTrackerEntryMixin from mod fabric_networking_api_v1->@Inject::onStartTracking(Lnet/minecraft/server/level/ServerPlayer;Lorg/spongepowered/asm/mixin/injection/callback/CallbackInfo;)V doesn't use it's CallbackInfo
[12Jul2025 20:10:57.627] [Server thread/DEBUG] [mixin/]: fabric-networking-api-v1.mixins.json:EntityTrackerEntryMixin from mod fabric_networking_api_v1->@Inject::onStartTracking(Lnet/minecraft/server/level/ServerPlayer;Lorg/spongepowered/asm/mixin/injection/callback/CallbackInfo;)V has 0 override(s) in child classes
[12Jul2025 20:10:57.627] [Server thread/DEBUG] [mixin/]: fabric-networking-api-v1.mixins.json:EntityTrackerEntryMixin from mod fabric_networking_api_v1->@Inject::onStartTracking(Lnet/minecraft/server/level/ServerPlayer;Lorg/spongepowered/asm/mixin/injection/callback/CallbackInfo;)V won't be passed a CallbackInfo as a result
[12Jul2025 20:10:57.627] [Server thread/DEBUG] [mixin/]: fabric-networking-api-v1.mixins.json:EntityTrackerEntryMixin from mod fabric_networking_api_v1->@Inject::onStopTracking(Lnet/minecraft/server/level/ServerPlayer;Lorg/spongepowered/asm/mixin/injection/callback/CallbackInfo;)V doesn't use it's CallbackInfo
[12Jul2025 20:10:57.627] [Server thread/DEBUG] [mixin/]: fabric-networking-api-v1.mixins.json:EntityTrackerEntryMixin from mod fabric_networking_api_v1->@Inject::onStopTracking(Lnet/minecraft/server/level/ServerPlayer;Lorg/spongepowered/asm/mixin/injection/callback/CallbackInfo;)V has 0 override(s) in child classes
[12Jul2025 20:10:57.627] [Server thread/DEBUG] [mixin/]: fabric-networking-api-v1.mixins.json:EntityTrackerEntryMixin from mod fabric_networking_api_v1->@Inject::onStopTracking(Lnet/minecraft/server/level/ServerPlayer;Lorg/spongepowered/asm/mixin/injection/callback/CallbackInfo;)V won't be passed a CallbackInfo as a result
[12Jul2025 20:10:57.834] [Server thread/DEBUG] [mixin/]: Generating mapped inner class net/minecraft/world/entity/monster/Spider$Anonymous$2d2f427e28f54c808740feee8b5e9b4f (originally com/nyfaria/nyfsspiders/mixin/ClimberEntityMixin$1)
[12Jul2025 20:10:57.865] [Server thread/DEBUG] [io.netty.util.internal.ThreadLocalRandom/]: -Dio.netty.initialSeedUniquifier: 0x0f59e83e4981146d
[12Jul2025 20:11:44.413] [Netty Epoll Server IO #1/DEBUG] [mixin/]: Mixing BlockEntityUpdateS2CPacketMixin from fabric-data-attachment-api-v1.mixins.json into net.minecraft.network.protocol.game.ClientboundBlockEntityDataPacket
[12Jul2025 20:11:44.413] [Netty Epoll Server IO #1/DEBUG] [mixin/]: Renaming synthetic method lambda$stripPersistentAttachmentData$0(Ljava/util/function/Function;Lnet/minecraft/world/level/block/entity/BlockEntity;)Lnet/minecraft/nbt/CompoundTag; to md54bf2d$fabric_data_attachment_api_v1$lambda$stripPersistentAttachmentData$0$0 in fabric-data-attachment-api-v1.mixins.json:BlockEntityUpdateS2CPacketMixin from mod fabric_data_attachment_api_v1
[12Jul2025 20:11:44.586] [Netty Epoll Server IO #1/DEBUG] [io.netty.util.Recycler/]: -Dio.netty.recycler.maxCapacityPerThread: 4096
[12Jul2025 20:11:44.586] [Netty Epoll Server IO #1/DEBUG] [io.netty.util.Recycler/]: -Dio.netty.recycler.ratio: 8
[12Jul2025 20:11:44.586] [Netty Epoll Server IO #1/DEBUG] [io.netty.util.Recycler/]: -Dio.netty.recycler.chunkSize: 32
[12Jul2025 20:11:44.586] [Netty Epoll Server IO #1/DEBUG] [io.netty.util.Recycler/]: -Dio.netty.recycler.blocking: false
[12Jul2025 20:13:17.782] [Netty Epoll Server IO #3/DEBUG] [mixin/]: Mixing NetworkHooksMixin from fabric-screen-handler-api-v1.mixins.json into net.minecraftforge.network.NetworkHooks
[12Jul2025 20:13:17.782] [Netty Epoll Server IO #3/DEBUG] [mixin/]: fabric-screen-handler-api-v1.mixins.json:NetworkHooksMixin from mod fabric_screen_handler_api_v1: Class version 61 required is higher than the class version supported by the current version of Mixin (JAVA_16 supports class version 60)
[12Jul2025 20:13:17.790] [Netty Epoll Server IO #3/DEBUG] [mixin/]: fabric-screen-handler-api-v1.mixins.json:NetworkHooksMixin from mod fabric_screen_handler_api_v1->@Inject::injectOpenScreen(Lnet/minecraft/server/level/ServerPlayer;Lnet/minecraft/world/MenuProvider;Ljava/util/function/Consumer;Lorg/spongepowered/asm/mixin/injection/callback/CallbackInfo;ILnet/minecraft/network/FriendlyByteBuf;Lnet/minecraft/network/FriendlyByteBuf;Lnet/minecraft/world/inventory/AbstractContainerMenu;)V doesn't use it's CallbackInfo
[12Jul2025 20:15:57.692] [Server thread/DEBUG] [FabricRegistrySync/]: Starting registry save
[12Jul2025 20:15:57.692] [Server thread/DEBUG] [FabricRegistrySync/]: Not saving registry: minecraft:command_argument_type
[12Jul2025 20:15:57.692] [Server thread/DEBUG] [FabricRegistrySync/]: Not saving registry: minecraft:item
[12Jul2025 20:15:57.692] [Server thread/DEBUG] [FabricRegistrySync/]: Not saving registry: minecraft:block_entity_type
[12Jul2025 20:15:57.692] [Server thread/DEBUG] [FabricRegistrySync/]: Not saving registry: minecraft:custom_stat
[12Jul2025 20:15:57.692] [Server thread/DEBUG] [FabricRegistrySync/]: Not saving registry: minecraft:worldgen/foliage_placer_type
[12Jul2025 20:15:57.692] [Server thread/DEBUG] [FabricRegistrySync/]: Not saving registry: minecraft:stat_type
[12Jul2025 20:15:57.692] [Server thread/DEBUG] [FabricRegistrySync/]: Not saving registry: minecraft:worldgen/material_rule
[12Jul2025 20:15:57.692] [Server thread/DEBUG] [FabricRegistrySync/]: Not saving registry: minecraft:worldgen/structure_type
[12Jul2025 20:15:57.692] [Server thread/DEBUG] [FabricRegistrySync/]: Not saving registry: minecraft:attribute
[12Jul2025 20:15:57.692] [Server thread/DEBUG] [FabricRegistrySync/]: Not saving registry: minecraft:position_source_type
[12Jul2025 20:15:57.692] [Server thread/DEBUG] [FabricRegistrySync/]: Not saving registry: minecraft:height_provider_type
[12Jul2025 20:15:57.692] [Server thread/DEBUG] [FabricRegistrySync/]: Not saving registry: minecraft:rule_block_entity_modifier
[12Jul2025 20:15:57.692] [Server thread/DEBUG] [FabricRegistrySync/]: Not saving registry: minecraft:worldgen/density_function_type
[12Jul2025 20:15:57.692] [Server thread/DEBUG] [FabricRegistrySync/]: Not saving registry: minecraft:fluid
[12Jul2025 20:15:57.692] [Server thread/DEBUG] [FabricRegistrySync/]: Not saving registry: forge:global_loot_modifier_serializers
[12Jul2025 20:15:57.692] [Server thread/DEBUG] [FabricRegistrySync/]: Not saving registry: minecraft:loot_condition_type
[12Jul2025 20:15:57.692] [Server thread/DEBUG] [FabricRegistrySync/]: Not saving registry: minecraft:worldgen/structure_pool_element
[12Jul2025 20:15:57.692] [Server thread/DEBUG] [FabricRegistrySync/]: Not saving registry: minecraft:activity
[12Jul2025 20:15:57.692] [Server thread/DEBUG] [FabricRegistrySync/]: Not saving registry: minecraft:recipe_serializer
[12Jul2025 20:15:57.692] [Server thread/DEBUG] [FabricRegistrySync/]: Not saving registry: minecraft:frog_variant
[12Jul2025 20:15:57.692] [Server thread/DEBUG] [FabricRegistrySync/]: Not saving registry: minecraft:banner_pattern
[12Jul2025 20:15:57.692] [Server thread/DEBUG] [FabricRegistrySync/]: Not saving registry: minecraft:instrument
[12Jul2025 20:15:57.692] [Server thread/DEBUG] [FabricRegistrySync/]: Not saving registry: minecraft:decorated_pot_patterns
[12Jul2025 20:15:57.692] [Server thread/DEBUG] [FabricRegistrySync/]: Not saving registry: minecraft:worldgen/feature_size_type
[12Jul2025 20:15:57.692] [Server thread/DEBUG] [FabricRegistrySync/]: Not saving registry: minecraft:point_of_interest_type
[12Jul2025 20:15:57.692] [Server thread/DEBUG] [FabricRegistrySync/]: Not saving registry: minecraft:mob_effect
[12Jul2025 20:15:57.692] [Server thread/DEBUG] [FabricRegistrySync/]: Not saving registry: minecraft:loot_pool_entry_type
[12Jul2025 20:15:57.692] [Server thread/DEBUG] [FabricRegistrySync/]: Not saving registry: minecraft:worldgen/block_state_provider_type
[12Jul2025 20:15:57.692] [Server thread/DEBUG] [FabricRegistrySync/]: Not saving registry: minecraft:worldgen/chunk_generator
[12Jul2025 20:15:57.692] [Server thread/DEBUG] [FabricRegistrySync/]: Not saving registry: minecraft:float_provider_type
[12Jul2025 20:15:57.693] [Server thread/DEBUG] [FabricRegistrySync/]: Not saving registry: minecraft:chunk_status
[12Jul2025 20:15:57.693] [Server thread/DEBUG] [FabricRegistrySync/]: Not saving registry: minecraft:enchantment
[12Jul2025 20:15:57.693] [Server thread/DEBUG] [FabricRegistrySync/]: Not saving registry: minecraft:loot_function_type
[12Jul2025 20:15:57.693] [Server thread/DEBUG] [FabricRegistrySync/]: Not saving registry: minecraft:worldgen/structure_processor
[12Jul2025 20:15:57.693] [Server thread/DEBUG] [FabricRegistrySync/]: Not saving registry: minecraft:loot_score_provider_type
[12Jul2025 20:15:57.693] [Server thread/DEBUG] [FabricRegistrySync/]: Not saving registry: minecraft:worldgen/tree_decorator_type
[12Jul2025 20:15:57.693] [Server thread/DEBUG] [FabricRegistrySync/]: Not saving registry: minecraft:schedule
[12Jul2025 20:15:57.693] [Server thread/DEBUG] [FabricRegistrySync/]: Not saving registry: minecraft:worldgen/material_condition
[12Jul2025 20:15:57.693] [Server thread/DEBUG] [FabricRegistrySync/]: Not saving registry: minecraft:entity_type
[12Jul2025 20:15:57.693] [Server thread/DEBUG] [FabricRegistrySync/]: Not saving registry: minecraft:villager_profession
[12Jul2025 20:15:57.693] [Server thread/DEBUG] [FabricRegistrySync/]: Not saving registry: minecraft:potion
[12Jul2025 20:15:57.693] [Server thread/DEBUG] [FabricRegistrySync/]: Not saving registry: minecraft:recipe_type
[12Jul2025 20:15:57.693] [Server thread/DEBUG] [FabricRegistrySync/]: Not saving registry: minecraft:int_provider_type
[12Jul2025 20:15:57.693] [Server thread/DEBUG] [FabricRegistrySync/]: Not saving registry: minecraft:worldgen/feature
[12Jul2025 20:15:57.693] [Server thread/DEBUG] [FabricRegistrySync/]: Not saving registry: minecraft:cat_variant
[12Jul2025 20:15:57.693] [Server thread/DEBUG] [FabricRegistrySync/]: Not saving registry: minecraft:pos_rule_test
[12Jul2025 20:15:57.693] [Server thread/DEBUG] [FabricRegistrySync/]: Not saving registry: minecraft:worldgen/structure_placement
[12Jul2025 20:15:57.693] [Server thread/DEBUG] [FabricRegistrySync/]: Not saving registry: minecraft:loot_nbt_provider_type
[12Jul2025 20:15:57.693] [Server thread/DEBUG] [FabricRegistrySync/]: Not saving registry: minecraft:menu
[12Jul2025 20:15:57.693] [Server thread/DEBUG] [FabricRegistrySync/]: Not saving registry: minecraft:worldgen/trunk_placer_type
[12Jul2025 20:15:57.693] [Server thread/DEBUG] [FabricRegistrySync/]: Not saving registry: minecraft:creative_mode_tab
[12Jul2025 20:15:57.693] [Server thread/DEBUG] [FabricRegistrySync/]: Not saving registry: minecraft:worldgen/placement_modifier_type
[12Jul2025 20:15:57.693] [Server thread/DEBUG] [FabricRegistrySync/]: Not saving registry: minecraft:worldgen/carver
[12Jul2025 20:15:57.693] [Server thread/DEBUG] [FabricRegistrySync/]: Not saving registry: minecraft:loot_number_provider_type
[12Jul2025 20:15:57.693] [Server thread/DEBUG] [FabricRegistrySync/]: Not saving registry: minecraft:worldgen/structure_piece
[12Jul2025 20:15:57.693] [Server thread/DEBUG] [FabricRegistrySync/]: Not saving registry: minecraft:sound_event
[12Jul2025 20:15:57.693] [Server thread/DEBUG] [FabricRegistrySync/]: Not saving registry: minecraft:particle_type
[12Jul2025 20:15:57.693] [Server thread/DEBUG] [FabricRegistrySync/]: Not saving registry: minecraft:game_event
[12Jul2025 20:15:57.693] [Server thread/DEBUG] [FabricRegistrySync/]: Not saving registry: minecraft:worldgen/biome_source
[12Jul2025 20:15:57.693] [Server thread/DEBUG] [FabricRegistrySync/]: Not saving registry: minecraft:worldgen/root_placer_type
[12Jul2025 20:15:57.693] [Server thread/DEBUG] [FabricRegistrySync/]: Not saving registry: minecraft:villager_type
[12Jul2025 20:15:57.693] [Server thread/DEBUG] [FabricRegistrySync/]: Not saving registry: minecraft:painting_variant
[12Jul2025 20:15:57.693] [Server thread/DEBUG] [FabricRegistrySync/]: Not saving registry: forge:fluid_type
[12Jul2025 20:15:57.693] [Server thread/DEBUG] [FabricRegistrySync/]: Not saving registry: minecraft:block_predicate_type
[12Jul2025 20:15:57.693] [Server thread/DEBUG] [FabricRegistrySync/]: Not saving registry: minecraft:block
[12Jul2025 20:15:57.693] [Server thread/DEBUG] [FabricRegistrySync/]: Not saving registry: forge:entity_data_serializers
[12Jul2025 20:15:57.693] [Server thread/DEBUG] [FabricRegistrySync/]: Not saving registry: minecraft:sensor_type
[12Jul2025 20:15:57.693] [Server thread/DEBUG] [FabricRegistrySync/]: Not saving registry: minecraft:rule_test
[12Jul2025 20:15:57.694] [Server thread/DEBUG] [FabricRegistrySync/]: Not saving registry: minecraft:memory_module_type
[12Jul2025 20:15:57.694] [Server thread/DEBUG] [FabricRegistrySync/]: Not saving empty registry data
[12Jul2025 20:15:57.704] [Server thread/DEBUG] [net.minecraftforge.common.ForgeHooks/WP]: Gathering id map for writing to world save world
[12Jul2025 20:15:57.716] [Server thread/DEBUG] [net.minecraftforge.common.ForgeHooks/WP]: ID Map collection complete world
[12Jul2025 20:20:57.392] [Server thread/DEBUG] [FabricRegistrySync/]: Starting registry save
[12Jul2025 20:20:57.392] [Server thread/DEBUG] [FabricRegistrySync/]: Not saving registry: minecraft:command_argument_type
[12Jul2025 20:20:57.393] [Server thread/DEBUG] [FabricRegistrySync/]: Not saving registry: minecraft:item
[12Jul2025 20:20:57.393] [Server thread/DEBUG] [FabricRegistrySync/]: Not saving registry: minecraft:block_entity_type
[12Jul2025 20:20:57.393] [Server thread/DEBUG] [FabricRegistrySync/]: Not saving registry: minecraft:custom_stat
[12Jul2025 20:20:57.393] [Server thread/DEBUG] [FabricRegistrySync/]: Not saving registry: minecraft:worldgen/foliage_placer_type
[12Jul2025 20:20:57.393] [Server thread/DEBUG] [FabricRegistrySync/]: Not saving registry: minecraft:stat_type
[12Jul2025 20:20:57.393] [Server thread/DEBUG] [FabricRegistrySync/]: Not saving registry: minecraft:worldgen/material_rule
[12Jul2025 20:20:57.393] [Server thread/DEBUG] [FabricRegistrySync/]: Not saving registry: minecraft:worldgen/structure_type
[12Jul2025 20:20:57.393] [Server thread/DEBUG] [FabricRegistrySync/]: Not saving registry: minecraft:attribute
[12Jul2025 20:20:57.393] [Server thread/DEBUG] [FabricRegistrySync/]: Not saving registry: minecraft:position_source_type
[12Jul2025 20:20:57.393] [Server thread/DEBUG] [FabricRegistrySync/]: Not saving registry: minecraft:height_provider_type
[12Jul2025 20:20:57.393] [Server thread/DEBUG] [FabricRegistrySync/]: Not saving registry: minecraft:rule_block_entity_modifier
[12Jul2025 20:20:57.393] [Server thread/DEBUG] [FabricRegistrySync/]: Not saving registry: minecraft:worldgen/density_function_type
[12Jul2025 20:20:57.393] [Server thread/DEBUG] [FabricRegistrySync/]: Not saving registry: minecraft:fluid
[12Jul2025 20:20:57.393] [Server thread/DEBUG] [FabricRegistrySync/]: Not saving registry: forge:global_loot_modifier_serializers
[12Jul2025 20:20:57.393] [Server thread/DEBUG] [FabricRegistrySync/]: Not saving registry: minecraft:loot_condition_type
[12Jul2025 20:20:57.393] [Server thread/DEBUG] [FabricRegistrySync/]: Not saving registry: minecraft:worldgen/structure_pool_element
[12Jul2025 20:20:57.393] [Server thread/DEBUG] [FabricRegistrySync/]: Not saving registry: minecraft:activity
[12Jul2025 20:20:57.393] [Server thread/DEBUG] [FabricRegistrySync/]: Not saving registry: minecraft:recipe_serializer
[12Jul2025 20:20:57.393] [Server thread/DEBUG] [FabricRegistrySync/]: Not saving registry: minecraft:frog_variant
[12Jul2025 20:20:57.393] [Server thread/DEBUG] [FabricRegistrySync/]: Not saving registry: minecraft:banner_pattern
[12Jul2025 20:20:57.393] [Server thread/DEBUG] [FabricRegistrySync/]: Not saving registry: minecraft:instrument
[12Jul2025 20:20:57.393] [Server thread/DEBUG] [FabricRegistrySync/]: Not saving registry: minecraft:decorated_pot_patterns
[12Jul2025 20:20:57.393] [Server thread/DEBUG] [FabricRegistrySync/]: Not saving registry: minecraft:worldgen/feature_size_type
[12Jul2025 20:20:57.393] [Server thread/DEBUG] [FabricRegistrySync/]: Not saving registry: minecraft:point_of_interest_type
[12Jul2025 20:20:57.393] [Server thread/DEBUG] [FabricRegistrySync/]: Not saving registry: minecraft:mob_effect
[12Jul2025 20:20:57.393] [Server thread/DEBUG] [FabricRegistrySync/]: Not saving registry: minecraft:loot_pool_entry_type
[12Jul2025 20:20:57.393] [Server thread/DEBUG] [FabricRegistrySync/]: Not saving registry: minecraft:worldgen/block_state_provider_type
[12Jul2025 20:20:57.393] [Server thread/DEBUG] [FabricRegistrySync/]: Not saving registry: minecraft:worldgen/chunk_generator
[12Jul2025 20:20:57.393] [Server thread/DEBUG] [FabricRegistrySync/]: Not saving registry: minecraft:float_provider_type
[12Jul2025 20:20:57.393] [Server thread/DEBUG] [FabricRegistrySync/]: Not saving registry: minecraft:chunk_status
[12Jul2025 20:20:57.393] [Server thread/DEBUG] [FabricRegistrySync/]: Not saving registry: minecraft:enchantment
[12Jul2025 20:20:57.393] [Server thread/DEBUG] [FabricRegistrySync/]: Not saving registry: minecraft:loot_function_type
[12Jul2025 20:20:57.393] [Server thread/DEBUG] [FabricRegistrySync/]: Not saving registry: minecraft:worldgen/structure_processor
[12Jul2025 20:20:57.393] [Server thread/DEBUG] [FabricRegistrySync/]: Not saving registry: minecraft:loot_score_provider_type
[12Jul2025 20:20:57.393] [Server thread/DEBUG] [FabricRegistrySync/]: Not saving registry: minecraft:worldgen/tree_decorator_type
[12Jul2025 20:20:57.393] [Server thread/DEBUG] [FabricRegistrySync/]: Not saving registry: minecraft:schedule
[12Jul2025 20:20:57.393] [Server thread/DEBUG] [FabricRegistrySync/]: Not saving registry: minecraft:worldgen/material_condition
[12Jul2025 20:20:57.393] [Server thread/DEBUG] [FabricRegistrySync/]: Not saving registry: minecraft:entity_type
[12Jul2025 20:20:57.393] [Server thread/DEBUG] [FabricRegistrySync/]: Not saving registry: minecraft:villager_profession
[12Jul2025 20:20:57.393] [Server thread/DEBUG] [FabricRegistrySync/]: Not saving registry: minecraft:potion
[12Jul2025 20:20:57.393] [Server thread/DEBUG] [FabricRegistrySync/]: Not saving registry: minecraft:recipe_type
[12Jul2025 20:20:57.393] [Server thread/DEBUG] [FabricRegistrySync/]: Not saving registry: minecraft:int_provider_type
[12Jul2025 20:20:57.393] [Server thread/DEBUG] [FabricRegistrySync/]: Not saving registry: minecraft:worldgen/feature
[12Jul2025 20:20:57.393] [Server thread/DEBUG] [FabricRegistrySync/]: Not saving registry: minecraft:cat_variant
[12Jul2025 20:20:57.393] [Server thread/DEBUG] [FabricRegistrySync/]: Not saving registry: minecraft:pos_rule_test
[12Jul2025 20:20:57.393] [Server thread/DEBUG] [FabricRegistrySync/]: Not saving registry: minecraft:worldgen/structure_placement
[12Jul2025 20:20:57.393] [Server thread/DEBUG] [FabricRegistrySync/]: Not saving registry: minecraft:loot_nbt_provider_type
[12Jul2025 20:20:57.393] [Server thread/DEBUG] [FabricRegistrySync/]: Not saving registry: minecraft:menu
[12Jul2025 20:20:57.393] [Server thread/DEBUG] [FabricRegistrySync/]: Not saving registry: minecraft:worldgen/trunk_placer_type
[12Jul2025 20:20:57.393] [Server thread/DEBUG] [FabricRegistrySync/]: Not saving registry: minecraft:creative_mode_tab
[12Jul2025 20:20:57.393] [Server thread/DEBUG] [FabricRegistrySync/]: Not saving registry: minecraft:worldgen/placement_modifier_type
[12Jul2025 20:20:57.393] [Server thread/DEBUG] [FabricRegistrySync/]: Not saving registry: minecraft:worldgen/carver
[12Jul2025 20:20:57.393] [Server thread/DEBUG] [FabricRegistrySync/]: Not saving registry: minecraft:loot_number_provider_type
[12Jul2025 20:20:57.393] [Server thread/DEBUG] [FabricRegistrySync/]: Not saving registry: minecraft:worldgen/structure_piece
[12Jul2025 20:20:57.393] [Server thread/DEBUG] [FabricRegistrySync/]: Not saving registry: minecraft:sound_event
[12Jul2025 20:20:57.393] [Server thread/DEBUG] [FabricRegistrySync/]: Not saving registry: minecraft:particle_type
[12Jul2025 20:20:57.393] [Server thread/DEBUG] [FabricRegistrySync/]: Not saving registry: minecraft:game_event
[12Jul2025 20:20:57.393] [Server thread/DEBUG] [FabricRegistrySync/]: Not saving registry: minecraft:worldgen/biome_source
[12Jul2025 20:20:57.393] [Server thread/DEBUG] [FabricRegistrySync/]: Not saving registry: minecraft:worldgen/root_placer_type
[12Jul2025 20:20:57.393] [Server thread/DEBUG] [FabricRegistrySync/]: Not saving registry: minecraft:villager_type
[12Jul2025 20:20:57.393] [Server thread/DEBUG] [FabricRegistrySync/]: Not saving registry: minecraft:painting_variant
[12Jul2025 20:20:57.393] [Server thread/DEBUG] [FabricRegistrySync/]: Not saving registry: forge:fluid_type
[12Jul2025 20:20:57.393] [Server thread/DEBUG] [FabricRegistrySync/]: Not saving registry: minecraft:block_predicate_type
[12Jul2025 20:20:57.393] [Server thread/DEBUG] [FabricRegistrySync/]: Not saving registry: minecraft:block
[12Jul2025 20:20:57.394] [Server thread/DEBUG] [FabricRegistrySync/]: Not saving registry: forge:entity_data_serializers
[12Jul2025 20:20:57.394] [Server thread/DEBUG] [FabricRegistrySync/]: Not saving registry: minecraft:sensor_type
[12Jul2025 20:20:57.394] [Server thread/DEBUG] [FabricRegistrySync/]: Not saving registry: minecraft:rule_test
[12Jul2025 20:20:57.394] [Server thread/DEBUG] [FabricRegistrySync/]: Not saving registry: minecraft:memory_module_type
[12Jul2025 20:20:57.394] [Server thread/DEBUG] [FabricRegistrySync/]: Not saving empty registry data
[12Jul2025 20:20:57.404] [Server thread/DEBUG] [net.minecraftforge.common.ForgeHooks/WP]: Gathering id map for writing to world save world
[12Jul2025 20:20:57.414] [Server thread/DEBUG] [net.minecraftforge.common.ForgeHooks/WP]: ID Map collection complete world
[12Jul2025 20:25:57.393] [Server thread/DEBUG] [FabricRegistrySync/]: Starting registry save
[12Jul2025 20:25:57.393] [Server thread/DEBUG] [FabricRegistrySync/]: Not saving registry: minecraft:command_argument_type
[12Jul2025 20:25:57.393] [Server thread/DEBUG] [FabricRegistrySync/]: Not saving registry: minecraft:item
[12Jul2025 20:25:57.393] [Server thread/DEBUG] [FabricRegistrySync/]: Not saving registry: minecraft:block_entity_type
[12Jul2025 20:25:57.393] [Server thread/DEBUG] [FabricRegistrySync/]: Not saving registry: minecraft:custom_stat
[12Jul2025 20:25:57.393] [Server thread/DEBUG] [FabricRegistrySync/]: Not saving registry: minecraft:worldgen/foliage_placer_type
[12Jul2025 20:25:57.394] [Server thread/DEBUG] [FabricRegistrySync/]: Not saving registry: minecraft:stat_type
[12Jul2025 20:25:57.394] [Server thread/DEBUG] [FabricRegistrySync/]: Not saving registry: minecraft:worldgen/material_rule
[12Jul2025 20:25:57.394] [Server thread/DEBUG] [FabricRegistrySync/]: Not saving registry: minecraft:worldgen/structure_type
[12Jul2025 20:25:57.394] [Server thread/DEBUG] [FabricRegistrySync/]: Not saving registry: minecraft:attribute
[12Jul2025 20:25:57.394] [Server thread/DEBUG] [FabricRegistrySync/]: Not saving registry: minecraft:position_source_type
[12Jul2025 20:25:57.394] [Server thread/DEBUG] [FabricRegistrySync/]: Not saving registry: minecraft:height_provider_type
[12Jul2025 20:25:57.394] [Server thread/DEBUG] [FabricRegistrySync/]: Not saving registry: minecraft:rule_block_entity_modifier
[12Jul2025 20:25:57.394] [Server thread/DEBUG] [FabricRegistrySync/]: Not saving registry: minecraft:worldgen/density_function_type
[12Jul2025 20:25:57.394] [Server thread/DEBUG] [FabricRegistrySync/]: Not saving registry: minecraft:fluid
[12Jul2025 20:25:57.394] [Server thread/DEBUG] [FabricRegistrySync/]: Not saving registry: forge:global_loot_modifier_serializers
[12Jul2025 20:25:57.394] [Server thread/DEBUG] [FabricRegistrySync/]: Not saving registry: minecraft:loot_condition_type
[12Jul2025 20:25:57.394] [Server thread/DEBUG] [FabricRegistrySync/]: Not saving registry: minecraft:worldgen/structure_pool_element
[12Jul2025 20:25:57.394] [Server thread/DEBUG] [FabricRegistrySync/]: Not saving registry: minecraft:activity
[12Jul2025 20:25:57.394] [Server thread/DEBUG] [FabricRegistrySync/]: Not saving registry: minecraft:recipe_serializer
[12Jul2025 20:25:57.394] [Server thread/DEBUG] [FabricRegistrySync/]: Not saving registry: minecraft:frog_variant
[12Jul2025 20:25:57.394] [Server thread/DEBUG] [FabricRegistrySync/]: Not saving registry: minecraft:banner_pattern
[12Jul2025 20:25:57.394] [Server thread/DEBUG] [FabricRegistrySync/]: Not saving registry: minecraft:instrument
[12Jul2025 20:25:57.394] [Server thread/DEBUG] [FabricRegistrySync/]: Not saving registry: minecraft:decorated_pot_patterns
[12Jul2025 20:25:57.394] [Server thread/DEBUG] [FabricRegistrySync/]: Not saving registry: minecraft:worldgen/feature_size_type
[12Jul2025 20:25:57.394] [Server thread/DEBUG] [FabricRegistrySync/]: Not saving registry: minecraft:point_of_interest_type
[12Jul2025 20:25:57.394] [Server thread/DEBUG] [FabricRegistrySync/]: Not saving registry: minecraft:mob_effect
[12Jul2025 20:25:57.394] [Server thread/DEBUG] [FabricRegistrySync/]: Not saving registry: minecraft:loot_pool_entry_type
[12Jul2025 20:25:57.394] [Server thread/DEBUG] [FabricRegistrySync/]: Not saving registry: minecraft:worldgen/block_state_provider_type
[12Jul2025 20:25:57.394] [Server thread/DEBUG] [FabricRegistrySync/]: Not saving registry: minecraft:worldgen/chunk_generator
[12Jul2025 20:25:57.394] [Server thread/DEBUG] [FabricRegistrySync/]: Not saving registry: minecraft:float_provider_type
[12Jul2025 20:25:57.394] [Server thread/DEBUG] [FabricRegistrySync/]: Not saving registry: minecraft:chunk_status
[12Jul2025 20:25:57.394] [Server thread/DEBUG] [FabricRegistrySync/]: Not saving registry: minecraft:enchantment
[12Jul2025 20:25:57.394] [Server thread/DEBUG] [FabricRegistrySync/]: Not saving registry: minecraft:loot_function_type
[12Jul2025 20:25:57.394] [Server thread/DEBUG] [FabricRegistrySync/]: Not saving registry: minecraft:worldgen/structure_processor
[12Jul2025 20:25:57.394] [Server thread/DEBUG] [FabricRegistrySync/]: Not saving registry: minecraft:loot_score_provider_type
[12Jul2025 20:25:57.394] [Server thread/DEBUG] [FabricRegistrySync/]: Not saving registry: minecraft:worldgen/tree_decorator_type
[12Jul2025 20:25:57.394] [Server thread/DEBUG] [FabricRegistrySync/]: Not saving registry: minecraft:schedule
[12Jul2025 20:25:57.394] [Server thread/DEBUG] [FabricRegistrySync/]: Not saving registry: minecraft:worldgen/material_condition
[12Jul2025 20:25:57.394] [Server thread/DEBUG] [FabricRegistrySync/]: Not saving registry: minecraft:entity_type
[12Jul2025 20:25:57.394] [Server thread/DEBUG] [FabricRegistrySync/]: Not saving registry: minecraft:villager_profession
[12Jul2025 20:25:57.394] [Server thread/DEBUG] [FabricRegistrySync/]: Not saving registry: minecraft:potion
[12Jul2025 20:25:57.394] [Server thread/DEBUG] [FabricRegistrySync/]: Not saving registry: minecraft:recipe_type
[12Jul2025 20:25:57.394] [Server thread/DEBUG] [FabricRegistrySync/]: Not saving registry: minecraft:int_provider_type
[12Jul2025 20:25:57.394] [Server thread/DEBUG] [FabricRegistrySync/]: Not saving registry: minecraft:worldgen/feature
[12Jul2025 20:25:57.394] [Server thread/DEBUG] [FabricRegistrySync/]: Not saving registry: minecraft:cat_variant
[12Jul2025 20:25:57.394] [Server thread/DEBUG] [FabricRegistrySync/]: Not saving registry: minecraft:pos_rule_test
[12Jul2025 20:25:57.394] [Server thread/DEBUG] [FabricRegistrySync/]: Not saving registry: minecraft:worldgen/structure_placement
[12Jul2025 20:25:57.394] [Server thread/DEBUG] [FabricRegistrySync/]: Not saving registry: minecraft:loot_nbt_provider_type
[12Jul2025 20:25:57.394] [Server thread/DEBUG] [FabricRegistrySync/]: Not saving registry: minecraft:menu
[12Jul2025 20:25:57.394] [Server thread/DEBUG] [FabricRegistrySync/]: Not saving registry: minecraft:worldgen/trunk_placer_type
[12Jul2025 20:25:57.394] [Server thread/DEBUG] [FabricRegistrySync/]: Not saving registry: minecraft:creative_mode_tab
[12Jul2025 20:25:57.394] [Server thread/DEBUG] [FabricRegistrySync/]: Not saving registry: minecraft:worldgen/placement_modifier_type
[12Jul2025 20:25:57.394] [Server thread/DEBUG] [FabricRegistrySync/]: Not saving registry: minecraft:worldgen/carver
[12Jul2025 20:25:57.394] [Server thread/DEBUG] [FabricRegistrySync/]: Not saving registry: minecraft:loot_number_provider_type
[12Jul2025 20:25:57.394] [Server thread/DEBUG] [FabricRegistrySync/]: Not saving registry: minecraft:worldgen/structure_piece
[12Jul2025 20:25:57.394] [Server thread/DEBUG] [FabricRegistrySync/]: Not saving registry: minecraft:sound_event
[12Jul2025 20:25:57.394] [Server thread/DEBUG] [FabricRegistrySync/]: Not saving registry: minecraft:particle_type
[12Jul2025 20:25:57.394] [Server thread/DEBUG] [FabricRegistrySync/]: Not saving registry: minecraft:game_event
[12Jul2025 20:25:57.394] [Server thread/DEBUG] [FabricRegistrySync/]: Not saving registry: minecraft:worldgen/biome_source
[12Jul2025 20:25:57.395] [Server thread/DEBUG] [FabricRegistrySync/]: Not saving registry: minecraft:worldgen/root_placer_type
[12Jul2025 20:25:57.395] [Server thread/DEBUG] [FabricRegistrySync/]: Not saving registry: minecraft:villager_type
[12Jul2025 20:25:57.395] [Server thread/DEBUG] [FabricRegistrySync/]: Not saving registry: minecraft:painting_variant
[12Jul2025 20:25:57.395] [Server thread/DEBUG] [FabricRegistrySync/]: Not saving registry: forge:fluid_type
[12Jul2025 20:25:57.395] [Server thread/DEBUG] [FabricRegistrySync/]: Not saving registry: minecraft:block_predicate_type
[12Jul2025 20:25:57.395] [Server thread/DEBUG] [FabricRegistrySync/]: Not saving registry: minecraft:block
[12Jul2025 20:25:57.395] [Server thread/DEBUG] [FabricRegistrySync/]: Not saving registry: forge:entity_data_serializers
[12Jul2025 20:25:57.395] [Server thread/DEBUG] [FabricRegistrySync/]: Not saving registry: minecraft:sensor_type
[12Jul2025 20:25:57.395] [Server thread/DEBUG] [FabricRegistrySync/]: Not saving registry: minecraft:rule_test
[12Jul2025 20:25:57.395] [Server thread/DEBUG] [FabricRegistrySync/]: Not saving registry: minecraft:memory_module_type
[12Jul2025 20:25:57.395] [Server thread/DEBUG] [FabricRegistrySync/]: Not saving empty registry data
[12Jul2025 20:25:57.409] [Server thread/DEBUG] [net.minecraftforge.common.ForgeHooks/WP]: Gathering id map for writing to world save world
[12Jul2025 20:25:57.424] [Server thread/DEBUG] [net.minecraftforge.common.ForgeHooks/WP]: ID Map collection complete world
